% Model,linear_microstrip_arrayv2.mph
% Version,COMSOL 6.3.0.290
% Date,"Nov 25 2025, 01:27"
% Table,Table 2 - Global Evaluation 1
% Lp (m),Wp (m),Wf (m),hs (m),er,Ls (m),Ws (m),tp (m),tg (m),Lf (m),freq (GHz),S11(geometry) (1),Voltage standing wave ratio(geometry) (1),Lumped port 1 power(geometry) (W),"Maximum gain, dB(radiation) (1)",Maximum directivity(radiation) (1),"Maximum directivity, dB(radiation) (1)","Total radiated power, dB(radiation) (W)",real part of zero impedence(geometry) (Ω),imaginarygeometry) (Ω),(radiation) (1),Frequency (Hz)
0.0037,0.0057,0.0002000000000000000,0.001574,3,0.029500000000000002,0.007,0.00003500000000000000,0.0005000000000000000,0.001,16,-9.123252269826725,2.076043617582667,0.008776300526959567,-5.849803356833777,5.996627711103428,7.779070873516634,-34.195759366625815,81.18373078080953,35.937463043865534,0.04336232667942401,16000000000.00000
0.0037,0.0057,0.0002000000000000000,0.001574,3,0.029500000000000002,0.007,0.00003500000000000000,0.0005000000000000000,0.001,16.04054054054054,-9.143984959384996,2.0721030499715374,0.008782128397347091,-5.8075646478205005,5.926465530675198,7.7279576281439235,-34.0995244526603,81.41062576951767,35.655500789772134,0.04430449313732497,16040540540.54054
0.0037,0.0057,0.0002000000000000000,0.001574,3,0.029500000000000002,0.007,0.00003500000000000000,0.0005000000000000000,0.001,16.08108108108108,-9.165352770081851,2.0680621107539503,0.00878810575534849,-5.765010126689228,5.848575431274377,7.670500955388656,-33.99655833663225,81.6328568105853,35.366982151564976,0.04533659420833553,16081081081.08108
0.0037,0.0057,0.0002000000000000000,0.001574,3,0.029500000000000002,0.007,0.00003500000000000000,0.0005000000000000000,0.001,16.121621621621625,-9.187393407908056,2.0639154143836116,0.008794240592008475,-5.7218524826580985,5.763616427401187,7.606950705100863,-33.88681975941783,81.84992356596626,35.071865578199215,0.04646433022180993,16121621621.62162
0.0037,0.0057,0.0002000000000000000,0.001574,3,0.029500000000000002,0.007,0.00003500000000000000,0.0005000000000000000,0.001,16.162162162162165,-9.210143928568039,2.05965787800475,0.008800540448531468,-5.677816018302452,5.67234329660143,7.537625069613226,-33.770347654357344,82.06128763919504,34.77015418886753,0.04769313724840844,16162162162.16216
0.0037,0.0057,0.0002000000000000000,0.001574,3,0.029500000000000002,0.007,0.00003500000000000000,0.0005000000000000000,0.001,16.202702702702705,-9.233640249961804,2.0552848156622194,0.008807012275292361,-5.632640164973505,5.575587655370046,7.462906478698679,-33.6472606269983,82.26637414887317,34.461902593162144,0.0490281307514982,16202702702.70270
0.0037,0.0057,0.0002000000000000000,0.001574,3,0.029500000000000002,0.007,0.00003500000000000000,0.0005000000000000000,0.001,16.243243243243246,-9.25791654574193,2.0507920512404563,0.008813662262878514,-5.586082981256977,5.474237437712285,7.3832363042374105,-33.51775524101948,82.46457405328385,34.14722446729748,0.05047404045298637,16243243243.24324
0.0037,0.0057,0.0002000000000000000,0.001574,3,0.029500000000000002,0.007,0.00003500000000000000,0.0005000000000000000,0.001,16.283783783783782,-9.283004497438402,2.0461760530177515,0.008820495640880048,-5.537924643211003,5.369215810827944,7.2991086039238295,-33.382103350404876,82.6552474651336,33.82630088892379,0.052035133760310125,16283783783.78378
0.0037,0.0057,0.0002000000000000000,0.001574,3,0.029500000000000002,0.007,0.00003500000000000000,0.0005000000000000000,0.001,16.324324324324326,-9.308932379620536,2.041434092968107,0.008827516439794089,-5.4879709513594985,5.261460494425394,7.211063138549148,-33.24064873952898,82.8377282369034,33.49938940211453,0.05371512503679154,16324324324.32432
0.0037,0.0057,0.0002000000000000000,0.001574,3,0.029500000000000002,0.007,0.00003500000000000000,0.0005000000000000000,0.001,16.364864864864867,-9.335723950439395,2.0365644339787905,0.00883472721137397,-5.43605689225625,5.151904319344137,7.119677887526237,-33.09380333577713,83.01133014238599,33.166833734661346,0.05551706802359151,16364864864.86486
0.0037,0.0057,0.0002000000000000000,0.001574,3,0.029500000000000002,0.007,0.00003500000000000000,0.0005000000000000000,0.001,16.405405405405407,-9.363397119280366,2.0315665478808573,0.008842128703181518,-5.382050299673434,5.04145768712503,7.02556126513708,-32.94204324414204,83.17535502423914,32.82907401790247,0.05744322887143053,16405405405.40541
0.0037,0.0057,0.0002000000000000000,0.001574,3,0.029500000000000002,0.007,0.00003500000000000000,0.0005000000000000000,0.001,16.445945945945947,-9.391962365042138,2.0264413664801184,0.008849719484187498,-5.3258556606588945,4.930993394488774,6.929344207548253,-32.78590482043638,83.32910331429451,32.486657260723184,0.059494937575224276,16445945945.94595
0.0037,0.0057,0.0002000000000000000,0.001574,3,0.029500000000000002,0.007,0.00003500000000000000,0.0005000000000000000,0.001,16.486486486486488,-9.421420883840655,2.021191566477529,0.008857495520234569,-5.267418101768904,4.821334086062953,6.831672262157521,-32.625980950359,83.47188735348345,32.140247701362256,0.0616724162102333,16486486486.48649
0.0037,0.0057,0.0002000000000000000,0.001574,3,0.029500000000000002,0.007,0.00003500000000000000,0.0005000000000000000,0.001,16.527027027027028,-9.451762455116159,2.0158218871020455,0.008865449701293628,-5.206727568959454,4.713242411478713,6.733197769673973,-32.46291763713393,83.6030479297979,31.790636501631717,0.06397458335242104,16527027027.02703
0.0037,0.0057,0.0002000000000000000,0.001574,3,0.029500000000000002,0.007,0.00003500000000000000,0.0005000000000000000,0.001,16.56756756756757,-9.482963031657421,2.0103394762880766,0.008873571326941037,-5.143823179443176,4.607413802521502,6.634572189992092,-32.29741092373603,83.72197439980587,31.43875006184784,0.06639883553977038,16567567567.56757
0.0037,0.0057,0.0002000000000000000,0.001574,3,0.029500000000000002,0.007,0.00003500000000000000,0.0005000000000000000,0.001,16.60810810810811,-9.514982083421835,2.0047542571870136,0.008881845562541138,-5.078797673368754,4.504471662144754,6.536438590950721,-32.130204090374235,83.8281286457573,31.085656029376295,0.0689408087061598,16608108108.10811
0.0037,0.0057,0.0002000000000000000,0.001574,3,0.029500000000000002,0.007,0.00003500000000000000,0.0005000000000000000,0.001,16.64864864864865,-9.547759758374358,1.9990793016677302,0.008890252886289631,-5.011801829310704,4.404964673520874,6.439424298521601,-31.9620849798181,83.9210729283975,30.73256586622652,0.07159412525842898,16648648648.64865
0.0037,0.0057,0.0002000000000000000,0.001574,3,0.029500000000000002,0.007,0.00003500000000000000,0.0005000000000000000,0.001,16.68918918918919,-9.58121396633065,1.9933311913356186,0.008898768556390869,-4.9430486314040865,4.3093658955789085,6.344133703205662,-31.793883218908526,84.00050141233528,30.380832656706385,0.07435013587609912,16689189189.18919
0.0037,0.0057,0.0002000000000000000,0.001574,3,0.029500000000000002,0.007,0.00003500000000000000,0.0005000000000000000,0.001,16.729729729729733,-9.615237543256374,1.9875303397755675,0.008907362137755153,-4.872816892303197,4.218073308038645,6.251141232934635,-31.626467031705904,84.06627475934049,30.03194270951565,0.07719766909893037,16729729729.72973
0.0037,0.0057,0.0002000000000000000,0.001574,3,0.029500000000000002,0.007,0.00003500000000000000,0.0005000000000000000,0.001,16.770270270270274,-9.649695711292846,1.9817012427249732,0.008915997137909469,-4.757026077498717,4.173892324462521,6.205412412088464,-31.460739285615915,84.11845671050413,29.6874994814135,0.08012280611479419,16770270270.27027
0.0037,0.0057,0.0002000000000000000,0.001574,3,0.029500000000000002,0.007,0.00003500000000000000,0.0005000000000000000,0.001,16.81081081081081,-9.684424109301133,1.975872616517424,0.008924630811091669,-4.6316798129681285,4.141765598244226,6.171855165106745,-31.297632382916966,84.15735103253552,29.349198467458564,0.08310870251357172,16810810810.81081
0.0037,0.0057,0.0002000000000000000,0.001574,3,0.029500000000000002,0.007,0.00003500000000000000,0.0005000000000000000,0.001,16.85135135135135,-9.719227722595111,1.9700773804965925,0.008933214196109596,-4.507645250524967,4.112002627604073,6.140533835051145,-31.138101611495404,84.18353662754123,29.018792009823212,0.08613548262316041,16851351351.35135
0.0037,0.0057,0.0002000000000000000,0.001574,3,0.029500000000000002,0.007,0.00003500000000000000,0.0005000000000000000,0.001,16.89189189189189,-9.753881078462836,1.9643524375274564,0.008941692455494244,-4.386122131795663,4.084314495913251,6.11119175770659,-30.983116604767705,84.19789806274684,28.698043506928222,0.08918023471654711,16891891891.89189
0.0037,0.0057,0.0002000000000000000,0.001574,3,0.029500000000000002,0.007,0.00003500000000000000,0.0005000000000000000,0.001,16.93243243243243,-9.788130082969982,1.958738209743174,0.008950005578539328,-4.268351790898545,4.058384498679327,6.083531904903828,-30.83365063568332,84.20164835045128,28.3886712716642,0.09221713605713718,16932432432.43243
0.0037,0.0057,0.0002000000000000000,0.001574,3,0.029500000000000002,0.007,0.00003500000000000000,0.0005000000000000000,0.001,16.972972972972975,-9.821695839578124,1.9532778957691905,0.008958089496819244,-4.155592436065697,4.033879419674644,6.057229121829934,-30.690667587903388,84.19634059912343,28.092283275991303,0.09521773451023251,16972972972.97297
0.0037,0.0057,0.0002000000000000000,0.001574,3,0.029500000000000002,0.007,0.00003500000000000000,0.0005000000000000000,0.001,17.013513513513516,-9.854280697307164,1.9480164320196687,0.008965877636099167,-4.0490922732119055,4.010460483574639,6.031942414465675,-30.55510661332405,84.18386526982277,27.810305170184304,0.09815140737110689,17013513513.51351
0.0037,0.0057,0.0002000000000000000,0.001574,3,0.029500000000000002,0.007,0.00003500000000000000,0.0005000000000000000,0.001,17.054054054054056,-9.885576615931539,1.9429991646856342,0.008973302892700784,-3.9500610488520183,3.9877937895493774,6.0073269267465665,-30.42786470006208,84.16643030210486,27.543905170825294,0.10098600745609027,17054054054.05405
0.0037,0.0057,0.0002000000000000000,0.001574,3,0.029500000000000002,0.007,0.00003500000000000000,0.0005000000000000000,0.001,17.094594594594597,-9.915275708512123,1.9382702697989953,0.008980299976881984,-3.8596407260809142,3.965560086870905,5.983045347706687,-30.30977763347364,84.14652237755166,27.29392051031304,0.1036886911874158,17094594594.59460
0.0037,0.0057,0.0002000000000000000,0.001574,3,0.029500000000000002,0.007,0.00003500000000000000,0.0005000000000000000,0.001,17.135135135135137,-9.943082542700544,1.9338709936110439,0.00898680801465844,-3.7788761814522465,3.943463790271995,5.958778573955264,-30.201600115917536,84.12684905840214,27.060790932733344,0.10622690409263431,17135135135.13514
0.0037,0.0057,0.0002000000000000000,0.001574,3,0.029500000000000002,0.007,0.00003500000000000000,0.0005000000000000000,0.001,17.175675675675677,-9.96872748580443,1.929837819800215,0.008992773249669047,-3.708686993105296,3.921241154890248,5.934235520726005,-30.103986084487246,84.1102633719313,26.84450499287035,0.1085694777159248,17175675675.67568
0.0037,0.0057,0.0002000000000000000,0.001574,3,0.029500000000000002,0.007,0.00003500000000000000,0.0005000000000000000,0.001,17.216216216216218,-9.991980115555233,1.9262006975078658,0.00899815164726107,-3.649841532434434,3.8986675464277756,5.909162028956666,-30.017470480147658,84.09967440143701,26.644564491982923,0.11068777151737602,17216216216.21622
0.0037,0.0057,0.0002000000000000000,0.001574,3,0.029500000000000002,0.007,0.00003500000000000000,0.0005000000000000000,0.001,17.256756756756758,-10.012661549141002,1.9229814781472427,0.009002911183693308,-3.6029346082817595,3.875563766135885,5.883348868972821,-29.94245381999616,84.09794929474562,26.459971182131195,0.1125567778936294,17256756756.75676
0.0037,0.0057,0.0002000000000000000,0.001574,3,0.029500000000000002,0.007,0.00003500000000000000,0.0005000000000000000,0.001,17.2972972972973,-10.03065452203839,1.9201927038059903,0.00900703361209473,-3.5683697876767857,3.851801431728758,5.856638902574573,-29.879190855951492,84.1078134702206,26.28923795106822,0.11415610203480213,17297297297.29730
0.0037,0.0057,0.0002000000000000000,0.001574,3,0.029500000000000002,0.007,0.00003500000000000000,0.0005000000000000000,0.001,17.33783783783784,-10.045910206906052,1.917836863421462,0.009010515536872744,-3.5463472017191227,3.8273074765158768,5.828933537818719,-29.827784340940674,84.1317563823156,26.13042428588429,0.11547073389142815,17337837837.83784
0.0037,0.0057,0.0002000000000000000,0.001574,3,0.029500000000000002,0.007,0.00003500000000000000,0.0005000000000000000,0.001,17.378378378378383,-10.058451094459906,1.9159061868321186,0.009013368696357446,-3.536857152946844,3.80206790266227,5.800198688387863,-29.78818447670414,84.17194981754325,25.98119327143155,0.11649154784779306,17378378378.37838
0.0037,0.0057,0.0002000000000000000,0.001574,3,0.029500000000000002,0.007,0.00003500000000000000,0.0005000000000000000,0.001,17.41891891891892,-10.068369713142815,1.9143829881137577,0.009015619439507195,-3.5396792396926346,3.7761309901814006,5.770470511255693,-29.760194037792125,84.23018432880396,25.83888514224674,0.11721549472723788,17418918918.91892
0.0037,0.0057,0.0002000000000000000,0.001574,3,0.029500000000000002,0.007,0.00003500000000000000,0.0005000000000000000,0.001,17.459459459459463,-10.075823459086397,1.9132405085751614,0.00901730747148432,-3.528339393879264,3.7721659734957504,5.765907932348428,-29.74347854153995,84.3078272902129,25.700600871630893,0.11764548578688178,17459459459.45946
0.0037,0.0057,0.0002000000000000000,0.001574,3,0.029500000000000002,0.007,0.00003500000000000000,0.0005000000000000000,0.001,17.5,-10.081026246610328,1.9124441576322204,0.009018484018589278,-3.5250950795533615,3.7703533993876066,5.763820590150299,-29.737580269554233,84.40580354150657,25.563288708322833,0.11779000305047799,17500000000.00000
0.0037,0.0057,0.0002000000000000000,0.001574,3,0.029500000000000002,0.007,0.00003500000000000000,0.0005000000000000000,0.001,17.540540540540544,-10.084237991080844,1.9119530156604614,0.009019209612236692,-3.529802483825084,3.7703501621040596,5.763816861229333,-29.741934541789714,84.52459714271305,25.423827012266813,0.11766249831983347,17540540540.54054
0.0037,0.0057,0.0002000000000000000,0.001574,3,0.029500000000000002,0.007,0.00003500000000000000,0.0005000000000000000,0.001,17.581081081081084,-10.085753055224957,1.9117214516132806,0.009019551707577065,-3.5416447201728793,3.7723252241598653,5.766091275884428,-29.75588646959904,84.66427079002221,25.279098036948398,0.11728065975336852,17581081081.08108
0.0037,0.0057,0.0002000000000000000,0.001574,3,0.029500000000000002,0.007,0.00003500000000000000,0.0005000000000000000,0.001,17.62162162162162,-10.085888727486312,1.9117007190845277,0.009019582336001962,-3.559692880006664,3.776485216285546,5.770877889145112,-29.7787064950278,84.82449823353328,25.12604913306804,0.11666562798204191,17621621621.62162
0.0037,0.0057,0.0002000000000000000,0.001574,3,0.029500000000000002,0.007,0.00003500000000000000,0.0005000000000000000,0.001,17.662162162162165,-10.08497459721334,1.9118404223348178,0.009019375949820982,-3.58291498722693,3.7830782533569987,5.778453248110208,-29.80960333766064,85.00460467809907,24.9617398157386,0.11584123433659206,17662162162.16216
0.0037,0.0057,0.0002000000000000000,0.001574,3,0.029500000000000002,0.007,0.00003500000000000000,0.0005000000000000000,0.001,17.7027027027027,-10.083343410621598,1.9120897805734745,0.009019007563552357,-3.6101837664878973,3.792396351057859,5.7891372003787005,-29.8477334555103,85.20361054751704,24.783374880539114,0.1148333152975186,17702702702.70270
0.0037,0.0057,0.0002000000000000000,0.001574,3,0.029500000000000002,0.007,0.00003500000000000000,0.0005000000000000000,0.001,17.743243243243246,-10.081323701263623,1.9123986560870414,0.009018551241754675,-3.6402843807488408,3.8047752575891423,5.80329008735632,-29.892206696061564,85.42027491975692,24.58832501615309,0.11366913449714779,17743243243.24324
0.0037,0.0057,0.0002000000000000000,0.001574,3,0.029500000000000002,0.007,0.00003500000000000000,0.0005000000000000000,0.001,17.783783783783782,-10.079234243597398,1.912718342838896,0.009018078938028256,-3.6719238878903133,3.820590409327683,5.821304811577736,-29.942088374458812,85.65313610345619,24.37413703061018,0.11237692133815605,17783783783.78378
0.0037,0.0057,0.0002000000000000000,0.001574,3,0.029500000000000002,0.007,0.00003500000000000000,0.0005000000000000000,0.001,17.824324324324326,-10.077380209606437,1.9130021329919942,0.00901765965946224,-3.7037444417239755,3.8402477609652648,5.843592446146458,-29.996398484580826,85.90054794319246,24.138535914958002,0.11098551745281462,17824324324.32433
0.0037,0.0057,0.0002000000000000000,0.001574,3,0.029500000000000002,0.007,0.00003500000000000000,0.0005000000000000000,0.001,17.864864864864867,-10.0760508238644,1.913205688515007,0.009017358916720081,-3.734342126372709,3.8641684469985536,5.870560499399984,-30.054109063934558,86.16071130008652,23.87942065085443,0.10952411117601109,17864864864.86486
0.0037,0.0057,0.0002000000000000000,0.001574,3,0.029500000000000002,0.007,0.00003500000000000000,0.0005000000000000000,0.001,17.905405405405407,-10.075518300298931,1.9132872452361274,0.009017238419767419,-3.7622927400449404,3.8927665962070956,5.9025836492594,-30.114140861655333,86.43170064187326,23.5948551232042,0.10802203661241705,17905405405.40541
0.0037,0.0057,0.0002000000000000000,0.001574,3,0.029500000000000002,0.007,0.00003500000000000000,0.0005000000000000000,0.001,17.945945945945947,-10.076037881491297,1.9132076705439378,0.009017355988355354,-3.7861848943953054,3.926420111406882,5.939967655402536,-30.17536039832036,86.7114857810264,23.28305492656172,0.10650861689057117,17945945945.94595
0.0037,0.0057,0.0002000000000000000,0.001574,3,0.029500000000000002,0.007,0.00003500000000000000,0.0005000000000000000,0.001,17.986486486486488,-10.07784886308942,1.9129303869862013,0.009017765659515696,-3.804659606971083,3.9654347930608114,5.982908128073668,-30.23657828196005,86.99794859162493,22.94237041882075,0.105013038920578,17986486486.48649
0.0037,0.0057,0.0002000000000000000,0.001574,3,0.029500000000000002,0.007,0.00003500000000000000,0.0005000000000000000,0.001,18.027027027027028,-10.081176549997071,1.9124211653977532,0.009018517986928619,-3.8164543408381664,4.0100027666557,6.0314467225681305,-30.296549305480276,87.28889413555707,22.57126617919862,0.10356425697419515,18027027027.02703
0.0037,0.0057,0.0002000000000000000,0.001574,3,0.029500000000000002,0.007,0.00003500000000000000,0.0005000000000000000,0.001,18.06756756756757,-10.086235143119461,1.9116477849696714,0.00901966053604248,-3.8204484135966883,4.060156717963798,6.085427972307208,-30.353974458485446,87.58205517011464,22.168297101525464,0.1021909323281384,18067567567.56757
0.0037,0.0057,0.0002000000000000000,0.001574,3,0.029500000000000002,0.007,0.00003500000000000000,0.0005000000000000000,0.001,18.10810810810811,-10.093231589874485,1.910579554683642,0.009021238583036842,-3.815706068651493,4.1157219084813805,6.144460226277786,-30.407504608145107,87.87508860556314,21.73208167288758,0.10092142416934101,18108108108.10811
0.0037,0.0057,0.0002000000000000000,0.001574,3,0.029500000000000002,0.007,0.00003500000000000000,0.0005000000000000000,0.001,18.14864864864865,-10.10237045026716,1.9091866904848402,0.009023296025551655,-3.8015134139979607,4.176268322403196,6.207883940161124,-30.45574529998191,88.16556220717828,21.261273487941594,0.099783851861248,18148648648.64865
0.0037,0.0057,0.0002000000000000000,0.001574,3,0.029500000000000002,0.007,0.00003500000000000000,0.0005000000000000000,0.001,18.18918918918919,-10.113859839550223,1.9074395444726937,0.009025876509995357,-3.777405925895297,4.241065594181148,6.274749895006478,-30.497261947843466,88.45092971798664,20.754532663143802,0.0988062502523115,18189189189.18919
0.0037,0.0057,0.0002000000000000000,0.001574,3,0.029500000000000002,0.007,0.00003500000000000000,0.0005000000000000000,0.001,18.22972972972973,-10.127918516967402,1.9053076849796786,0.009029024776047995,-3.669136632326499,4.38314307047818,6.41785646721747,-30.530584652059105,88.72849260546394,20.210499488596255,0.09801683842435345,18229729729.72973
0.0037,0.0057,0.0002000000000000000,0.001574,3,0.029500000000000002,0.007,0.00003500000000000000,0.0005000000000000000,0.001,18.270270270270274,-10.144784205555545,1.902758828616411,0.009032788215234334,-3.4969262571913857,4.587228814979892,6.61550403660366,-30.554212015928194,88.99534677509943,19.62777337340027,0.09744441902146374,18270270270.27027
0.0037,0.0057,0.0002000000000000000,0.001574,3,0.029500000000000002,0.007,0.00003500000000000000,0.0005000000000000000,0.001,18.31081081081081,-10.164723255797806,1.899757626611835,0.0090372186379463,-3.323828387969981,4.789755141217929,6.80313312258823,-30.566613617367477,89.2483128185835,19.004900929545972,0.09711892105304001,18310810810.81081
0.0037,0.0057,0.0002000000000000000,0.001574,3,0.029500000000000002,0.007,0.00003500000000000000,0.0005000000000000000,0.001,18.351351351351354,-10.188041808273681,1.8962643081389023,0.009042374241861316,-3.1502439946055434,4.987480372863889,6.9788119962740005,-30.566231216260398,89.48384867296465,18.340377966954154,0.09707209461729586,18351351351.35135
0.0037,0.0057,0.0002000000000000000,0.001574,3,0.029500000000000002,0.007,0.00003500000000000000,0.0005000000000000000,0.001,18.39189189189189,-10.215098666057592,1.8922331835875035,0.009048321773024169,-2.9765363439422154,5.176811283224581,7.140623333905754,-30.551479313752434,89.69794400943708,17.63267133542732,0.09733836166590007,18391891891.89189
0.0037,0.0057,0.0002000000000000000,0.001574,3,0.029500000000000002,0.007,0.00003500000000000000,0.0005000000000000000,0.001,18.432432432432435,-10.246320151526014,1.8876110124959729,0.009055138866440597,-2.80307246029822,5.353804381356893,7.286624987804407,-30.520746299208245,89.88599636553987,16.880268064927844,0.09795582241012543,18432432432.43243
0.0037,0.0057,0.0002000000000000000,0.001574,3,0.029500000000000002,0.007,0.00003500000000000000,0.0005000000000000000,0.001,18.472972972972975,-10.282217284805862,1.8823352465533447,0.009062916541960746,-2.6302686423961523,5.514179838278242,7.414809259877905,-30.472398095207744,90.04267019918936,16.081761235463095,0.09896741112706821,18472972972.97297
0.0037,0.0057,0.0002000000000000000,0.001574,3,0.029500000000000002,0.007,0.00003500000000000000,0.0005000000000000000,0.001,18.513513513513516,-10.323405664432014,1.8763321715596275,0.009071761807511965,-2.4586405824952444,5.653355186287564,7.523062719626646,-30.40478691555805,90.1617420223291,15.235984540275547,0.10042218574141076,18513513513.51352
0.0037,0.0057,0.0002000000000000000,0.001574,3,0.029500000000000002,0.007,0.00003500000000000000,0.0005000000000000000,0.001,18.554054054054056,-10.370628422045238,1.8695149993859803,0.009081800276191876,-2.2888594832142974,5.766507286226788,7.609128451139689,-30.316268466192508,90.23593809388244,14.34221059766247,0.10237671888874088,18554054054.05405
0.0037,0.0057,0.0002000000000000000,0.001574,3,0.029500000000000002,0.007,0.00003500000000000000,0.0005000000000000000,0.001,18.594594594594597,-10.424782502133398,1.861782010977506,0.009093178622272585,-2.099636516879842,5.878617917140518,7.6927523398225475,-30.205231634154277,90.25677658587212,13.40043154917283,0.10489652817748492,18594594594.59460
0.0037,0.0057,0.0002000000000000000,0.001574,3,0.029500000000000002,0.007,0.00003500000000000000,0.0005000000000000000,0.001,18.635135135135137,-10.486948175454929,1.8530149385522214,0.00910606656223882,-1.904323823818868,5.969156711723239,7.759129808255406,-30.070145426791107,90.214434765818,12.411743825635167,0.10805743064047495,18635135135.13514
0.0037,0.0057,0.0002000000000000000,0.001574,3,0.029500000000000002,0.007,0.00003500000000000000,0.0005000000000000000,0.001,18.675675675675677,-10.558420938007595,1.8430779206606258,0.009120657819099232,-1.7111836056684437,6.023801694572195,7.798706663183731,-29.90962864334978,90.09767496957299,11.378860939486234,0.11194661681359261,18675675675.67567
0.0037,0.0057,0.0002000000000000000,0.001574,3,0.029500000000000002,0.007,0.00003500000000000000,0.0005000000000000000,0.001,18.716216216216218,-10.64074344587057,1.831817597762882,0.009137169168345822,-1.5222706571912104,6.03725396226032,7.808394452071953,-29.72254845279096,89.89388255276718,10.30677630814548,0.11666309372723208,18716216216.21622
0.0037,0.0057,0.0002000000000000000,0.001574,3,0.029500000000000002,0.007,0.00003500000000000000,0.0005000000000000000,0.001,18.756756756756758,-10.735732348570565,1.8190652764764017,0.00915583612101847,-1.340168437264702,6.004773408237474,7.784966238273837,-29.508154568555796,89.58929580354166,9.203587929987924,0.12231691877544278,18756756756.75676
0.0037,0.0057,0.0002000000000000000,0.001574,3,0.029500000000000002,0.007,0.00003500000000000000,0.0005000000000000000,0.001,18.7972972972973,-10.845489976962348,1.8046426152029242,0.00917690303124076,-1.1681368511336843,5.922540261527251,7.725080217459526,-29.266255641512544,89.1695413740427,8.081470786468424,0.1290263147530046,18797297297.29730
0.0037,0.0057,0.0002000000000000000,0.001574,3,0.029500000000000002,0.007,0.00003500000000000000,0.0005000000000000000,0.001,18.83783783783784,-10.972382662286433,1.7883729833325477,0.009200604436323354,-1.0102892927856684,5.7880426470097746,7.625317223939212,-28.99744292290216,88.62062386180367,6.957730287839316,0.1369113170667314,18837837837.83784
0.0037,0.0057,0.0002000000000000000,0.001574,3,0.029500000000000002,0.007,0.00003500000000000000,0.0005000000000000000,0.001,18.878378378378383,-11.118954730260164,1.7701014426029646,0.009227133422019224,-0.8717933641822035,5.600458866010735,7.4822361179409,-28.703361477670988,87.93053985590356,5.855778162281924,0.14608211626731024,18878378378.37838
0.0037,0.0057,0.0002000000000000000,0.001574,3,0.029500000000000002,0.007,0.00003500000000000000,0.0005000000000000000,0.001,18.91891891891892,-11.2877293448334,1.7497269037062546,0.009256592282132397,-0.7590769703536814,5.360993688826867,7.292452959570211,-28.3870185787054,87.09166415658207,4.8057326951688335,0.15661992332129898,18918918918.91892
0.0037,0.0057,0.0002000000000000000,0.001574,3,0.029500000000000002,0.007,0.00003500000000000000,0.0005000000000000000,0.001,18.959459459459463,-11.48082673466022,1.7272497346010618,0.009288921861978973,-0.6086055026563104,5.1572082153261345,7.124146658146524,-28.053099064531285,86.1039382627978,3.8441701181459145,0.16854845810724575,18959459459.45946
0.0037,0.0057,0.0002000000000000000,0.001574,3,0.029500000000000002,0.007,0.00003500000000000000,0.0005000000000000000,0.001,19,-11.699317037141979,1.7028356599962196,0.00932381069678477,-0.1817042210763009,5.275281386150647,7.222456300727121,-27.708226048109807,84.97861784398623,3.0124019952122874,0.18179584280417008,19000000000.00000
0.0037,0.0057,0.0002000000000000000,0.0018000000000000002,3,0.029500000000000002,0.007,0.00003500000000000000,0.0005000000000000000,0.001,16,-6.590051738524593,2.761315650514375,0.007807221187895661,-3.6952626275068785,5.356209952276474,7.288575921129469,-32.05887371243411,105.37525041895302,53.41194052176789,0.07972896844983839,16000000000.00000
0.0037,0.0057,0.0002000000000000000,0.0018000000000000002,3,0.029500000000000002,0.007,0.00003500000000000000,0.0005000000000000000,0.001,16.04054054054054,-6.6092503812338945,2.7540163759009273,0.00781689330314362,-3.637439416515747,5.279466404148684,7.225900305936098,-31.932997881595053,105.82188408566057,52.86508521822389,0.08197209368910274,16040540540.54054
0.0037,0.0057,0.0002000000000000000,0.0018000000000000002,3,0.029500000000000002,0.007,0.00003500000000000000,0.0005000000000000000,0.001,16.08108108108108,-6.629513864816934,2.746360295185395,0.007827055602387969,-3.5782076953466886,5.19791629996872,7.158292819456042,-31.800516324776076,106.25501951898566,52.29788655637515,0.08440145791704591,16081081081.08108
0.0037,0.0057,0.0002000000000000000,0.0018000000000000002,3,0.029500000000000002,0.007,0.00003500000000000000,0.0005000000000000000,0.001,16.121621621621625,-6.65090835184378,2.7383299483769963,0.007837733773967437,-3.5174541341801313,5.111952550226956,7.085868139941937,-31.661417197959484,106.67261153605428,51.71036619839654,0.08702975733634655,16121621621.62162
0.0037,0.0057,0.0002000000000000000,0.0018000000000000002,3,0.029500000000000002,0.007,0.00003500000000000000,0.0005000000000000000,0.001,16.162162162162165,-6.673499912703265,2.7299088701478684,0.007848952460224334,-3.4440105133062615,5.034845221166098,7.019861242189943,-31.515754769063378,107.07243907313548,51.102759177414335,0.08986960325997867,16162162162.16216
0.0037,0.0057,0.0002000000000000000,0.0018000000000000002,3,0.029500000000000002,0.007,0.00003500000000000000,0.0005000000000000000,0.001,16.202702702702705,-6.697352832034072,2.721082268080174,0.007860734354919333,-3.366011821897476,4.95709928895694,6.952276177581394,-31.363656799399497,107.45210938167408,50.47556487701976,0.09293326600147901,16202702702.70270
0.0037,0.0057,0.0002000000000000000,0.0018000000000000002,3,0.029500000000000002,0.007,0.00003500000000000000,0.0005000000000000000,0.001,16.243243243243246,-6.722527259837379,2.711837910626433,0.007873099006990751,-3.288014159273553,4.87391163522034,6.878776510932514,-31.205333541381727,107.80907153000994,49.82960603511247,0.09623231489179127,16243243243.24324
0.0037,0.0057,0.0002000000000000000,0.0018000000000000002,3,0.029500000000000002,0.007,0.00003500000000000000,0.0005000000000000000,0.001,16.283783783783782,-6.749076048148197,2.7021672636968237,0.007886061272237054,-3.210379479491967,4.785541122723558,6.79931052525766,-31.041088533918252,108.14064277609022,49.16609536264429,0.0997771281241231,16283783783.78378
0.0037,0.0057,0.0002000000000000000,0.0018000000000000002,3,0.029500000000000002,0.007,0.00003500000000000000,0.0005000000000000000,0.001,16.324324324324326,-6.7770406055765475,2.692066911482975,0.007899629357272819,-3.1335743742948114,4.692263556455374,6.713823977102512,-30.871331200349147,108.44405205266382,48.486708337766615,0.10357624561582142,16324324324.32432
0.0037,0.0057,0.0002000000000000000,0.0018000000000000002,3,0.029500000000000002,0.007,0.00003500000000000000,0.0005000000000000000,0.001,16.364864864864867,-6.806445611511734,2.681540286743517,0.007913802412479994,-3.0581801821923182,4.594373357381577,6.622262848211438,-30.696591002036165,108.71650531649813,47.79365924828285,0.10763554073776396,16364864864.86486
0.0037,0.0057,0.0002000000000000000,0.0018000000000000002,3,0.029500000000000002,0.007,0.00003500000000000000,0.0005000000000000000,0.001,16.405405405405407,-6.837292470994738,2.6705997151482133,0.007928567657309525,-2.9849022252700506,4.492186423401554,6.524577709586578,-30.51753256951376,108.95527765254818,47.089775557191906,0.11195719435362761,16405405405.40541
0.0037,0.0057,0.0002000000000000000,0.0018000000000000002,3,0.029500000000000002,0.007,0.00003500000000000000,0.0005000000000000000,0.001,16.445945945945947,-6.869551475802636,2.6592687436743954,0.007943897067839389,-2.914577130789959,4.386043934967004,6.420729776876433,-30.334970825650842,109.15783650196119,46.37856317225518,0.1165384692403146,16445945945.94595
0.0037,0.0057,0.0002000000000000000,0.0018000000000000002,3,0.029500000000000002,0.007,0.00003500000000000000,0.0005000000000000000,0.001,16.486486486486488,-6.903152784504044,2.6475846711972455,0.00795974372826005,-2.8481768066798097,4.276316781740022,6.3106986947074954,-30.149884647117887,109.32199884807704,45.66425235962153,0.12137030683049436,16486486486.48649
0.0037,0.0057,0.0002000000000000000,0.0018000000000000002,3,0.029500000000000002,0.007,0.00003500000000000000,0.0005000000000000000,0.001,16.527027027027028,-6.937976560676264,2.635601128465418,0.007976038048508103,-2.7868072526112053,4.1634102151687635,6.194492034419668,-29.963427116569537,109.44612226979811,44.951811199955614,0.12643580304952753,16527027027.02703
0.0037,0.0057,0.0002000000000000000,0.0018000000000000002,3,0.029500000000000002,0.007,0.00003500000000000000,0.0005000000000000000,0.001,16.56756756756757,-6.973842922839564,2.6233904663149707,0.00799268417836281,-2.7317000673358613,4.047768272030021,6.072156419099805,-29.776929959768786,109.52932516228897,44.246911251193836,0.13170866608983867,16567567567.56757
0.0037,0.0057,0.0002000000000000000,0.0018000000000000002,3,0.029500000000000002,0.007,0.00003500000000000000,0.0005000000000000000,0.001,16.60810810810811,-7.010502752519847,2.6110456130445248,0.008009557094083597,-2.6841943505779478,3.9298774704146906,5.9437900972597655,-29.59189943295408,109.57172507575955,43.55582934558444,0.137151813735842,16608108108.10811
0.0037,0.0057,0.0002000000000000000,0.0018000000000000002,3,0.029500000000000002,0.007,0.00003500000000000000,0.0005000000000000000,0.001,16.64864864864865,-7.047630837331792,2.5986809707346192,0.00802650097455996,-2.6457068064574836,3.810269260997154,5.809556671279288,-29.41000085012581,109.57467643155869,42.88527130101965,0.1427163244411697,16648648648.64865
0.0037,0.0057,0.0002000000000000000,0.0018000000000000002,3,0.029500000000000002,0.007,0.00003500000000000000,0.0005000000000000000,0.001,16.68918918918919,-7.084823208298879,2.5864318624304445,0.008043329581950849,-2.5446552288810813,3.752090178997895,5.742732678121768,-29.233029260645537,109.54098089806408,42.2421088384452,0.1483410023695993,16689189189.18919
0.0037,0.0057,0.0002000000000000000,0.0018000000000000002,3,0.029500000000000002,0.007,0.00003500000000000000,0.0005000000000000000,0.001,16.729729729729733,-7.1216007294898365,2.574452052221583,0.008059829365381686,-2.442534201035899,3.7013392359887787,5.683588909763058,-29.062864636243056,109.47503725402723,41.633030811184746,0.15395283435883958,16729729729.72973
0.0037,0.0057,0.0002000000000000000,0.0018000000000000002,3,0.029500000000000002,0.007,0.00003500000000000000,0.0005000000000000000,0.001,16.770270270270274,-7.15742084283065,2.5629089743790607,0.008075765859866607,-2.3579788079570347,3.64356881066013,5.615269758116285,-28.901411376236688,109.38289503241857,41.06412365851691,0.15946858600564862,16770270270.27027
0.0037,0.0057,0.0002000000000000000,0.0018000000000000002,3,0.029500000000000002,0.007,0.00003500000000000000,0.0005000000000000000,0.001,16.81081081081081,-7.191698700404623,2.5519765501105423,0.008090893615787242,-2.2831174656247026,3.587047592345855,5.547371388605409,-28.7505239459278,109.27218006246204,40.54041206965479,0.16479768801166078,16810810810.81081
0.0037,0.0057,0.0002000000000000000,0.0018000000000000002,3,0.029500000000000002,0.007,0.00003500000000000000,0.0005000000000000000,0.001,16.85135135135135,-7.223837655415139,2.5418258363922823,0.008104969368019514,-2.1692085717029337,3.5729159650476494,5.530228017201334,-28.611922810784627,109.15187179197517,40.065405906837015,0.16984639802400428,16851351351.35135
0.0037,0.0057,0.0002000000000000000,0.0018000000000000002,3,0.029500000000000002,0.007,0.00003500000000000000,0.0005000000000000000,0.001,16.89189189189189,-7.253267330519742,2.5326141921048797,0.008117767504522876,-2.0112467607272277,3.6059744452716704,5.570226446501588,-28.487107118973366,109.03193165398108,39.64070917563182,0.1745230038181645,16891891891.89189
0.0037,0.0057,0.0002000000000000000,0.0018000000000000002,3,0.029500000000000002,0.007,0.00003500000000000000,0.0005000000000000000,0.001,16.93243243243243,-7.27948556815044,2.5244740672926205,0.008129096259887645,-1.8137983521384808,3.6845941607285604,5.663896595051121,-28.37727228480334,108.92280585537632,39.265747124124786,0.17874360191420785,16932432432.43243
0.0037,0.0057,0.0002000000000000000,0.0018000000000000002,3,0.029500000000000002,0.007,0.00003500000000000000,0.0005000000000000000,0.001,16.972972972972975,-7.302099018631361,2.517502798779755,0.008138812624069224,-1.6346915210901134,3.7619759785070586,5.754160181056045,-28.283241201691595,108.83484956732484,38.93765613453462,0.18243780138649893,16972972972.97297
0.0037,0.0057,0.0002000000000000000,0.0018000000000000002,3,0.029500000000000002,0.007,0.00003500000000000000,0.0005000000000000000,0.001,17.013513513513516,-7.320856508589734,2.5117548186931513,0.008146833891065504,-1.4753629946740598,3.8370216804739505,5.839942531163775,-28.205416911802935,108.77773635475928,38.65135890492203,0.1855536268006454,17013513513.51351
0.0037,0.0057,0.0002000000000000000,0.0018000000000000002,3,0.029500000000000002,0.007,0.00003500000000000000,0.0005000000000000000,0.001,17.054054054054056,-7.3356700304115074,2.5072374008918854,0.00815314416036655,-1.3368751184807868,3.9085333936449413,5.920138268249967,-28.14376217274017,108.75992171520213,38.39981899649852,0.1880609654533889,17054054054.05405
0.0037,0.0057,0.0002000000000000000,0.0018000000000000002,3,0.029500000000000002,0.007,0.00003500000000000000,0.0005000000000000000,0.001,17.094594594594597,-7.34662017438766,2.5039105259803445,0.00815779489032219,-1.2198958186867153,3.975245817045325,5.993639892655738,-28.09780789388347,108.78822091546948,38.17444096427377,0.18995311894320802,17094594594.59460
0.0037,0.0057,0.0002000000000000000,0.0018000000000000002,3,0.029500000000000002,0.007,0.00003500000000000000,0.0005000000000000000,0.001,17.135135135135137,-7.3539456025942,2.501690769251042,0.008160899596227409,-1.124706900668003,4.035861036489656,6.059362041147426,-28.066688594296593,108.86754109925897,37.965561829671756,0.1912463282320279,17135135135.13514
0.0037,0.0057,0.0002000000000000000,0.0018000000000000002,3,0.029500000000000002,0.007,0.00003500000000000000,0.0005000000000000000,0.001,17.175675675675677,-7.35801895846707,2.5004584828266623,0.008162623725521585,-1.0512371120497355,4.089084027874412,6.116260351000022,-28.049199691238908,109.00078136967535,37.762971044887216,0.19197746545792224,17175675675.67568
0.0037,0.0057,0.0002000000000000000,0.0018000000000000002,3,0.029500000000000002,0.007,0.00003500000000000000,0.0005000000000000000,0.001,17.216216216216218,-7.359313657462011,2.500067108353815,0.008163171394157603,-0.9991139803581051,4.13365702958461,6.1633444027919815,-28.043869232616334,109.18888893459889,37.556400050523706,0.19220034446552675,17216216216.21622
0.0037,0.0057,0.0002000000000000000,0.0018000000000000002,3,0.029500000000000002,0.007,0.00003500000000000000,0.0005000000000000000,0.001,17.256756756756758,-7.358366860922411,2.500353301084962,0.008162770907247626,-0.9677273714327167,4.168391157227197,6.199684659187531,-28.04903595110181,109.43104003760409,37.33593622586607,0.19198124198820005,17256756756.75676
0.0037,0.0057,0.0002000000000000000,0.0018000000000000002,3,0.029500000000000002,0.007,0.00003500000000000000,0.0005000000000000000,0.001,17.2972972972973,-7.355743582314997,2.5011466596963867,0.008161660826448546,-0.9562979665080278,4.1921938978880675,6.224413614841131,-28.062926152671267,109.72490419760491,37.09233462851381,0.19139423043594905,17297297297.29730
0.0037,0.0057,0.0002000000000000000,0.0018000000000000002,3,0.029500000000000002,0.007,0.00003500000000000000,0.0005000000000000000,0.001,17.33783783783784,-7.35200565605742,2.502278157298583,0.008160077906437283,-0.9639450958268463,4.204091421459876,6.236721515531247,-28.08372356036997,110.0669491944323,36.817219437970536,0.1905168265645424,17337837837.83784
0.0037,0.0057,0.0002000000000000000,0.0018000000000000002,3,0.029500000000000002,0.007,0.00003500000000000000,0.0005000000000000000,0.001,17.378378378378383,-7.347687714817278,2.503586747325417,0.008158247667602868,-0.9897501341932282,4.203244958769191,6.235847007695904,-28.10962828721309,110.45275002845264,36.50318180977753,0.18942630409621658,17378378378.37838
0.0037,0.0057,0.0002000000000000000,0.0018000000000000002,3,0.029500000000000002,0.007,0.00003500000000000000,0.0005000000000000000,0.001,17.41891891891892,-7.343280824195647,2.5049239746340475,0.008156377848674382,-1.0328135130911635,4.188960809715958,6.221062972903862,-28.138903120974014,110.87727458750507,36.143790200972184,0.18819685059790034,17418918918.91892
0.0037,0.0057,0.0002000000000000000,0.0018000000000000002,3,0.029500000000000002,0.007,0.00003500000000000000,0.0005000000000000000,0.001,17.459459459459463,-7.339223297888328,2.506156694417935,0.00815465458456629,-1.028829668152336,4.221952044192223,6.255132959870389,-28.169906929125975,111.33512901100329,35.73353317844735,0.18689760545245188,17459459459.45946
0.0037,0.0057,0.0002000000000000000,0.0018000000000000002,3,0.029500000000000002,0.007,0.00003500000000000000,0.0005000000000000000,0.001,17.5,-7.335897556801564,2.5071681667939,0.00815324091440153,-1.017285793116977,4.262980081946641,6.297133034843659,-28.20111607619107,111.82075464336774,35.267714417279436,0.18559151510248073,17500000000.00000
0.0037,0.0057,0.0002000000000000000,0.0018000000000000002,3,0.029500000000000002,0.007,0.00003500000000000000,0.0005000000000000000,0.001,17.540540540540544,-7.33363165682801,2.507857861322289,0.008152277129835442,-1.0176285333130202,4.29170250736024,6.326296098713414,-28.231135284759738,112.32857492783022,34.742316613315836,0.1843348868920566,17540540540.54054
0.0037,0.0057,0.0002000000000000000,0.0018000000000000002,3,0.029500000000000002,0.007,0.00003500000000000000,0.0005000000000000000,0.001,17.581081081081084,-7.332704176557546,2.50814029788831,0.008151882487586056,-0.9043345298643773,4.432966034299007,6.466944037168786,-28.25869946176027,112.85309436991871,34.15384685542023,0.18317750666818527,17581081081.08108
0.0037,0.0057,0.0002000000000000000,0.0018000000000000002,3,0.029500000000000002,0.007,0.00003500000000000000,0.0005000000000000000,0.001,17.62162162162162,-7.333351401571147,2.50794319676153,0.008152157890292281,-0.7862681911820418,4.580496362510821,6.609125425932,-28.28266779253372,113.38895309070028,33.499171754293,0.1821631964383178,17621621621.62162
0.0037,0.0057,0.0002000000000000000,0.0018000000000000002,3,0.029500000000000002,0.007,0.00003500000000000000,0.0005000000000000000,0.001,17.662162162162165,-7.335776063619966,2.5072051354379035,0.008153189250891016,-0.677048525881115,4.718715266184529,6.738237722029509,-28.30201101556412,113.93094001949771,32.77534700501097,0.18133071550129076,17662162162.16216
0.0037,0.0057,0.0002000000000000000,0.0018000000000000002,3,0.029500000000000002,0.007,0.00003500000000000000,0.0005000000000000000,0.001,17.7027027027027,-7.340157224453128,2.505872829715268,0.008155051373354564,-0.576599420914726,4.845582515543768,6.853459935806704,-28.315792344166763,114.47396597624788,31.979443420781276,0.18071494268257798,17702702702.70270
0.0037,0.0057,0.0002000000000000000,0.0018000000000000002,3,0.029500000000000002,0.007,0.00003500000000000000,0.0005000000000000000,0.001,17.743243243243246,-7.346661204034187,2.5038980800916915,0.008157812294335034,-0.48506922099180777,4.95885025270202,6.953809936697876,-28.32314207490986,115.01299516725038,31.10836993493497,0.18034831300038284,17743243243.24324
0.0037,0.0057,0.0002000000000000000,0.0018000000000000002,3,0.029500000000000002,0.007,0.00003500000000000000,0.0005000000000000000,0.001,17.783783783783782,-7.355453737114063,2.50123435439965,0.008161538132840825,-0.4028336198696145,5.056048228789741,7.038112079557674,-28.323225558389275,115.54293018207497,30.158693659099814,0.1802625166861802,17783783783.78378
0.0037,0.0057,0.0002000000000000000,0.0018000000000000002,3,0.029500000000000002,0.007,0.00003500000000000000,0.0005000000000000000,0.001,17.824324324324326,-7.3667138151231875,2.4978329115441054,0.008166298591872874,-0.33050221813296854,5.13446769698222,7.104954258795059,-28.315203923075774,116.05844145742766,29.126457891109034,0.180490501775158,17824324324.32433
0.0037,0.0057,0.0002000000000000000,0.0018000000000000002,3,0.029500000000000002,0.007,0.00003500000000000000,0.0005000000000000000,0.001,17.864864864864867,-7.380649959190288,2.493638304544584,0.008172173354367304,-0.26893161372674823,5.19114408961436,7.15263083676756,-28.298186744058174,116.55372722386814,28.007001258588552,0.18106885484928076,17864864864.86486
0.0037,0.0057,0.0002000000000000000,0.0018000000000000002,3,0.029500000000000002,0.007,0.00003500000000000000,0.0005000000000000000,0.001,17.905405405405407,-7.397520010310041,2.4885830279895753,0.008179259724979139,-0.2192481366781155,5.22284047490183,7.179067610604479,-28.271175756907347,117.02218393451241,26.794785592686136,0.1820406700063874,17905405405.40541
0.0037,0.0057,0.0002000000000000000,0.0018000000000000002,3,0.029500000000000002,0.007,0.00003500000000000000,0.0005000000000000000,0.001,17.945945945945947,-7.417655956063496,2.4825809903210256,0.008187681997928117,-0.18288367239000197,5.226036993520317,7.181724796402308,-28.232998801611696,117.45595989270605,25.48324785212571,0.18345905542243188,17945945945.94595
0.0037,0.0057,0.0002000000000000000,0.0018000000000000002,3,0.029500000000000002,0.007,0.00003500000000000000,0.0005000000000000000,0.001,17.986486486486488,-7.441495885921872,2.47551939294528,0.008197603184462872,-0.05379745594177816,5.327586469589921,7.265305072761502,-28.182233609645667,117.84535636217585,24.06470453277259,0.18539146960513095,17986486486.48649
0.0037,0.0057,0.0002000000000000000,0.0018000000000000002,3,0.029500000000000002,0.007,0.00003500000000000000,0.0005000000000000000,0.001,18.027027027027028,-7.469625923102386,2.4672484917603663,0.008209239906581322,0.16900396941681112,5.532425319527101,7.429155602339654,-28.117122156318768,118.17803186320248,22.530358828514593,0.18792512020328642,18027027027.02703
0.0037,0.0057,0.0002000000000000000,0.0018000000000000002,3,0.029500000000000002,0.007,0.00003500000000000000,0.0005000000000000000,0.001,18.06756756756757,-7.502835945858229,2.4575686253230806,0.008222881428544344,0.3874157906671434,5.718912830851957,7.573134769683369,-28.035478699919306,118.43795966028276,20.870496340090465,0.19117368083953232,18067567567.56757
0.0037,0.0057,0.0002000000000000000,0.0018000000000000002,3,0.029500000000000002,0.007,0.00003500000000000000,0.0005000000000000000,0.001,18.10810810810811,-7.542194049012354,2.446213876955984,0.008238913876351894,0.6011726746926207,5.880945609968795,7.694471628402874,-27.934599322900215,118.6040928811101,19.07501109714402,0.1952855479447632,18108108108.10811
0.0037,0.0057,0.0002000000000000000,0.0018000000000000002,3,0.029500000000000002,0.007,0.00003500000000000000,0.0005000000000000000,0.001,18.14864864864865,-7.589145810463936,2.432831927436956,0.008257850506659612,0.8097355414502692,6.011176751661852,7.789594980805524,-27.81118927436077,118.64872164250423,17.13448744862701,0.200453690372251,18148648648.64865
0.0037,0.0057,0.0002000000000000000,0.0018000000000000002,3,0.029500000000000002,0.007,0.00003500000000000000,0.0005000000000000000,0.001,18.18918918918919,-7.645644942563493,2.416960318772458,0.008280368049110693,1.0151257844059387,6.105146343786277,7.856960786882878,-27.661338593389125,118.5355916629388,15.042178419504781,0.20692668472147796,18189189189.18919
0.0037,0.0057,0.0002000000000000000,0.0018000000000000002,3,0.029500000000000002,0.007,0.00003500000000000000,0.0005000000000000000,0.001,18.22972972972973,-7.714320427495459,2.398000994002576,0.008307346914412511,1.2374522363009104,6.183970043043096,7.912673770660592,-27.48059806475052,118.21804562544305,12.797354086306788,0.21501949947274968,18229729729.72973
0.0037,0.0057,0.0002000000000000000,0.0018000000000000002,3,0.029500000000000002,0.007,0.00003500000000000000,0.0005000000000000000,0.001,18.270270270270274,-7.79867870033906,2.3751984699499524,0.008339908102212738,1.4564084321138675,6.211918121053387,7.93225722682881,-27.26423614315935,117.63782284712858,10.410584991919892,0.22512053931987516,18270270270.27027
0.0037,0.0057,0.0002000000000000000,0.0018000000000000002,3,0.029500000000000002,0.007,0.00003500000000000000,0.0005000000000000000,0.001,18.31081081081081,-7.903321733658149,2.347633605099625,0.008379429881896865,1.6688569267707805,6.178439775406678,7.908788177295822,-27.00778653864792,116.72578603059196,7.911416176061371,0.23768779126647935,18310810810.81081
0.0037,0.0057,0.0002000000000000000,0.0018000000000000002,3,0.029500000000000002,0.007,0.00003500000000000000,0.0005000000000000000,0.001,18.351351351351354,-8.03412207648115,2.314255894548898,0.008427510361889202,1.8699981013126943,6.074348729029311,7.834997211919951,-26.7080061588861,115.40671386411213,5.358250017238971,0.25322121538531284,18351351351.35135
0.0037,0.0057,0.0002000000000000000,0.0018000000000000002,3,0.029500000000000002,0.007,0.00003500000000000000,0.0005000000000000000,0.001,18.39189189189189,-8.198218058796595,2.273992048366073,0.008485817599176299,2.138698206294367,6.011667547566909,7.789949555726601,-26.364314424787153,113.61103826911265,2.8486027015178634,0.272191691866433,18391891891.89189
0.0037,0.0057,0.0002000000000000000,0.0018000000000000002,3,0.029500000000000002,0.007,0.00003500000000000000,0.0005000000000000000,0.001,18.432432432432435,-8.40356326462341,2.2259805553412706,0.008555745685730863,2.4415625458473236,5.949441012102136,7.744761629111022,-25.98062041370885,111.29592606255662,0.5249157592456623,0.29490361187788305,18432432432.43243
0.0037,0.0057,0.0002000000000000000,0.0018000000000000002,3,0.029500000000000002,0.007,0.00003500000000000000,0.0005000000000000000,0.001,18.472972972972975,-8.657604644419477,2.169970828730407,0.008637804204231287,2.7146273449856717,5.815382615134744,7.645782938151475,-25.567122037802985,108.47452774301247,-1.432325282211847,0.3212805545018227,18472972972.97297
0.0037,0.0057,0.0002000000000000000,0.0018000000000000002,3,0.029500000000000002,0.007,0.00003500000000000000,0.0005000000000000000,0.001,18.513513513513516,-8.964601989817307,2.1068556098550038,0.008730771542149027,2.9441380810628344,5.61811181375355,7.495903784420872,-25.141239461385638,105.24433315610933,-2.8327843732376388,0.35060929837174465,18513513513.51352
0.0037,0.0057,0.0002000000000000000,0.0018000000000000002,3,0.029500000000000002,0.007,0.00003500000000000000,0.0005000000000000000,0.001,18.554054054054056,-9.321466911830173,2.0391519927437582,0.008830895562834272,3.1158201349526236,5.373359947018779,7.302459337695289,-24.72659171591928,101.7966881801223,-3.5262877128424335,0.3813608261363302,18554054054.05405
0.0037,0.0057,0.0002000000000000000,0.0018000000000000002,3,0.029500000000000002,0.007,0.00003500000000000000,0.0005000000000000000,0.001,18.594594594594597,-9.713229801744221,1.9710728456517188,0.008931739869929647,3.218159749297305,5.101324383141362,7.076829403375289,-24.349308993177367,98.38990130119817,-3.4578690753508057,0.41127568520520463,18594594594.59460
0.0037,0.0057,0.0002000000000000000,0.0018000000000000002,3,0.029500000000000002,0.007,0.00003500000000000000,0.0005000000000000000,0.001,18.635135135135137,-10.111193248840223,1.9078446494950503,0.009025278209444277,3.300347755801845,4.883409746460887,6.887231656441866,-24.032277919002233,95.28691517865299,-2.6972668232766117,0.4378361435901574,18635135135.13514
0.0037,0.0057,0.0002000000000000000,0.0018000000000000002,3,0.029500000000000002,0.007,0.00003500000000000000,0.0005000000000000000,0.001,18.675675675675677,-10.477613273591771,1.854323996141743,0.009104143038916226,3.3110318160963566,4.669795163999794,6.6929783108097105,-23.789555769884192,92.68547275368151,-1.4210654715639435,0.4589922477934776,18675675675.67567
0.0037,0.0057,0.0002000000000000000,0.0018000000000000002,3,0.029500000000000002,0.007,0.00003500000000000000,0.0005000000000000000,0.001,18.716216216216218,-10.777398049306367,1.8135512796570827,0.00916389620421397,3.435498713741696,4.655826044387829,6.679967454017561,-23.623667125621925,90.67723592185358,0.1438852048702623,0.4737542576014088,18716216216.21622
0.0037,0.0057,0.0002000000000000000,0.0018000000000000002,3,0.029500000000000002,0.007,0.00003500000000000000,0.0005000000000000000,0.001,18.756756756756758,-10.99066721306845,1.7860635485096368,0.009203962955331959,3.638832195393652,4.792380064502948,6.8055125290610965,-23.526931713413575,89.2512694028115,1.7831759577671522,0.482316330399433,18756756756.75676
0.0037,0.0057,0.0002000000000000000,0.0018000000000000002,3,0.029500000000000002,0.007,0.00003500000000000000,0.0005000000000000000,0.001,18.7972972972973,-11.117567881782495,1.7702717720344545,0.009226886580293471,3.7313687339568964,4.86127174549533,6.8674989885081175,-23.4855784329144,88.32847662200636,3.3350127409924197,0.48572110521572975,18797297297.29730
0.0037,0.0057,0.0002000000000000000,0.0018000000000000002,3,0.029500000000000002,0.007,0.00003500000000000000,0.0005000000000000000,0.001,18.83783783783784,-11.173133203611247,1.7634848601417143,0.009236715084563724,3.737831477032871,4.872235712329869,6.877282907266068,-23.48427595428387,87.80256675913878,4.7006393279178,0.48534980221046065,18837837837.83784
0.0037,0.0057,0.0002000000000000000,0.0018000000000000002,3,0.029500000000000002,0.007,0.00003500000000000000,0.0005000000000000000,0.001,18.878378378378383,-11.17780384866448,1.7629178586470688,0.009237535522476812,3.6789551093083324,4.83492026022992,6.843893158900228,-23.509376834955557,87.57099847094831,5.8342852989455585,0.4825098628249676,18878378378.37838
0.0037,0.0057,0.0002000000000000000,0.0018000000000000002,3,0.029500000000000002,0.007,0.00003500000000000000,0.0005000000000000000,0.001,18.91891891891892,-11.149974935402842,1.766304159687468,0.00923263408192383,3.7796953325284477,4.992775183384319,6.983420109151524,-23.55046854205036,87.55177974786027,6.725221698678523,0.4782197656994604,18918918918.91892
0.0037,0.0057,0.0002000000000000000,0.0018000000000000002,3,0.029500000000000002,0.007,0.00003500000000000000,0.0005000000000000000,0.001,18.959459459459463,-11.102689892753537,1.7721020840734862,0.00922423351922666,3.8689431293196233,5.150981810040197,7.118900162340799,-23.600654143463476,87.68932191307712,7.380071717847083,0.4731559401125285,18959459459.45946
0.0037,0.0057,0.0002000000000000000,0.0018000000000000002,3,0.029500000000000002,0.007,0.00003500000000000000,0.0005000000000000000,0.001,19,-11.043377115037757,1.7794543616665133,0.009213565986675335,3.9427501477421356,5.300526483841645,7.2431900878406905,-23.656162434440944,87.95412448077238,7.808236372341466,0.4676877621399691,19000000000.00000
0.0037,0.0057,0.0002200000000000000,0.001574,3,0.029500000000000002,0.007,0.00003500000000000000,0.0005000000000000000,0.001,16,-9.155106397952306,2.069997269087188,0.008785243140262782,-6.163563209918117,5.830604567748761,7.657135885196452,-34.38316123985715,80.54940239078364,35.97618975126703,0.04148872517795726,16000000000.00000
0.0037,0.0057,0.0002200000000000000,0.001574,3,0.029500000000000002,0.007,0.00003500000000000000,0.0005000000000000000,0.001,16.04054054054054,-9.175243890502372,2.066198519298626,0.00879086272152969,-6.073230114645936,5.833346535444147,7.659177768690414,-34.29209290186322,80.77650691694515,35.70551771856397,0.04234081483974354,16040540540.54054
0.0037,0.0057,0.0002200000000000000,0.001574,3,0.029500000000000002,0.007,0.00003500000000000000,0.0005000000000000000,0.001,16.08108108108108,-9.195946404787916,2.062312107134661,0.008796612878204926,-5.981708227665903,5.829284501789063,7.656152518440429,-34.194705946731084,80.99918301831835,35.42890909474231,0.043272693178928255,16081081081.08108
0.0037,0.0057,0.0002200000000000000,0.001574,3,0.029500000000000002,0.007,0.00003500000000000000,0.0005000000000000000,0.001,16.121621621621625,-9.217242397407489,2.0583341659142573,0.008802499343275481,-5.888961928548032,5.81839532616962,7.648032257012235,-34.09093417214789,81.21700457819732,35.146363118521194,0.04428948001565272,16121621621.62162
0.0037,0.0057,0.0002200000000000000,0.001574,3,0.029500000000000002,0.007,0.00003500000000000000,0.0005000000000000000,0.001,16.162162162162165,-9.239159543464819,2.054261105386534,0.008808527437808416,-5.794990923470758,5.800714564927907,7.634814957164137,-33.98077276596412,81.42951366710751,34.85791804212587,0.04539619072206509,16162162162.16216
0.0037,0.0057,0.0002200000000000000,0.001574,3,0.029500000000000002,0.007,0.00003500000000000000,0.0005000000000000000,0.001,16.202702702702705,-9.26172417701454,2.050089715469957,0.008814701916214734,-5.699833802649676,5.776334446887644,7.616523307237721,-33.864280804940535,81.63622177883036,34.56365797903593,0.04659767939779017,16202702702.70270
0.0037,0.0057,0.0002200000000000000,0.001574,3,0.029500000000000002,0.007,0.00003500000000000000,0.0005000000000000000,0.001,16.243243243243246,-9.284960589311776,2.045817292478921,0.008821026778039722,-5.603571683505701,5.745400348966206,7.593202964340459,-33.74158324314388,81.83661201418332,34.26372057725755,0.0478985686061462,16243243243.24324
0.0037,0.0057,0.0002200000000000000,0.001574,3,0.029500000000000002,0.007,0.00003500000000000000,0.0005000000000000000,0.001,16.283783783783782,-9.308890164695834,2.041441790191154,0.00882750504279322,-5.506331979289004,5.708105901955459,7.564920219422988,-33.61287245541065,82.03014248414358,33.95830547475318,0.04930316279413697,16283783783.78378
0.0037,0.0057,0.0002200000000000000,0.001574,3,0.029500000000000002,0.007,0.00003500000000000000,0.0005000000000000000,0.001,16.324324324324326,-9.333530331936725,2.0369619982069054,0.008834138484202997,-5.40829230585822,5.664686951927876,7.5317591441003,-33.47840942007406,82.21625124254098,33.647683453615606,0.050815342253763655,16324324324.32432
0.0037,0.0057,0.0002200000000000000,0.001574,3,0.029500000000000002,0.007,0.00003500000000000000,0.0005000000000000000,0.001,16.364864864864867,-9.358893308150233,2.0323777498923463,0.008840927320528947,-5.309684497297063,5.6154146985988636,7.4938183444658275,-33.338524638387035,82.39436310024468,33.33220614923175,0.05243843426626942,16364864864.86486
0.0037,0.0057,0.0002200000000000000,0.001574,3,0.029500000000000002,0.007,0.00003500000000000000,0.0005000000000000000,0.001,16.405405405405407,-9.384984613752408,2.027690161661574,0.008847869858398109,-5.21079864553919,5.5605884155760785,7.451207505958156,-33.19361889095242,82.56389871311895,33.01231608488571,0.054175057987653354,16405405405.40541
0.0037,0.0057,0.0002200000000000000,0.001574,3,0.029500000000000002,0.007,0.00003500000000000000,0.0005000000000000000,0.001,16.445945945945947,-9.411801341690145,2.0229019042367358,0.00885496208930617,-5.1119870126179565,5.500528214870672,7.404043967285307,-33.044163918023074,82.72428636679584,32.68855668470319,0.05602693981614702,16445945945.94595
0.0037,0.0057,0.0002200000000000000,0.001574,3,0.029500000000000002,0.007,0.00003500000000000000,0.0005000000000000000,0.001,16.486486486486488,-9.439330173895785,2.018017504620176,0.00886219724079351,-5.009615992209284,5.440641625594313,7.356501199230471,-32.89070307499765,82.87497689023776,32.361581764434334,0.05799469661303717,16486486486.48649
0.0037,0.0057,0.0002200000000000000,0.001574,3,0.029500000000000002,0.007,0.00003500000000000000,0.0005000000000000000,0.001,16.527027027027028,-9.46754515448925,2.0130436745654654,0.008869565288716947,-4.904630235350164,5.380523177897089,7.308245065635644,-32.73385195197663,83.01546210027973,32.032163808432756,0.0600775854610619,16527027027.02703
0.0037,0.0057,0.0002200000000000000,0.001574,3,0.029500000000000002,0.007,0.00003500000000000000,0.0005000000000000000,0.001,16.56756756756757,-9.496405254713373,2.0079896571119416,0.00887705244334213,-4.802126777008494,5.314788582860624,7.254859933892895,-32.574298855020174,83.14529708946326,31.701200116228573,0.06227322089959525,16567567567.56757
0.0037,0.0057,0.0002200000000000000,0.001574,3,0.029500000000000002,0.007,0.00003500000000000000,0.0005000000000000000,0.001,16.60810810810811,-9.525851800712505,2.002867577093369,0.008884640630402419,-4.702723113247108,5.243823282961029,7.1964804752451865,-32.412804928742666,83.26412649394248,31.369715656830785,0.06457726403039765,16608108108.10811
0.0037,0.0057,0.0002200000000000000,0.001574,3,0.029500000000000002,0.007,0.00003500000000000000,0.0005000000000000000,0.001,16.64864864864865,-9.555805883024412,1.9976927744513098,0.008892306998788005,-4.607094278052266,5.16803416881423,7.133253763644304,-32.2502035626287,83.37171459167278,31.038861229242677,0.06698309273082456,16648648648.64865
0.0037,0.0057,0.0002200000000000000,0.001574,3,0.029500000000000002,0.007,0.00003500000000000000,0.0005000000000000000,0.001,16.68918918918919,-9.58616592529111,1.9924840909798014,0.008900023498680016,-4.515968649202971,5.087848214445477,7.065341465452236,-32.08739858153756,83.46797866292911,30.709905336383724,0.06948146846660573,16689189189.18919
0.0037,0.0057,0.0002200000000000000,0.001574,3,0.029500000000000002,0.007,0.00003500000000000000,0.0005000000000000000,0.001,16.729729729729733,-9.616805655719304,1.9872640725184014,0.008907756586644508,-4.430120806985288,5.003712170639376,6.99292319746751,-31.925360594519493,83.55302448925846,30.384218096121074,0.07206022263226403,16729729729.72973
0.0037,0.0057,0.0002200000000000000,0.001574,3,0.029500000000000002,0.007,0.00003500000000000000,0.0005000000000000000,0.001,16.770270270270274,-9.647572790994948,1.982059040832675,0.008915467125598453,-4.350360888860266,4.916093037442911,6.916200933490227,-31.765120792827027,83.62718219165438,30.063245610183028,0.07470399332217595,16770270270.27027
0.0037,0.0057,0.0002200000000000000,0.001574,3,0.029500000000000002,0.007,0.00003500000000000000,0.0005000000000000000,0.001,16.81081081081081,-9.678288796709163,1.9768989843055478,0.00892311055492302,-4.277520001509646,4.825478904396899,6.8354042135148685,-31.607761476919748,83.69103986836166,29.748473567802332,0.0773940508526952,16810810810.81081
0.0037,0.0057,0.0002200000000000000,0.001574,3,0.029500000000000002,0.007,0.00003500000000000000,0.0005000000000000000,0.001,16.85135135135135,-9.70875011472685,1.9718172163531318,0.008930637406012276,-4.212431463634698,4.73237965592264,6.750795786985356,-31.454402681851008,83.74547178570162,29.44137953873494,0.08010825561707136,16851351351.35135
0.0037,0.0057,0.0002200000000000000,0.001574,3,0.029500000000000002,0.007,0.00003500000000000000,0.0005000000000000000,0.001,16.89189189189189,-9.738731227086163,1.9668497575985666,0.008937994227634225,-4.155907961915436,4.637327005938809,6.662677217028829,-31.30618448047401,83.79165734270128,29.14337443790364,0.08282119301681025,16891891891.89189
0.0037,0.0057,0.0002200000000000000,0.001574,3,0.029500000000000002,0.007,0.00003500000000000000,0.0005000000000000000,0.001,16.93243243243243,-9.767989839702794,1.96203441425046,0.008945124960804695,-4.108715100496786,4.540873357304311,6.571393898131294,-31.164244879487974,83.8310868431642,28.855734982279344,0.08550452528079504,16932432432.43243
0.0037,0.0057,0.0002200000000000000,0.001574,3,0.029500000000000002,0.007,0.00003500000000000000,0.0005000000000000000,0.001,16.972972972972975,-9.796274305352359,1.957409551645016,0.00895197276332423,-4.0715422812057795,4.4435890794406205,6.477338907767628,-31.029693667303626,83.8655504345326,28.579530487083858,0.08812758743206059,16972972972.97297
0.0037,0.0057,0.0002200000000000000,0.001574,3,0.029500000000000002,0.007,0.00003500000000000000,0.0005000000000000000,0.001,17.013513513513516,-9.823333165353882,1.9530125973353398,0.008958482231577875,-4.044972318485619,4.346057952496955,6.380955131216054,-30.9035830833086,83.89710753252336,28.31554884611877,0.09065823403631709,17013513513.51351
0.0037,0.0057,0.0002200000000000000,0.001574,3,0.029500000000000002,0.007,0.00003500000000000000,0.0005000000000000000,0.001,17.054054054054056,-9.8489263933036,1.9488783487473298,0.008964601907218763,-4.029451602360309,4.248870721647758,6.2827351722056965,-30.786876689277065,83.92803566327919,28.0642277244196,0.09306391588312447,17054054054.05405
0.0037,0.0057,0.0002200000000000000,0.001574,3,0.029500000000000002,0.007,0.00003500000000000000,0.0005000000000000000,0.001,17.094594594594597,-9.87283761379528,1.9450372000455565,0.00897028689821372,-4.025262898264491,4.152616918354231,6.183218690057312,-30.680418254514606,83.96075979900424,27.825597554656706,0.0953129345729025,17094594594.59460
0.0037,0.0057,0.0002200000000000000,0.001574,3,0.029500000000000002,0.007,0.00003500000000000000,0.0005000000000000000,0.001,17.135135135135137,-9.89488630327621,1.9415134335796354,0.008975501399038043,-4.03250294348083,4.057875310574903,6.082986980050535,-30.58490273403158,83.9977656640954,27.599242623890703,0.09737579304136874,17135135135.13514
0.0037,0.0057,0.0002200000000000000,0.001574,3,0.029500000000000002,0.007,0.00003500000000000000,0.0005000000000000000,0.001,17.175675675675677,-9.914938823685356,1.93832373524193,0.008980220875073419,-4.051066816514551,3.9652035172610294,5.982654827394098,-30.50085145802974,84.04150275104024,27.38428525651814,0.0992265371918575,17175675675.67568
0.0037,0.0057,0.0002200000000000000,0.001574,3,0.029500000000000002,0.007,0.00003500000000000000,0.0005000000000000000,0.001,17.216216216216218,-9.932917145011265,1.9354760846258419,0.008984433689593807,-4.080640606839289,3.875127443603705,5.882859899761874,-30.428593429752347,84.09428447533294,27.17939593273635,0.1008439734373298,17216216216.21622
0.0037,0.0057,0.0002200000000000000,0.001574,3,0.029500000000000002,0.007,0.00003500000000000000,0.0005000000000000000,0.001,17.256756756756758,-9.948804303318232,1.93296913859545,0.008988142000014155,-4.120703233534523,3.7881312495186235,5.784250178376263,-30.368254161471047,84.15819364886364,26.9828294275853,0.10221265252031997,17256756756.75676
0.0037,0.0057,0.0002200000000000000,0.001574,3,0.029500000000000002,0.007,0.00003500000000000000,0.0005000000000000000,0.001,17.2972972972973,-9.962645997347806,1.9307921745953904,0.008991361827492836,-4.1705374360932765,3.704648548048564,5.687470136964685,-30.319752825497698,84.2350010672184,26.792484164998196,0.10332353177765716,17297297297.29730
0.0037,0.0057,0.0002200000000000000,0.001574,3,0.029500000000000002,0.007,0.00003500000000000000,0.0005000000000000000,0.001,17.33783783783784,-9.974548189430495,1.9289255963745533,0.00899412229773676,-4.229249103129507,3.625055447388623,5.593146537513577,-30.282807754652474,84.32610352618165,26.60597945669294,0.10417426283011545,17337837837.83784
0.0037,0.0057,0.0002200000000000000,0.001574,3,0.029500000000000002,0.007,0.00003500000000000000,0.0005000000000000000,0.001,17.378378378378383,-9.984671058398165,1.9273419411037858,0.008996464144316346,-4.295793344691595,3.5496659072467702,5.501874794023971,-30.256949604698548,84.432485272668,26.420743562024363,0.1047690934695896,17378378378.37838
0.0037,0.0057,0.0002200000000000000,0.001574,3,0.029500000000000002,0.007,0.00003500000000000000,0.0005000000000000000,0.001,17.41891891891892,-9.993220062813743,1.9260072743733363,0.008998437642559675,-4.327895573690547,3.5118151100856783,5.455316431158303,-30.2415408905836,84.5547041809235,26.234104811936536,0.10511841394556404,17418918918.91892
0.0037,0.0057,0.0002200000000000000,0.001574,3,0.029500000000000002,0.007,0.00003500000000000000,0.0005000000000000000,0.001,17.459459459459463,-10.000435142469982,1.9248828264831306,0.009000100190237063,-4.2168079262645755,3.5987076853391207,5.561465713542137,-30.23580019894031,84.69290129716977,26.043378411648472,0.10523801213899284,17459459459.45946
0.0037,0.0057,0.0002200000000000000,0.001574,3,0.029500000000000002,0.007,0.00003500000000000000,0.0005000000000000000,0.001,17.5,-10.006579181947547,1.9239267133109452,0.009001513765726726,-4.119801452782165,3.683140818626972,5.662183236834538,-30.238829189866397,84.84683022085322,25.845942790465784,0.10514812458368897,17500000000.00000
0.0037,0.0057,0.0002200000000000000,0.001574,3,0.029500000000000002,0.007,0.00003500000000000000,0.0005000000000000000,0.001,17.540540540540544,-10.01192678993161,1.9230955963988556,0.00900274247738952,-4.036623174366442,3.7642335558168316,5.7567656184758755,-30.249640519151644,85.01590134532498,25.639301185610925,0.10487237918189392,17540540540.54054
0.0037,0.0057,0.0002200000000000000,0.001574,3,0.029500000000000002,0.007,0.00003500000000000000,0.0005000000000000000,0.001,17.581081081081084,-10.01675425169931,1.9223461644607072,0.009003850377235358,-3.9669580902011665,3.8410588392360885,5.844509599534685,-30.267184995353773,85.19923534802018,25.42112616853338,0.10443672177106432,17581081081.08108
0.0037,0.0057,0.0002200000000000000,0.001574,3,0.029500000000000002,0.007,0.00003500000000000000,0.0005000000000000000,0.001,17.62162162162162,-10.02133124577423,1.9216363550812205,0.009004899658175563,-3.910454550125439,3.912650721325029,5.924710805683039,-30.290376577526153,85.39572042543976,25.18928672654585,0.10386840542085814,17621621621.62162
0.0037,0.0057,0.0002200000000000000,0.001574,3,0.029500000000000002,0.007,0.00003500000000000000,0.0005000000000000000,0.001,17.662162162162165,-10.025914634959623,1.9209262738292279,0.00900594929763884,-3.866747654410443,3.978012545757829,5.996661484577995,-30.318114162882203,85.6040684366499,24.94185907299791,0.10319510234546692,17662162162.16216
0.0037,0.0057,0.0002200000000000000,0.001574,3,0.029500000000000002,0.007,0.00003500000000000000,0.0005000000000000000,0.001,17.7027027027027,-10.030744391018537,1.9201788026315407,0.0090070541594323,-3.8354797553357196,4.036126274773057,6.0596474517123085,-30.349299465396157,85.82286613041647,24.67712345949082,0.10244417734537814,17702702702.70270
0.0037,0.0057,0.0002200000000000000,0.001574,3,0.029500000000000002,0.007,0.00003500000000000000,0.0005000000000000000,0.001,17.743243243243246,-10.036041517578159,1.9193599165480963,0.00900826452558254,-3.8163175496460533,4.085963074710813,6.11294437548069,-30.382850618620843,86.05061877903364,24.393549887112126,0.10164214170005925,17743243243.24324
0.0037,0.0057,0.0002200000000000000,0.001574,3,0.029500000000000002,0.007,0.00003500000000000000,0.0005000000000000000,0.001,17.783783783783782,-10.042007707572832,1.9184387465643158,0.009009626002682937,-3.808965663538917,4.126495165288368,6.155813406146819,-30.417711435523564,86.2857846568835,24.089775811951025,0.10081428933824903,17783783783.78378
0.0037,0.0057,0.0002200000000000000,0.001574,3,0.029500000000000002,0.007,0.00003500000000000000,0.0005000000000000000,0.001,17.824324324324326,-10.048826406620224,1.9173874359015182,0.00901117973267916,-3.813177023550983,4.156708807987234,6.18749601722042,-30.452856520709986,86.5267997706913,23.764578803986858,0.09998450386430323,17824324324.32433
0.0037,0.0057,0.0002200000000000000,0.001574,3,0.029500000000000002,0.007,0.00003500000000000000,0.0005000000000000000,0.001,17.864864864864867,-10.056664941892027,1.9161808398333455,0.00901296283430969,-3.828760659489156,4.175618178852466,6.207207796496923,-30.48729265377189,86.77209300545705,23.416846748911173,0.09917521585765152,17864864864.86486
0.0037,0.0057,0.0002200000000000000,0.001574,3,0.029500000000000002,0.007,0.00003500000000000000,0.0005000000000000000,0.001,17.905405405405407,-10.065677403888163,1.9147961157712938,0.009015009006113154,-3.855587878592724,4.182279770067995,6.214130812154489,-30.520057041500465,87.02009236972789,23.045547676097012,0.09840748460124381,17905405405.40541
0.0037,0.0057,0.0002200000000000000,0.001574,3,0.029500000000000002,0.007,0.00003500000000000000,0.0005000000000000000,0.001,17.945945945945947,-10.076008022913708,1.9132122431863046,0.009017349232466271,-3.8617379017674693,4.206553490621984,6.2392641578443815,-30.550213161911152,87.26922330674238,22.649700736871765,0.09770117663329043,17945945945.94595
0.0037,0.0057,0.0002200000000000000,0.001574,3,0.029500000000000002,0.007,0.00003500000000000000,0.0005000000000000000,0.001,17.986486486486488,-10.087794851715632,1.9114095033478664,0.009020012548195093,-3.8636620266713493,4.231802952248862,6.265254372068698,-30.576844981625413,87.51790010267348,22.2283493142475,0.09707521478568666,17986486486.48649
0.0037,0.0057,0.0002200000000000000,0.001574,3,0.029500000000000002,0.007,0.00003500000000000000,0.0005000000000000000,0.001,18.027027027027028,-10.101173641804252,1.9093689382186614,0.009023026832939308,-3.8749629709799205,4.243859357145779,6.277609828099797,-30.59905031020733,87.76451129836538,21.780536774711887,0.09654787513532558,18027027027.02703
0.0037,0.0057,0.0002200000000000000,0.001574,3,0.029500000000000002,0.007,0.00003500000000000000,0.0005000000000000000,0.001,18.06756756756757,-10.116281877117153,1.9070717971820885,0.009026419622101465,-3.8954761550420973,4.241908530024442,6.275612994153512,-30.615933956924366,88.00739973283729,21.30528501730733,0.0961371149848728,18067567567.56757
0.0037,0.0057,0.0002200000000000000,0.001574,3,0.029500000000000002,0.007,0.00003500000000000000,0.0005000000000000000,0.001,18.10810810810811,-10.13326300078663,1.9044989703630744,0.009030218935737138,-3.9250991030951883,4.225211839806314,6.258484880910516,-30.62660118581981,88.2448374548279,20.801575767515533,0.0958609219636941,18108108108.10811
0.0037,0.0057,0.0002200000000000000,0.001574,3,0.029500000000000002,0.007,0.00003500000000000000,0.0005000000000000000,0.001,18.14864864864865,-10.152270936962953,1.9016303985945204,0.009034454139438475,-3.9637940892700545,4.19312378336403,6.225376832093045,-30.630151744635207,88.47499527296435,20.268334524432806,0.09573768193938453,18148648648.64865
0.0037,0.0057,0.0002200000000000000,0.001574,3,0.029500000000000002,0.007,0.00003500000000000000,0.0005000000000000000,0.001,18.18918918918919,-10.173475070287276,1.8984444427387783,0.009039156861867754,-3.9600621846936606,4.194586500905026,6.22689154860458,-30.625674503007275,88.69590621092861,19.70441721291531,0.09578657103380044,18189189189.18919
0.0037,0.0057,0.0002200000000000000,0.001574,3,0.029500000000000002,0.007,0.00003500000000000000,0.0005000000000000000,0.001,18.22972972972973,-10.19706590279472,1.8949171890289405,0.009044362002181157,-3.911488047782038,4.231100909517589,6.264533831483736,-30.612242511921764,88.90542162042041,19.108599930567866,0.09602798414157515,18229729729.72973
0.0037,0.0057,0.0002200000000000000,0.001574,3,0.029500000000000002,0.007,0.00003500000000000000,0.0005000000000000000,0.001,18.270270270270274,-10.22326166603623,1.8910216620172873,0.009050108867578307,-3.863265172044812,4.258121985868651,6.292180988662233,-30.588908125223924,89.10115820026229,18.479572730539207,0.0964840186463158,18270270270.27027
0.0037,0.0057,0.0002200000000000000,0.001574,3,0.029500000000000002,0.007,0.00003500000000000000,0.0005000000000000000,0.001,18.31081081081081,-10.252316229751289,1.8867269123200328,0.009056442486979179,-3.8157488551499523,4.274177184427344,6.308525217176345,-30.554697737594907,89.28043369217778,17.815939185888784,0.0971790373758306,18310810810.81081
0.0037,0.0057,0.0002200000000000000,0.001574,3,0.029500000000000002,0.007,0.00003500000000000000,0.0005000000000000000,0.001,18.351351351351354,-10.284528722979143,1.8819969423934366,0.009063415151605294,-3.6974419061047312,4.34918873718712,6.384082546969159,-30.50860571910168,89.44018859349013,17.116224612919094,0.09814033920089604,18351351351.35135
0.0037,0.0057,0.0002200000000000000,0.001574,3,0.029500000000000002,0.007,0.00003500000000000000,0.0005000000000000000,0.001,18.39189189189189,-10.320255372220785,1.8767894304167823,0.009071088236348907,-3.4391395008430963,4.557263821749077,6.587041707841895,-30.449587294322246,89.57689090124009,16.378897412989797,0.09939896885381341,18391891891.89189
0.0037,0.0057,0.0002200000000000000,0.001574,3,0.029500000000000002,0.007,0.00003500000000000000,0.0005000000000000000,0.001,18.432432432432435,-10.359924163533751,1.8710542112112558,0.009079534355223736,-3.1713177049037586,4.770752120935368,6.785868520427641,-30.376550462743268,89.68642080350689,15.602410209729173,0.10099069884133133,18432432432.43243
0.0037,0.0057,0.0002200000000000000,0.001574,3,0.029500000000000002,0.007,0.00003500000000000000,0.0005000000000000000,0.001,18.472972972972975,-10.404053041408162,1.8647314769174912,0.009088839895238026,-2.8952958416233217,4.986704501231334,6.978136338516264,-30.28834764852347,89.76393262109575,14.785270557388824,0.10295721396342114,18472972972.97297
0.0037,0.0057,0.0002200000000000000,0.001574,3,0.029500000000000002,0.007,0.00003500000000000000,0.0005000000000000000,0.001,18.513513513513516,-10.453272439911611,1.8577496746109188,0.009099107946800048,-2.612511585776405,5.20145120174431,7.161245284390246,-30.183768697253832,89.80369266459113,13.926155265291031,0.10534751920027118,18513513513.51352
0.0037,0.0057,0.0002200000000000000,0.001574,3,0.029500000000000002,0.007,0.00003500000000000000,0.0005000000000000000,0.001,18.554054054054056,-10.508352942377384,1.8500231133913447,0.009110461589523113,-2.324576432969165,5.410489543143208,7.332365620136172,-30.061538238693455,89.79889487334864,13.024088069527185,0.10821956768672225,18554054054.05405
0.0037,0.0057,0.0002200000000000000,0.001574,3,0.029500000000000002,0.007,0.00003500000000000000,0.0005000000000000000,0.001,18.594594594594597,-10.570238669912975,1.8414493670553627,0.009123047373794803,-2.0333504082208713,5.60837618202633,7.488371362529946,-29.920322470183542,89.74146257786862,12.078707501527706,0.11164205524625953,18594594594.59460
0.0037,0.0057,0.0002200000000000000,0.001574,3,0.029500000000000002,0.007,0.00003500000000000000,0.0005000000000000000,0.001,18.635135135135137,-10.64008639480386,1.8319066978837322,0.009137038619414239,-1.7410404557661714,5.788642618778566,7.625767377714209,-29.758753228048906,89.62185669212901,11.090659706298784,0.11569623242405275,18635135135.13514
0.0037,0.0057,0.0002200000000000000,0.001574,3,0.029500000000000002,0.007,0.00003500000000000000,0.0005000000000000000,0.001,18.675675675675677,-10.719308995646657,1.8212519732398138,0.009152637773092305,-1.4503273789994275,5.9437648319701575,7.740616180139406,-29.575480809504032,89.4289311835245,10.062157527453333,0.1204774159664406,18675675675.67567
0.0037,0.0057,0.0002200000000000000,0.001574,3,0.029500000000000002,0.007,0.00003500000000000000,0.0005000000000000000,0.001,18.716216216216218,-10.809619119601631,1.809319953347577,0.009170076450591142,-1.1645253863407774,6.065233423698177,7.828475195757675,-29.369271018274755,89.14990935543022,8.99774740180897,0.12609560269838016,18716216216.21622
0.0037,0.0057,0.0002200000000000000,0.001574,3,0.029500000000000002,0.007,0.00003500000000000000,0.0005000000000000000,0.001,18.756756756756758,-10.913063908276367,1.7959254505832283,0.00918961086606787,-0.8877750295414768,6.143786807501321,7.884361370475163,-29.13916518419338,88.77060171310387,7.905309619424036,0.1326741640744161,18756756756.75676
0.0037,0.0057,0.0002200000000000000,0.001574,3,0.029500000000000002,0.007,0.00003500000000000000,0.0005000000000000000,0.001,18.7972972972973,-11.032033262070794,1.7808707143296034,0.00921150912123068,-0.6252627268263912,6.169879879129233,7.902767088729244,-28.884721950792958,88.27604494140964,6.79726865313869,0.14034502378016867,18797297297.29730
0.0037,0.0057,0.0002200000000000000,0.001574,3,0.029500000000000002,0.007,0.00003500000000000000,0.0005000000000000000,0.001,18.83783783783784,-11.169211435208785,1.7639613658263533,0.00923602551129993,-0.3834456696302521,6.134451861740738,7.877757628158312,-28.6063520594492,87.6517949042004,5.691885822537332,0.14923808589899568,18837837837.83784
0.0037,0.0057,0.0002200000000000000,0.001574,3,0.029500000000000002,0.007,0.00003500000000000000,0.0005000000000000000,0.001,18.878378378378383,-11.327425271385893,1.7450348758401997,0.009263356310387126,-0.1702373497139237,6.030012966112924,7.803182459884499,-28.305736116661578,86.88611140652921,4.614326918529886,0.15946229823880523,18878378378.37838
0.0037,0.0057,0.0002200000000000000,0.001574,3,0.029500000000000002,0.007,0.00003500000000000000,0.0005000000000000000,0.001,18.91891891891892,-11.509326729630715,1.7240049965113848,0.009293572939500346,0.004923934408239262,5.851976744333224,7.6730259157702205,-27.986274863392914,85.97315028393898,3.596952667240803,0.17107628148645623,18918918918.91892
0.0037,0.0057,0.0002200000000000000,0.001574,3,0.029500000000000002,0.007,0.00003500000000000000,0.0005000000000000000,0.001,18.959459459459463,-11.7168455071313,1.700922164581476,0.009326534350343377,0.14074127568578207,5.612297485335981,7.491406831716674,-27.653462614953376,84.91693227294479,2.6780576727731735,0.18404899248857104,18959459459.45946
0.0037,0.0057,0.0002200000000000000,0.001574,3,0.029500000000000002,0.007,0.00003500000000000000,0.0005000000000000000,0.001,19,-11.950384325346368,1.6760420648994685,0.009361792993915008,0.3635253486000755,5.485458983460547,7.392129720464739,-27.315014033211142,83.73525147644557,1.8982927069588924,0.1982163902252059,19000000000.00000
0.0037,0.0057,0.0002200000000000000,0.0018000000000000002,3,0.029500000000000002,0.007,0.00003500000000000000,0.0005000000000000000,0.001,16,-6.623289525722783,2.748706791526763,0.00782393909040718,-3.3289500204192812,6.031135121573896,7.803990585151515,-32.19868599759356,104.51960557802005,53.3065669260172,0.07703816674212786,16000000000.00000
0.0037,0.0057,0.0002200000000000000,0.0018000000000000002,3,0.029500000000000002,0.007,0.00003500000000000000,0.0005000000000000000,0.001,16.04054054054054,-6.643523801400763,2.741095586816429,0.00783405402497707,-3.2305502991884745,5.987779231846181,7.772657796205022,-32.06334247347961,104.95908623538841,52.75680888053052,0.07937416880624554,16040540540.54054
0.0037,0.0057,0.0002200000000000000,0.0018000000000000002,3,0.029500000000000002,0.007,0.00003500000000000000,0.0005000000000000000,0.001,16.08108108108108,-6.664866502818977,2.733119935016377,0.007844672105125577,-3.1313807196250214,5.935961421394544,7.734910697423464,-31.920543462241483,105.3837354754418,52.187062428131426,0.08191640005460266,16081081081.08108
0.0037,0.0057,0.0002200000000000000,0.0018000000000000002,3,0.029500000000000002,0.007,0.00003500000000000000,0.0005000000000000000,0.001,16.121621621621625,-6.687384152303412,2.724763073544158,0.007855818301671947,-3.031438680509469,5.875952644722248,7.690782870810015,-31.770307250949937,105.79142810987129,51.59746589940984,0.08467941417991791,16121621621.62162
0.0037,0.0057,0.0002200000000000000,0.0018000000000000002,3,0.029500000000000002,0.007,0.00003500000000000000,0.0005000000000000000,0.001,16.162162162162165,-6.711142646218924,2.716009466754096,0.00786751622571211,-2.9307680083506105,5.808113502384645,7.640350947749718,-31.61274248348757,106.1798530591564,50.98839479082257,0.08767748917220756,16162162162.16216
0.0037,0.0057,0.0002200000000000000,0.0018000000000000002,3,0.029500000000000002,0.007,0.00003500000000000000,0.0005000000000000000,0.001,16.202702702702705,-6.736205006509261,2.7068456701220045,0.00787978696920401,-2.824786113101453,5.739071622722148,7.588416447084345,-31.448057795631264,106.54652051587716,50.360521193667815,0.09092425346953131,16202702702.70270
0.0037,0.0057,0.0002200000000000000,0.0018000000000000002,3,0.029500000000000002,0.007,0.00003500000000000000,0.0005000000000000000,0.001,16.243243243243246,-6.76262832179034,2.6972614450163324,0.007892647591952877,-2.718240761974961,5.6631215337400205,7.530558819278346,-31.276572462088534,106.88878125815526,49.714881792234614,0.09443218570390827,16243243243.24324
0.0037,0.0057,0.0002200000000000000,0.0018000000000000002,3,0.029500000000000002,0.007,0.00003500000000000000,0.0005000000000000000,0.001,16.283783783783782,-6.790459707492223,2.6872511610955954,0.007906109197491915,-2.611860944624454,5.580197023406856,7.466495331074384,-31.098728191387416,107.20386225222313,49.05295336348167,0.09821195867869417,16283783783.78378
0.0037,0.0057,0.0002200000000000000,0.0018000000000000002,3,0.029500000000000002,0.007,0.00003500000000000000,0.0005000000000000000,0.001,16.324324324324326,-6.819731113136203,2.6768155167061214,0.007920174547633408,-2.5060688354771954,5.49083094034982,7.396380722281384,-30.915102029439836,107.48892331023009,48.376733409106286,0.10227159855213265,16324324324.32432
0.0037,0.0057,0.0002200000000000000,0.0018000000000000002,3,0.029500000000000002,0.007,0.00003500000000000000,0.0005000000000000000,0.001,16.364864864864867,-6.850452828712598,2.665963591880603,0.007934835185327513,-2.401422653342404,5.395573974178383,7.32037651161514,-30.72642006053314,107.74113994269447,47.68882172718016,0.10661543507246052,16364864864.86486
0.0037,0.0057,0.0002200000000000000,0.0018000000000000002,3,0.029500000000000002,0.007,0.00003500000000000000,0.0005000000000000000,0.001,16.405405405405407,-6.882605607224476,2.654715219572444,0.007950068073981282,-2.2986339449524347,5.294983059666784,7.238645749996877,-30.53357122092709,107.95781739746175,46.99249634202082,0.11124283045836902,16405405405.40541
0.0037,0.0057,0.0002200000000000000,0.0018000000000000002,3,0.029500000000000002,0.007,0.00003500000000000000,0.0005000000000000000,0.001,16.445945945945947,-6.916131446471021,2.6431036142983033,0.007965831825213751,-2.1985820173189943,5.189612592336566,7.151349387173856,-30.337620071120806,108.1365398518248,46.29177431922665,0.11614669587167349,16445945945.94595
0.0037,0.0057,0.0002200000000000000,0.0018000000000000002,3,0.029500000000000002,0.007,0.00003500000000000000,0.0005000000000000000,0.001,16.486486486486488,-6.9509232811396195,2.631178129923026,0.007982062681955017,-2.091801223812315,5.0923318199191225,7.069166948372115,-30.13981683306759,108.27535639508797,45.59144484264403,0.12131183799784771,16486486486.48649
0.0037,0.0057,0.0002200000000000000,0.0018000000000000002,3,0.029500000000000002,0.007,0.00003500000000000000,0.0005000000000000000,0.001,16.527027027027028,-6.986814142879978,2.6190069291834304,0.00799867055205263,-1.9904332194387355,4.990392808355497,6.981347315526618,-29.94160243990366,108.37300139240337,44.89705903124815,0.1267132256251474,16527027027.02703
0.0037,0.0057,0.0002200000000000000,0.0018000000000000002,3,0.029500000000000002,0.007,0.00003500000000000000,0.0005000000000000000,0.001,16.56756756756757,-7.023566753179052,2.606679241492386,0.008015535543661896,-1.8960656763919785,4.884122659517334,6.887865622512665,-29.744605856222712,108.42914080115897,44.214859165227736,0.13231432637667276,16567567567.56757
0.0037,0.0057,0.0002200000000000000,0.0018000000000000002,3,0.029500000000000002,0.007,0.00003500000000000000,0.0005000000000000000,0.001,16.60810810810811,-7.060864993526568,2.5943067762493173,0.00803250561934737,-1.8102683851500276,4.774053297974419,6.788872632017325,-29.550630636710316,108.44462814871643,43.55163042391152,0.13806573151950965,16608108108.10811
0.0037,0.0057,0.0002200000000000000,0.0018000000000000002,3,0.029500000000000002,0.007,0.00003500000000000000,0.0005000000000000000,0.001,16.64864864864865,-7.098309174023819,2.5820237716392147,0.008049396125165816,-1.7347173059919117,4.660734311337569,6.684543463548555,-29.361627766290148,108.42174495376213,42.91446222082743,0.14390435029103868,16648648648.64865
0.0037,0.0057,0.0002200000000000000,0.0018000000000000002,3,0.029500000000000002,0.007,0.00003500000000000000,0.0005000000000000000,0.001,16.68918918918919,-7.135417359449181,2.5699851309277437,0.00806599200957144,-1.6711464460300802,4.544733141714172,6.5750838734159665,-29.179652444986566,108.36439202948482,42.31041483968703,0.14975349539917732,16689189189.18919
0.0037,0.0057,0.0002200000000000000,0.0018000000000000002,3,0.029500000000000002,0.007,0.00003500000000000000,0.0005000000000000000,0.001,16.729729729729733,-7.171635019567573,2.5583621734888444,0.00808205345834986,-1.621284228452018,4.426634604034806,6.460736746780318,-29.006803787872812,108.27819284858842,41.74610062296111,0.15552417365082946,16729729729.72973
0.0037,0.0057,0.0002200000000000000,0.0018000000000000002,3,0.029500000000000002,0.007,0.00003500000000000000,0.0005000000000000000,0.001,16.770270270270274,-7.206354739544311,2.5473357441102675,0.008097325375913015,-1.586775900990114,4.307039401615877,6.341788447893197,-28.845148439479548,108.17047093606794,41.22720628681185,0.16111781557459748,16770270270.27027
0.0037,0.0057,0.0002200000000000000,0.0018000000000000002,3,0.029500000000000002,0.007,0.00003500000000000000,0.0005000000000000000,0.001,16.81081081081081,-7.238946511707693,2.5370867933114063,0.00811155061652329,-1.5690958170195348,4.186561456776654,6.2185747083227945,-28.69663169984029,108.05007258331243,40.758001010606066,0.16643051132421785,16810810810.81081
0.0037,0.0057,0.0002200000000000000,0.0018000000000000002,3,0.029500000000000002,0.007,0.00003500000000000000,0.0005000000000000000,0.001,16.85135135135135,-7.268797261443409,2.527785027748286,0.008124486157568537,-1.569455771271737,4.06582404112702,6.09148579510789,-28.562982535702876,107.92702482637496,40.3408890927163,0.17135857555506304,16851351351.35135
0.0037,0.0057,0.0002200000000000000,0.0018000000000000002,3,0.029500000000000002,0.007,0.00003500000000000000,0.0005000000000000000,0.001,16.89189189189189,-7.295356037437799,2.5195767386975336,0.008135920646448214,-1.588717455759574,3.945454854691266,5.960970783934045,-28.445621199171587,107.81204452940909,39.976070961012326,0.17580498118494853,16891891891.89189
0.0037,0.0057,0.0002200000000000000,0.0018000000000000002,3,0.029500000000000002,0.007,0.00003500000000000000,0.0005000000000000000,0.001,16.93243243243243,-7.318179295038742,2.512573306854702,0.00814569115240623,-1.6273179464856984,3.826080341370062,5.827540852540968,-28.34557940313744,107.71594235040212,39.6613683357397,0.17968595000237203,16932432432.43243
0.0037,0.0057,0.0002200000000000000,0.0018000000000000002,3,0.029500000000000002,0.007,0.00003500000000000000,0.0005000000000000000,0.001,16.972972972972975,-7.336969627638458,2.5068420070998987,0.008153696736958295,-1.685216504657954,3.7083196191701813,5.691771588219195,-28.263442547242263,107.648988089817,39.392247894405315,0.182936847489569,16972972972.97297
0.0037,0.0057,0.0002200000000000000,0.0018000000000000002,3,0.029500000000000002,0.007,0.00003500000000000000,0.0005000000000000000,0.001,17.013513513513516,-7.351601711819521,2.5024005071294617,0.00815990676438407,-1.7618687788094236,3.5927784339694435,5.554304351641615,-28.199321165393215,107.62031454085216,39.16204679408142,0.18551656183438148,17013513513.51351
0.0037,0.0057,0.0002200000000000000,0.0018000000000000002,3,0.029500000000000002,0.007,0.00003500000000000000,0.0005000000000000000,0.001,17.054054054054056,-7.362131238777031,2.499215885756815,0.00816436269077894,-1.7620193327189022,3.556361069820392,5.5100584753720385,-28.15285491391016,107.63743169829363,38.96237035486304,0.1874097663389032,17054054054.05405
0.0037,0.0057,0.0002200000000000000,0.0018000000000000002,3,0.029500000000000002,0.007,0.00003500000000000000,0.0005000000000000000,0.001,17.094594594594597,-7.368785737942227,2.4972082247371903,0.008167173201570921,-1.7016385108336745,3.5828836097375243,5.542327003040526,-28.12324785600631,107.70590312022296,38.783605639181964,0.18862682236267939,17094594594.59460
0.0037,0.0057,0.0002200000000000000,0.0018000000000000002,3,0.029500000000000002,0.007,0.00003500000000000000,0.0005000000000000000,0.001,17.135135135135137,-7.371939552947494,2.4962580603377744,0.008168503703929703,-1.656764519029488,3.6091008311299353,5.573990155567698,-28.10932957150102,107.82920701441601,38.61548101759874,0.18920148141945767,17135135135.13514
0.0037,0.0057,0.0002200000000000000,0.0018000000000000002,3,0.029500000000000002,0.007,0.00003500000000000000,0.0005000000000000000,0.001,17.175675675675677,-7.372077834406152,2.496216419351873,0.008168562018727161,-1.6265531550733598,3.6345752183704865,5.604536611104286,-28.109633658989118,108.0087742208391,38.447603209185836,0.18918688363379593,17175675675.67568
0.0037,0.0057,0.0002200000000000000,0.0018000000000000002,3,0.029500000000000002,0.007,0.00003500000000000000,0.0005000000000000000,0.001,17.216216216216218,-7.369755629844504,2.496915929203555,0.008167582473496303,-1.6101057710124866,3.65873835191289,5.633313528089795,-28.122484013811775,108.24417099432848,38.26991724268475,0.18865054756307692,17216216216.21622
0.0037,0.0057,0.0002200000000000000,0.0018000000000000002,3,0.029500000000000002,0.007,0.00003500000000000000,0.0005000000000000000,0.001,17.256756756756758,-7.365557880693885,2.498181588715445,0.008165810462092376,-1.6065347826876195,3.6808981557085265,5.659538014114357,-28.146079844535173,108.5333806814971,38.07305577825485,0.18766907798450483,17256756756.75676
0.0037,0.0057,0.0002200000000000000,0.0018000000000000002,3,0.029500000000000002,0.007,0.00003500000000000000,0.0005000000000000000,0.001,17.2972972972973,-7.360064759853589,2.499840124503252,0.008163489042002486,-1.615019475926493,3.700250234501032,5.682310948205717,-28.178572282877052,108.87313562411003,37.8485660972351,0.18632320996354895,17297297297.29730
0.0037,0.0057,0.0002200000000000000,0.0018000000000000002,3,0.029500000000000002,0.007,0.00003500000000000000,0.0005000000000000000,0.001,17.33783783783784,-7.353824911851405,2.501727303106686,0.008160848486787326,-1.6348491879478337,3.7158929549697493,5.700631946285041,-28.218127985452387,109.2592565456488,37.589021036396154,0.18469361702874781,17337837837.83784
0.0037,0.0057,0.0002200000000000000,0.0018000000000000002,3,0.029500000000000002,0.007,0.00003500000000000000,0.0005000000000000000,0.001,17.378378378378383,-7.347337362061412,2.5036929962464387,0.008158099084311997,-1.6654532068358983,3.7268457929346592,5.713414231635321,-28.26297768103954,109.6869675305114,37.28803179721205,0.18285770138114793,17378378378.37838
0.0037,0.0057,0.0002200000000000000,0.0018000000000000002,3,0.029500000000000002,0.007,0.00003500000000000000,0.0005000000000000000,0.001,17.41891891891892,-7.341041505365311,2.5056041251718484,0.008155426991015156,-1.706418575758749,3.732070329222334,5.719498192398921,-28.311449726304424,110.15116682383494,36.94018572160608,0.1808874028092785,17418918918.91892
0.0037,0.0057,0.0002200000000000000,0.0018000000000000002,3,0.029500000000000002,0.007,0.00003500000000000000,0.0005000000000000000,0.001,17.459459459459463,-7.335313791512873,2.5073458101051553,0.008152992662039445,-1.757498246457878,3.730493124694136,5.717662439208056,-28.361990171215858,110.64664441801558,36.54093208444372,0.17884793555032788,17459459459.45946
0.0037,0.0057,0.0002200000000000000,0.0018000000000000002,3,0.029500000000000002,0.007,0.00003500000000000000,0.0005000000000000000,0.001,17.5,-7.330469438119306,2.5088211318958313,0.008150931261587332,-1.8186127016894271,3.721029545156987,5.706631183546987,-28.41317157861692,111.16824537313103,36.08643558173918,0.17679729315077028,17500000000.00000
0.0037,0.0057,0.0002200000000000000,0.0018000000000000002,3,0.029500000000000002,0.007,0.00003500000000000000,0.0005000000000000000,0.001,17.540540540540544,-7.326767578515651,2.509949905557065,0.008149354471813324,-1.7068649263635085,3.861944387846193,5.868060156304761,-28.463692995798656,111.71098273429162,35.573412256209615,0.17478634134192605,17540540540.54054
0.0037,0.0057,0.0002200000000000000,0.0018000000000000002,3,0.029500000000000002,0.007,0.00003500000000000000,0.0005000000000000000,0.001,17.581081081081084,-7.324418534421534,2.510666804179457,0.008148353210220737,-1.563467711714944,4.03608584599683,6.059603949400518,-28.512373198229835,112.27010611368587,34.9989574037016,0.17285933339896156,17581081081.08108
0.0037,0.0057,0.0002200000000000000,0.0018000000000000002,3,0.029500000000000002,0.007,0.00003500000000000000,0.0005000000000000000,0.001,17.62162162162162,-7.323592268615115,2.5109190858170694,0.008148000892141337,-1.4291571320267855,4.206774494600294,6.239492321559023,-28.55813877478589,112.84113212072157,34.360370310761596,0.17105471694602245,17621621621.62162
0.0037,0.0057,0.0002200000000000000,0.0018000000000000002,3,0.029500000000000002,0.007,0.00003500000000000000,0.0005000000000000000,0.001,17.662162162162165,-7.324427442890281,2.5106640845076593,0.00814835700840868,-1.303132952449517,4.372779174430249,6.4075754600529,-28.600007925242483,113.41984145384478,33.654976801392856,0.16940614459823183,17662162162.16216
0.0037,0.0057,0.0002200000000000000,0.0018000000000000002,3,0.029500000000000002,0.007,0.00003500000000000000,0.0005000000000000000,0.001,17.7027027027027,-7.327040846910128,2.5098665390869432,0.008149470915158344,-1.1847934037940806,4.53270110004852,6.5635708131778205,-28.637070075689152,114.00224502891622,32.87994755006915,0.16794364637266881,17702702702.70270
0.0037,0.0057,0.0002200000000000000,0.0018000000000000002,3,0.029500000000000002,0.007,0.00003500000000000000,0.0005000000000000000,0.001,17.743243243243246,-7.331537271221963,2.5084957517161977,0.008151385850390045,-1.073741331943319,4.6849329579436425,6.707033804525148,-28.668460624514253,114.58451817598849,32.032107855079964,0.16669496658754399,17743243243.24324
0.0037,0.0057,0.0002200000000000000,0.0018000000000000002,3,0.029500000000000002,0.007,0.00003500000000000000,0.0005000000000000000,0.001,17.783783783783782,-7.338020190605297,2.5065224887031246,0.008154143305664732,-0.9697930510416548,4.827607641372973,6.837319660419308,-28.693329314185885,115.1628975870863,31.107732992992485,0.16568711230155542,17783783783.78378
0.0037,0.0057,0.0002200000000000000,0.0018000000000000002,3,0.029500000000000002,0.007,0.00003500000000000000,0.0005000000000000000,0.001,17.824324324324326,-7.34660393314075,2.5039154526233047,0.008157788001041912,-0.8729904296655566,4.958534716474113,6.953533582309915,-28.71079986214681,115.7335299834556,30.102322476022515,0.16494820689010378,17824324324.32433
0.0037,0.0057,0.0002200000000000000,0.0018000000000000002,3,0.029500000000000002,0.007,0.00003500000000000000,0.0005000000000000000,0.001,17.864864864864867,-7.357428376720016,2.500637058193661,0.00816237385021355,-0.7836169042707672,5.075122705432156,7.054465470084738,-28.71991755137587,116.29225378525645,29.01034688846957,0.1645097955250171,17864864864.86486
0.0037,0.0057,0.0002200000000000000,0.0018000000000000002,3,0.029500000000000002,0.007,0.00003500000000000000,0.0005000000000000000,0.001,17.905405405405407,-7.37067768966848,2.4966381243406137,0.008167971476650576,-0.7022185597090201,5.174285686383588,7.138504036218674,-28.71958047109691,116.83428455517634,27.824963361195817,0.16440981490582773,17905405405.40541
0.0037,0.0057,0.0002200000000000000,0.0018000000000000002,3,0.029500000000000002,0.007,0.00003500000000000000,0.0005000000000000000,0.001,17.945945945945947,-7.386605281798353,2.4918509395236965,0.008174678069002921,-0.6296321059739157,5.252334241212188,7.203523553639871,-28.708449074557194,117.35376057672471,26.537701864320983,0.1646965242911601,17945945945.94595
0.0037,0.0057,0.0002200000000000000,0.0018000000000000002,3,0.029500000000000002,0.007,0.00003500000000000000,0.0005000000000000000,0.001,17.986486486486488,-7.405568042822534,2.486179954243648,0.00818263066535064,-0.5670224412500036,5.304854741324741,7.246734964551145,-28.684827914594365,117.84308546534925,25.138137503637168,0.1654338052772401,17986486486.48649
0.0037,0.0057,0.0002200000000000000,0.0018000000000000002,3,0.029500000000000002,0.007,0.00003500000000000000,0.0005000000000000000,0.001,18.027027027027028,-7.428074226731174,2.479489094801905,0.008192024348874257,-0.515933384523524,5.326589602608435,7.264492370160043,-28.646513409959535,118.29197946373999,23.613589482882688,0.16670837742514483,18027027027.02703
0.0037,0.0057,0.0002200000000000000,0.0018000000000000002,3,0.029500000000000002,0.007,0.00003500000000000000,0.0005000000000000000,0.001,18.06756756756757,-7.454851119435806,2.4715843815622858,0.008203137322602715,-0.47835579095216846,5.311348004806786,7.252047577580273,-28.590603550413938,118.68612111546521,21.94893497731399,0.16863963872422444,18067567567.56757
0.0037,0.0057,0.0002200000000000000,0.0018000000000000002,3,0.029500000000000002,0.007,0.00003500000000000000,0.0005000000000000000,0.001,18.10810810810811,-7.486941004456083,2.4621902215452507,0.008216365354438836,-0.4568169707875642,5.252006456772867,7.203252513357783,-28.513272057647676,119.0052326407974,20.126711668387152,0.17139298855836857,18108108108.10811
0.0037,0.0057,0.0002200000000000000,0.0018000000000000002,3,0.029500000000000002,0.007,0.00003500000000000000,0.0005000000000000000,0.001,18.14864864864865,-7.525836867426876,2.4509175841375463,0.008232268449614165,-0.4544926411043509,5.14070608745622,7.110227744087951,-28.409525144366555,119.22045475640547,18.12782993074288,0.17519752292053875,18148648648.64865
0.0037,0.0057,0.0002200000000000000,0.0018000000000000002,3,0.029500000000000002,0.007,0.00003500000000000000,0.0005000000000000000,0.001,18.18918918918919,-7.573672220206288,2.4372226561353876,0.008251632286285693,-0.4753343237098068,4.969417698858777,6.963055024177772,-28.27299068322676,119.29091762209868,15.933454288365983,0.18036865434865829,18189189189.18919
0.0037,0.0057,0.0002200000000000000,0.0018000000000000002,3,0.029500000000000002,0.007,0.00003500000000000000,0.0005000000000000000,0.001,18.22972972972973,-7.633480566583741,2.4203564051509487,0.008275544692301419,-0.5241843976639261,4.731106838682333,6.749627554732719,-28.09584606800833,119.15964794792336,13.5289623295826,0.18733494827979844,18229729729.72973
0.0037,0.0057,0.0002200000000000000,0.0018000000000000002,3,0.029500000000000002,0.007,0.00003500000000000000,0.0005000000000000000,0.001,18.270270270270274,-7.709534552481228,2.3993105830337926,0.008305480602129878,-0.3596621503568326,4.680651294850372,6.7030628770653475,-27.869077344900937,118.74955400281057,10.911297442783914,0.1966651905599881,18270270270.27027
0.0037,0.0057,0.0002200000000000000,0.0018000000000000002,3,0.029500000000000002,0.007,0.00003500000000000000,0.0005000000000000000,0.001,18.31081081081081,-7.807751553400154,2.372777296965065,0.008343372582801278,-0.17849517070863433,4.5901673808324235,6.618285224101395,-27.583364015495683,117.96149281060522,8.101234121143383,0.20908455870311418,18310810810.81081
0.0037,0.0057,0.0002200000000000000,0.0018000000000000002,3,0.029500000000000002,0.007,0.00003500000000000000,0.0005000000000000000,0.001,18.351351351351354,-7.9360885622093305,2.339161711805841,0.008391610816532946,0.01895915001831778,4.45487043917315,6.4883507798672575,-27.230938289041468,116.67856528255244,5.161320751333215,0.2254555013519235,18351351351.35135
0.0037,0.0057,0.0002200000000000000,0.0018000000000000002,3,0.029500000000000002,0.007,0.00003500000000000000,0.0005000000000000000,0.001,18.39189189189189,-8.104706589202475,2.2967225794962154,0.008452860974355351,0.3416769570055045,4.3856582774851365,6.420347892238009,-26.80863367404153,114.7832817656437,2.217089153849376,0.24667941309732097,18391891891.89189
0.0037,0.0057,0.0002200000000000000,0.0018000000000000002,3,0.029500000000000002,0.007,0.00003500000000000000,0.0005000000000000000,0.001,18.432432432432435,-8.325423618548776,2.2439502151514747,0.00852952502433104,1.3698282266094175,5.012913240602285,7.0009018826481135,-26.321825179129057,112.19441006556877,-0.5280059419129974,0.2734592601020794,18432432432.43243
0.0037,0.0057,0.0002200000000000000,0.0018000000000000002,3,0.029500000000000002,0.007,0.00003500000000000000,0.0005000000000000000,0.001,18.472972972972975,-8.60963002111433,2.1802748530972957,0.008622673200550289,2.4391104372486874,5.732629714441048,7.583538904632267,-25.78800920093467,108.92238284863362,-2.8028527514005153,0.305884276449147,18472972972.97297
0.0037,0.0057,0.0002200000000000000,0.0018000000000000002,3,0.029500000000000002,0.007,0.00003500000000000000,0.0005000000000000000,0.001,18.513513513513516,-8.963718934602168,2.107030434281213,0.008730513442447107,3.362246370853659,6.324717795417146,8.010411523573687,-25.23776729909524,105.12177372222946,-4.324300899354367,0.34291263283003637,18513513513.51352
0.0037,0.0057,0.0002200000000000000,0.0018000000000000002,3,0.029500000000000002,0.007,0.00003500000000000000,0.0005000000000000000,0.001,18.554054054054056,-9.381994462370372,2.0282259263685716,0.00884707633466695,4.112406153587436,6.7471915717573046,8.291230411729252,-24.71082651331026,101.09790341704993,-4.8946477414693845,0.382047686535565,18554054054.05405
0.0037,0.0057,0.0002200000000000000,0.0018000000000000002,3,0.029500000000000002,0.007,0.00003500000000000000,0.0005000000000000000,0.001,18.594594594594597,-9.839846798354086,1.950342318579723,0.008962434983702078,4.671375587988552,6.98648289593821,8.442586001669856,-24.24695023188409,97.23522159576687,-4.492579078846988,0.41964201008469615,18594594594.59460
0.0037,0.0057,0.0002200000000000000,0.0018000000000000002,3,0.029500000000000002,0.007,0.00003500000000000000,0.0005000000000000000,0.001,18.635135135135137,-10.293563169751131,1.8806762765221816,0.009065361464840351,5.036401477994935,7.05553246432426,8.485297945030968,-23.87504521222318,93.87288423994337,-3.2906566666028443,0.45197077458970664,18635135135.13514
0.0037,0.0057,0.0002200000000000000,0.0018000000000000002,3,0.029500000000000002,0.007,0.00003500000000000000,0.0005000000000000000,0.001,18.675675675675677,-10.692208842575834,1.8248767482181172,0.009147333666473476,5.222204609900719,6.984443418535381,8.441318034509525,-23.60616821365837,91.20462286726683,-1.5818040466873693,0.4765282560830407,18675675675.67567
0.0037,0.0057,0.0002200000000000000,0.0018000000000000002,3,0.029500000000000002,0.007,0.00003500000000000000,0.0005000000000000000,0.001,18.716216216216218,-10.99739839720572,1.7852155494541797,0.009205195787400783,5.256873294986986,6.809550664023124,8.331184554408997,-23.43398095895897,89.25898945627728,0.33093517978021847,0.4926844711858663,18716216216.21622
0.0037,0.0057,0.0002200000000000000,0.0018000000000000002,3,0.029500000000000002,0.007,0.00003500000000000000,0.0005000000000000000,0.001,18.756756756756758,-11.196913182227629,1.7606036344536198,0.00924088306211986,5.174233607895088,6.565178584614217,8.172465441738051,-23.341097088437014,87.94789878448748,2.21355585072679,0.501391326187576,18756756756.75676
0.0037,0.0057,0.0002200000000000000,0.0018000000000000002,3,0.029500000000000002,0.007,0.00003500000000000000,0.0005000000000000000,0.001,18.7972972972973,-11.302725062897208,1.7479500157267904,0.009259154761933121,5.006681221006463,6.279313511281764,7.97912166896643,-23.306727016326928,87.1342633098652,3.9251894437657824,0.5043777909311781,18797297297.29730
0.0037,0.0057,0.0002200000000000000,0.0018000000000000002,3,0.029500000000000002,0.007,0.00003500000000000000,0.0005000000000000000,0.001,18.83783783783784,-11.338591736590942,1.7437217421302964,0.009265247916352444,4.780796676873144,5.972396156435368,7.76148607299409,-23.31211895097649,86.6827023477004,5.40375292978477,0.5034206897853846,18837837837.83784
0.0037,0.0057,0.0002200000000000000,0.0018000000000000002,3,0.029500000000000002,0.007,0.00003500000000000000,0.0005000000000000000,0.001,18.878378378378383,-11.328242595726554,1.7449386616908824,0.009263494930653439,4.515789378597458,5.657882202919961,7.526539012060899,-23.343000951591858,86.48490121747314,6.63843047913576,0.49994823172260167,18878378378.37838
0.0037,0.0057,0.0002200000000000000,0.0018000000000000002,3,0.029500000000000002,0.007,0.00003500000000000000,0.0005000000000000000,0.001,18.91891891891892,-11.289466731745685,1.7495207605563123,0.009256889621513685,4.223697847918708,5.343480231553674,7.278242070373945,-23.389893369815226,86.46653719797443,7.6444266877013,0.49493204965940324,18918918918.91892
0.0037,0.0057,0.0002200000000000000,0.0018000000000000002,3,0.029500000000000002,0.007,0.00003500000000000000,0.0005000000000000000,0.001,18.959459459459463,-11.233133384152719,1.756241720714984,0.00924718777750876,3.910257580025665,5.03242318186233,7.017771542615513,-23.44741719563686,86.58497032931785,8.444757774092972,0.4889321593080476,18959459459.45946
0.0037,0.0057,0.0002200000000000000,0.0018000000000000002,3,0.029500000000000002,0.007,0.00003500000000000000,0.0005000000000000000,0.001,19,-11.164484444663037,1.7645362128549786,0.009235193526006004,3.9530522288485326,5.153308384472396,7.120861323052964,-23.513349087891655,86.82392748101373,9.058236452797676,0.4821909894338561,19000000000.00000
0.0037,0.005889999999999999,0.0002000000000000000,0.001574,3,0.029500000000000002,0.007,0.00003500000000000000,0.0005000000000000000,0.001,16,-9.129633685161616,2.0748286519914707,0.008778097280220151,-6.609006774360431,5.30374178512521,7.245823721039103,-34.42082660086018,81.82826370399722,35.56746814224356,0.041163941322474785,16000000000.00000
0.0037,0.005889999999999999,0.0002000000000000000,0.001574,3,0.029500000000000002,0.007,0.00003500000000000000,0.0005000000000000000,0.001,16.04054054054054,-9.149197204743045,2.07111544578393,0.00878358916605771,-6.57712770223121,5.236736095800949,7.190606882751202,-34.33101444129523,82.05901432063307,35.28508267940736,0.04199780004431495,16040540540.54054
0.0037,0.005889999999999999,0.0002000000000000000,0.001574,3,0.029500000000000002,0.007,0.00003500000000000000,0.0005000000000000000,0.001,16.08108108108108,-9.169353133530686,2.06730787169216,0.008789221538654532,-6.538717201660836,5.171805405379349,7.136421757288801,-34.235634845795495,82.28625913839272,34.9957459922125,0.04290284616184203,16081081081.08108
0.0037,0.005889999999999999,0.0002000000000000000,0.001574,3,0.029500000000000002,0.007,0.00003500000000000000,0.0005000000000000000,0.001,16.121621621621625,-9.190141609809158,2.0633998933091746,0.008795003351430101,-6.499220767016722,5.10225093437935,7.077618138849752,-34.134478813003284,82.50956704400012,34.69931587129694,0.04388500067912399,16121621621.62162
0.0037,0.005889999999999999,0.0002000000000000000,0.001574,3,0.029500000000000002,0.007,0.00003500000000000000,0.0005000000000000000,0.001,16.162162162162165,-9.211604638906222,2.05938530481865,0.008800943808101466,-6.458319872379455,5.028460618940776,7.014350532425785,-34.027377923447204,82.72846764884629,34.39566882295614,0.04495033777228364,16162162162.16216
0.0037,0.005889999999999999,0.0002000000000000000,0.001574,3,0.029500000000000002,0.007,0.00003500000000000000,0.0005000000000000000,0.001,16.202702702702705,-9.233786034742872,2.0552577585285894,0.008807052321054505,-6.415713476852375,4.950850600236702,6.9467982100493,-33.9142059227657,82.94244818572024,34.084705294274364,0.04610508545427569,16202702702.70270
0.0037,0.005889999999999999,0.0002000000000000000,0.001574,3,0.029500000000000002,0.007,0.00003500000000000000,0.0005000000000000000,0.001,16.243243243243246,-9.256731272879437,2.0510108093672073,0.008813338444390816,-6.371122167912572,4.869857073489355,6.87516215197023,-33.79487984036687,83.15095053440692,33.766356080160506,0.04735562447695453,16243243243.24324
0.0037,0.005889999999999999,0.0002000000000000000,0.001574,3,0.029500000000000002,0.007,0.00003500000000000000,0.0005000000000000000,0.001,16.283783783783782,-9.280487226839053,2.0466379808824646,0.008819811774880474,-6.310998951469823,4.800599863331644,6.812955084292456,-33.66936086698496,83.35336857120755,33.44059009225088,0.0487084821603869,16283783783.78378
0.0037,0.005889999999999999,0.0002000000000000000,0.001574,3,0.029500000000000002,0.007,0.00003500000000000000,0.0005000000000000000,0.001,16.324324324324326,-9.305101752954496,2.0421328581583036,0.008826481812755962,-6.241109596686279,4.736332656435479,6.75442197469239,-33.53765526468129,83.54904610472448,33.10742367284034,0.05017031673961067,16324324324.32432
0.0037,0.005889999999999999,0.0002000000000000000,0.001574,3,0.029500000000000002,0.007,0.00003500000000000000,0.0005000000000000000,0.001,16.364864864864867,-9.33062308148305,2.0374892140020644,0.008833357772889155,-6.1685512459494,4.66930515840601,6.692522577991065,-33.39981561597496,83.73727574380946,32.76693162812276,0.05174788658073926,16364864864.86486
0.0037,0.005889999999999999,0.0002000000000000000,0.001574,3,0.029500000000000002,0.007,0.00003500000000000000,0.0005000000000000000,0.001,16.405405405405407,-9.357098963561423,2.032701175692782,0.008840448335513132,-6.093230415606158,4.599869618146787,6.62745521915948,-33.25594273044504,83.91729914517688,32.41926012622935,0.053447997265144584,16405405405.40541
0.0037,0.005889999999999999,0.0002000000000000000,0.001574,3,0.029500000000000002,0.007,0.00003500000000000000,0.0005000000000000000,0.001,16.445945945945947,-9.384575515291488,2.027763440387554,0.008847761324468385,-6.015091735759529,4.528382218734433,6.559430764137863,-33.10618851316491,84.08830920641202,32.064641547625016,0.05527741812743687,16445945945.94595
0.0037,0.005889999999999999,0.0002000000000000000,0.001574,3,0.029500000000000002,0.007,0.00003500000000000000,0.0005000000000000000,0.001,16.486486486486488,-9.4130956928004,2.022671547782669,0.008855303300239887,-5.934122037109907,4.455200386461477,6.488672425541033,-32.95076005598807,84.24945490242591,31.70341127593063,0.057242758461548325,16486486486.48649
0.0037,0.005889999999999999,0.0002000000000000000,0.001574,3,0.029500000000000002,0.007,0.00003500000000000000,0.0005000000000000000,0.001,16.527027027027028,-9.442697327100387,2.017422218539192,0.008863079055224175,-5.850355239408939,4.380680834941642,6.415416127597822,-32.78992513640726,84.39984960057551,31.336026262200953,0.05935029245094132,16527027027.02703
0.0037,0.005889999999999999,0.0002000000000000000,0.001574,3,0.029500000000000002,0.007,0.00003500000000000000,0.0005000000000000000,0.001,16.56756756756757,-9.473410647306848,2.0120137659356567,0.008871091000284489,-5.763878121364593,4.305178291652319,6.3399114173100015,-32.624019195748694,84.53858381698865,30.963084969494105,0.061605721205120055,16567567567.56757
0.0037,0.005889999999999999,0.0002000000000000000,0.001574,3,0.029500000000000002,0.007,0.00003500000000000000,0.0005000000000000000,0.001,16.60810810810811,-9.505255228506575,2.006446585719955,0.008879338435437525,-5.674836937741557,4.229044814125748,6.262422872808337,-32.45345371643556,84.6647434688882,30.58534799365436,0.06401386047830049,16608108108.10811
0.0037,0.005889999999999999,0.0002000000000000000,0.001574,3,0.029500000000000002,0.007,0.00003500000000000000,0.0005000000000000000,0.001,16.64864864864865,-9.538236320542843,2.0007237246194087,0.008887816704329919,-5.583444696901313,4.152629571698164,6.183231923324872,-32.27872572561171,84.77743469978722,30.20375825123885,0.06657824423223808,16648648648.64865
0.0037,0.005889999999999999,0.0002000000000000000,0.001574,3,0.029500000000000002,0.007,0.00003500000000000000,0.0005000000000000000,0.001,16.68918918918919,-9.572340551311678,1.9948515208080844,0.008896516242928013,-5.489988723434354,4.076278947132192,6.102638959072707,-32.10042792242119,84.87581625697194,29.819459129700174,0.0693006378227543,16689189189.18919
0.0037,0.005889999999999999,0.0002000000000000000,0.001574,3,0.029500000000000002,0.007,0.00003500000000000000,0.0005000000000000000,0.001,16.729729729729733,-9.607531058268716,1.9888402992733318,0.008905421548366257,-5.394837918587882,4.000336795888668,6.020965569375846,-31.919258666818354,84.95914012567778,29.433808430244262,0.07218046095551278,16729729729.72973
0.0037,0.005889999999999999,0.0002000000000000000,0.001574,3,0.029500000000000002,0.007,0.00003500000000000000,0.0005000000000000000,0.001,16.770270270270274,-9.64374218952361,1.9827050911597524,0.008914510114608927,-5.298448911051837,3.9251446907618592,5.938556705694886,-31.73603079599815,85.02680060803881,29.048385351810108,0.07521413033393795,16770270270.27027
0.0037,0.005889999999999999,0.0002000000000000000,0.001574,3,0.029500000000000002,0.007,0.00003500000000000000,0.0005000000000000000,0.001,16.81081081081081,-9.680874033370927,1.9764663290273927,0.008923751407093781,-5.201370090606771,3.8510419747196547,5.855782522736734,-31.551677978881653,85.07839122193798,28.664987255951083,0.07839434550837361,16810810810.81081
0.0037,0.005889999999999999,0.0002000000000000000,0.001574,3,0.029500000000000002,0.007,0.00003500000000000000,0.0005000000000000000,0.001,16.85135135135135,-9.718787179550906,1.9701504506276644,0.008933105977165455,-5.104242369859177,3.778365449230695,5.773039612376407,-31.367257119873187,85.11376765917777,28.285612649889543,0.08170935867107809,16851351351.35135
0.0037,0.005889999999999999,0.0002000000000000000,0.001574,3,0.029500000000000002,0.007,0.00003500000000000000,0.0005000000000000000,0.001,16.89189189189189,-9.757298275854634,1.9637903245720016,0.008942524845387424,-5.007795468016541,3.70744854163939,5.690751318549301,-31.183945232154148,85.13311361347692,27.9124268992884,0.08514228892069589,16891891891.89189
0.0037,0.005889999999999999,0.0002000000000000000,0.001574,3,0.029500000000000002,0.007,0.00003500000000000000,0.0005000000000000000,0.001,16.93243243243243,-9.796177097380387,1.9574253958905545,0.008951949305107159,-4.9128385977370685,3.638619828866428,5.6093668189826555,-31.003029275544346,85.13700468281627,27.547707819925687,0.08867056144197077,16932432432.43243
0.0037,0.005889999999999999,0.0002000000000000000,0.001574,3,0.029500000000000002,0.007,0.00003500000000000000,0.0005000000000000000,0.001,16.972972972972975,-9.835145957590338,1.9511014430150144,0.008961311306389889,-4.733112713755675,3.6445932608888088,5.616490677958248,-30.825887746586726,85.12646399247345,27.193769655636732,0.09226556824689958,16972972972.97297
0.0037,0.005889999999999999,0.0002000000000000000,0.001574,3,0.029500000000000002,0.007,0.00003500000000000000,0.0005000000000000000,0.001,17.013513513513516,-9.873882314122696,1.944869845959554,0.008970534567084578,-4.480302736056018,3.7169300290273157,5.701843856065264,-30.65396335162624,85.10300200843277,26.85286609494958,0.09589265446819742,17013513513.51351
0.0037,0.005889999999999999,0.0002000000000000000,0.001574,3,0.029500000000000002,0.007,0.00003500000000000000,0.0005000000000000000,0.001,17.054054054054056,-9.912025308637542,1.9387862935763422,0.008979536514855845,-4.243035341606871,3.782884442451996,5.778230748978299,-30.48872688230226,85.06863261983193,26.527075812594376,0.09951152709658079,17054054054.05405
0.0037,0.005889999999999999,0.0002000000000000000,0.001574,3,0.029500000000000002,0.007,0.00003500000000000000,0.0005000000000000000,0.001,17.094594594594597,-9.94918668988172,1.9329089083526514,0.008988231087922556,-4.023400638599346,3.8414705204780164,5.844975047523158,-30.33163338986167,85.02585835135507,26.21817722877821,0.10307715693869468,17094594594.59460
0.0037,0.005889999999999999,0.0002000000000000000,0.001574,3,0.029500000000000002,0.007,0.00003500000000000000,0.0005000000000000000,0.001,17.135135135135137,-9.984966093333366,1.927295838199709,0.008996532316510998,-3.8233256073694664,3.8917941780540386,5.901498640477483,-30.18407280457216,84.9776197667405,25.927522216969965,0.1065411978343919,17135135135.13514
0.0037,0.005889999999999999,0.0002000000000000000,0.001574,3,0.029500000000000002,0.007,0.00003500000000000000,0.0005000000000000000,0.001,17.175675675675677,-10.018970027074426,1.9220024478210656,0.009004358484273936,-3.644509887865049,3.9330874133371414,5.947335987636992,-30.047318106126923,84.9272077086202,25.655920673221196,0.10985388298367707,17175675675.67568
0.0037,0.005889999999999999,0.0002000000000000000,0.001574,3,0.029500000000000002,0.007,0.00003500000000000000,0.0005000000000000000,0.001,17.216216216216218,-10.05083323648086,1.917078323122168,0.009011636550738944,-3.4883674725534997,3.964737184562424,5.982144039922705,-29.92247483418936,84.87814158658149,25.403548507072,0.11296628550327353,17216216216.21622
0.0037,0.005889999999999999,0.0002000000000000000,0.001574,3,0.029500000000000002,0.007,0.00003500000000000000,0.0005000000000000000,0.001,17.256756756756758,-10.080240530414958,1.9125643627259707,0.009018306428774011,-3.3559783045180263,3.9863071150017992,6.005707547790598,-29.810435973224628,84.83402171985395,25.169890276642697,0.11583276271234295,17256756756.75676
0.0037,0.005889999999999999,0.0002000000000000000,0.001574,3,0.029500000000000002,0.007,0.00003500000000000000,0.0005000000000000000,0.001,17.2972972972973,-10.106946804191963,1.9084902538949446,0.00902432467986261,-3.248053160289688,3.997550802388172,6.017939916319449,-29.711845955632118,84.7983678031343,24.95372433304312,0.11841335669170627,17297297297.29730
0.0037,0.005889999999999999,0.0002000000000000000,0.001574,3,0.029500000000000002,0.007,0.00003500000000000000,0.0005000000000000000,0.001,17.33783783783784,-10.130793011006865,1.9048726055531415,0.009029667229301286,-3.16491415697379,3.9984162224360076,6.01888000812224,-29.62707670973547,84.77445798126872,24.753153434467375,0.12067591028729896,17337837837.83784
0.0037,0.005889999999999999,0.0002000000000000000,0.001574,3,0.029500000000000002,0.007,0.00003500000000000000,0.0005000000000000000,0.001,17.378378378378383,-10.151716254671381,1.9017139390823852,0.00903433081173898,-3.1064919031331986,3.9890414045822498,6.008685441284093,-29.556217452848557,84.76518320617471,24.56567823317671,0.1225976838816558,17378378378.37838
0.0037,0.005889999999999999,0.0002000000000000000,0.001574,3,0.029500000000000002,0.007,0.00003500000000000000,0.0005000000000000000,0.001,17.41891891891892,-10.169752937718625,1.899002630650735,0.00903833301567577,-3.072338915630871,3.9697421379860196,5.987622972701978,-29.499078500449237,84.77292944224494,24.38830591856931,0.12416632038043303,17418918918.91892
0.0037,0.005889999999999999,0.0002000000000000000,0.001574,3,0.029500000000000002,0.007,0.00003500000000000000,0.0005000000000000000,0.001,17.459459459459463,-10.18503484254259,1.8967137784798485,0.009041710971877948,-3.0616576693542505,3.9409928846931708,5.956056507647956,-29.4552079747529,84.79949636545577,24.217682585121473,0.12538009145868473,17459459459.45946
0.0037,0.005889999999999999,0.0002000000000000000,0.001574,3,0.029500000000000002,0.007,0.00003500000000000000,0.0005000000000000000,0.001,17.5,-10.19777894533741,1.8948108588960824,0.009044518889878575,-3.0733407151311134,3.903402317585939,5.914433156427542,-29.423919170133537,84.84605633571765,24.050236173576362,0.12624744942749525,17500000000.00000
0.0037,0.005889999999999999,0.0002000000000000000,0.001574,3,0.029500000000000002,0.007,0.00003500000000000000,0.0005000000000000000,0.001,17.540540540540544,-10.208272476475411,1.893247956194541,0.009046824760195842,-3.106019800323417,3.857684976042028,5.863267596602142,-29.404325617132393,84.91315260263337,23.882317185591425,0.126785988294518,17540540540.54054
0.0037,0.005889999999999999,0.0002000000000000000,0.001574,3,0.029500000000000002,0.007,0.00003500000000000000,0.0005000000000000000,0.001,17.581081081081084,-10.216855130128282,1.891972313935226,0.009048706592702621,-3.158120869797028,3.8046304756274556,5.803124823446755,-29.395380630247093,85.00073176735988,23.710326414428273,0.12702097168325394,17581081081.08108
0.0037,0.005889999999999999,0.0002000000000000000,0.001574,3,0.029500000000000002,0.007,0.00003500000000000000,0.0005000000000000000,0.001,17.62162162162162,-10.22390036744077,1.8909269591817162,0.009050248554407324,-3.2279221398023985,3.7450715658250084,5.734601211932762,-29.395918284184802,85.10820296522832,23.530822001193435,0.12698360865884234,17621621621.62162
0.0037,0.005889999999999999,0.0002000000000000000,0.001574,3,0.029500000000000002,0.007,0.00003500000000000000,0.0005000000000000000,0.001,17.662162162162165,-10.229797511589853,1.8900531875168967,0.009051537315961372,-3.2264551182330696,3.754448549158499,5.745461571471489,-29.40469322788484,85.23451516479967,23.34060148788761,0.12670925312803558,17662162162.16216
0.0037,0.005889999999999999,0.0002000000000000000,0.001574,3,0.029500000000000002,0.007,0.00003500000000000000,0.0005000000000000000,0.001,17.7027027027027,-10.234935908644294,1.8892927519667768,0.009052658835135863,-3.0835399638458973,3.8946092849902487,5.904638949010003,-29.42041737733725,85.3782441898544,23.13675759038403,0.12623567560849883,17702702702.70270
0.0037,0.005889999999999999,0.0002000000000000000,0.001574,3,0.029500000000000002,0.007,0.00003500000000000000,0.0005000000000000000,0.001,17.743243243243246,-10.239691943759507,1.8885896594764096,0.009053695717219323,-2.9592239432198757,4.027937465281094,6.050827194053719,-29.44179219387926,85.53768216709679,22.916708775545455,0.12560151742898887,17743243243.24324
0.0037,0.005889999999999999,0.0002000000000000000,0.001574,3,0.029500000000000002,0.007,0.00003500000000000000,0.0005000000000000000,0.001,17.783783783783782,-10.24441925446849,1.887891533495996,0.009054725212352953,-2.852128066435328,4.15351758586959,6.184160535950331,-29.467535851101708,85.71092364575696,22.67820725728978,0.12484499599640156,17783783783.78378
0.0037,0.005889999999999999,0.0002000000000000000,0.001574,3,0.029500000000000002,0.007,0.00003500000000000000,0.0005000000000000000,0.001,17.824324324324326,-10.249442131373968,1.8871505440689396,0.009055817847530925,-2.760976265020963,4.270419677550466,6.30470557621752,-29.496405057707086,85.89594424630391,22.419327779745945,0.12400289256076179,17824324324.32433
0.0037,0.005889999999999999,0.0002000000000000000,0.001574,3,0.029500000000000002,0.007,0.00003500000000000000,0.0005000000000000000,0.001,17.864864864864867,-10.255051863553318,1.886323935347245,0.009057036649498756,-2.684626341617442,4.377686449410895,6.412446521229095,-29.527211611560432,86.09066911219367,22.138440700696233,0.12310982492976405,17864864864.86486
0.0037,0.005889999999999999,0.0002000000000000000,0.001574,3,0.029500000000000002,0.007,0.00003500000000000000,0.0005000000000000000,0.001,17.905405405405407,-10.261505665120678,1.8853741956485812,0.009058436892660475,-2.6220933200812975,4.474322903014056,6.507273230634343,-29.558833919928187,86.29302952197727,21.834172638776995,0.12219778813024307,17905405405.40541
0.0037,0.005889999999999999,0.0002000000000000000,0.001574,3,0.029500000000000002,0.007,0.00003500000000000000,0.0005000000000000000,0.001,17.945945945945947,-10.269027787808238,1.8842689197987084,0.009060066299304805,-2.572566196484542,4.559289109860651,6.588971321967297,-29.590223760979875,86.50100673670661,21.505357503401004,0.12129593544372685,17945945945.94595
0.0037,0.005889999999999999,0.0002000000000000000,0.001574,3,0.029500000000000002,0.007,0.00003500000000000000,0.0005000000000000000,0.001,17.986486486486488,-10.277812453826156,1.8829804109473398,0.009061965623083548,-2.5354191635401824,4.631496563249995,6.657213461241739,-29.62040852144696,86.71266254802924,21.150980242269004,0.12043056879107591,17986486486.48649
0.0037,0.005889999999999999,0.0002000000000000000,0.001574,3,0.029500000000000002,0.007,0.00003500000000000000,0.0005000000000000000,0.001,18.027027027027028,-10.288028307949855,1.8814850623412696,0.009064169556316136,-2.510218435713214,4.689808223129989,6.711550837941261,-29.64848906427525,86.92615612719524,20.770115215997617,0.11962530901023029,18027027027.02703
0.0037,0.005889999999999999,0.0002000000000000000,0.001574,3,0.029500000000000002,0.007,0.00003500000000000000,0.0005000000000000000,0.001,18.06756756756757,-10.299824168287078,1.8797625509882854,0.009066707914006324,-2.496725859225986,4.733042109342957,6.751403683543092,-29.673633292139826,87.139746733595,20.36186078866349,0.1189014212153911,18067567567.56757
0.0037,0.005889999999999999,0.0002000000000000000,0.001574,3,0.029500000000000002,0.007,0.00003500000000000000,0.0005000000000000000,0.001,18.10810810810811,-10.313335940383794,1.877794866042118,0.009069607060560187,-2.494900554256884,4.759978118126675,6.776049562501818,-29.69506539954947,87.3517816820018,19.925271513009875,0.11827827671126018,18108108108.10811
0.0037,0.005889999999999999,0.0002000000000000000,0.001574,3,0.029500000000000002,0.007,0.00003500000000000000,0.0005000000000000000,0.001,18.14864864864865,-10.328694645423287,1.8755651855215096,0.009072891558438547,-2.504899913721839,4.769367682439672,6.7846080456834486,-29.71205075832827,87.56066872037337,19.459289175279523,0.11777393997540749,18148648648.64865
0.0037,0.005889999999999999,0.0002000000000000000,0.001574,3,0.029500000000000002,0.007,0.00003500000000000000,0.0005000000000000000,0.001,18.18918918918919,-10.346035602798276,1.8730566053591566,0.009076586031766226,-2.5270813771282663,4.759946005150078,6.776020262922634,-29.723876355684496,87.76483162889899,18.962673930679255,0.11740587673195112,18189189189.18919
0.0037,0.005889999999999999,0.0002000000000000000,0.001574,3,0.029500000000000002,0.007,0.00003500000000000000,0.0005000000000000000,0.001,18.22972972972973,-10.365508907542164,1.8702507139967852,0.009080717253328423,-2.562006522815499,4.73044688086921,6.749021700672194,-29.729826691073043,87.96264737615712,18.433936808467816,0.11719178726972457,18229729729.72973
0.0037,0.005889999999999999,0.0002000000000000000,0.001574,3,0.029500000000000002,0.007,0.00003500000000000000,0.0005000000000000000,0.001,18.270270270270274,-10.387291464878299,1.867125992757869,0.009085316481874198,-2.6104491944485426,4.67962059198544,6.7021064335475895,-29.729155024886982,88.15236249239678,17.87127503296379,0.11715057841293641,18270270270.27027
0.0037,0.005889999999999999,0.0002000000000000000,0.001574,3,0.029500000000000002,0.007,0.00003500000000000000,0.0005000000000000000,0.001,18.31081081081081,-10.411601001532047,1.8636560058668754,0.009090422099821648,-2.6734096300091896,4.6062560066977225,6.633480715366896,-29.721049850485226,88.3319853568195,17.272511984022692,0.11730349866348687,18310810810.81081
0.0037,0.005889999999999999,0.0002000000000000000,0.001574,3,0.029500000000000002,0.007,0.00003500000000000000,0.0005000000000000000,0.001,18.351351351351354,-10.438712684183267,1.8598073230107257,0.009096082630936354,-2.75213692890081,4.509208817609297,6.541003475788171,-29.704596435388332,88.4991497493363,16.635044373261415,0.11767547486679218,18351351351.35135
0.0037,0.005889999999999999,0.0002000000000000000,0.001574,3,0.029500000000000002,0.007,0.00003500000000000000,0.0005000000000000000,0.001,18.39189189189189,-10.468979262090501,1.855537090544543,0.009102360254799158,-2.800902340230661,4.435444132627075,6.469371133880028,-29.678733273178217,88.65094319736892,15.955800612278953,0.11829670622501792,18391891891.89189
0.0037,0.005889999999999999,0.0002000000000000000,0.001574,3,0.029500000000000002,0.007,0.00003500000000000000,0.0005000000000000000,0.001,18.432432432432435,-10.502856043126133,1.8507901337411037,0.009109334980966015,-2.7874053202911355,4.41536364208985,6.449664771660214,-29.642203363536485,88.7836912953388,15.231216823120343,0.11920459342284177,18432432432.43243
0.0037,0.005889999999999999,0.0002000000000000000,0.001574,3,0.029500000000000002,0.007,0.00003500000000000000,0.0005000000000000000,0.001,18.472972972972975,-10.540932548569291,1.8454954313585958,0.0091171097005372,-2.773529340116499,4.383835982139752,6.418542969853983,-29.59350050569261,88.8926863173164,14.45724115235755,0.12044610741461859,18472972972.97297
0.0037,0.005889999999999999,0.0002000000000000000,0.001574,3,0.029500000000000002,0.007,0.00003500000000000000,0.0005000000000000000,0.001,18.513513513513516,-10.583973420202835,1.8395617562779978,0.00912581639341594,-2.615331864838639,4.485591132704146,6.518196845605947,-29.53081144294389,88.97184531963023,13.62938401074258,0.12208073320683284,18513513513.51352
0.0037,0.005889999999999999,0.0002000000000000000,0.001574,3,0.029500000000000002,0.007,0.00003500000000000000,0.0005000000000000000,0.001,18.554054054054056,-10.632972127388511,1.8328722269659268,0.009135623826106588,-2.3944756729178582,4.639660964587365,6.6648624637633604,-29.451956051666166,89.01328024264491,12.742843082936538,0.12418415494031707,18554054054.05405
0.0037,0.005889999999999999,0.0002000000000000000,0.001574,3,0.029500000000000002,0.007,0.00003500000000000000,0.0005000000000000000,0.001,18.594594594594597,-10.689222286453337,1.8252774776243665,0.009146747103261974,-2.16789141766942,4.785315348160616,6.799105626882773,-29.354330329328096,89.00676193229769,11.792749596293715,0.12685286945126262,18594594594.59460
0.0037,0.005889999999999999,0.0002000000000000000,0.001574,3,0.029500000000000002,0.007,0.00003500000000000000,0.0005000000000000000,0.001,18.635135135135137,-10.754412951664634,1.8165871619736425,0.009159459382287263,-1.9358697921148857,4.917778988776939,6.917690070965978,-29.234861451967316,88.93906507273648,10.774609222459365,0.13020990249559308,18635135135.13514
0.0037,0.005889999999999999,0.0002000000000000000,0.001574,3,0.029500000000000002,0.007,0.00003500000000000000,0.0005000000000000000,0.001,18.675675675675677,-10.830755897024622,1.8065596254141583,0.009174105811239175,-1.6989744575048502,5.03112914913971,7.016654658128905,-29.089991667230464,88.79319884987414,9.685050113265783,0.13441170448105558,18675675675.67567
0.0037,0.005889999999999999,0.0002000000000000000,0.001574,3,0.029500000000000002,0.007,0.00003500000000000000,0.0005000000000000000,0.001,18.716216216216218,-10.921154096872963,1.7948899527161515,0.009191119081906134,-1.4582065845062484,5.118228626979602,7.091196815546816,-28.91571947062228,88.54757201202112,8.523043299481113,0.13965601964459798,18716216216.21622
0.0037,0.005889999999999999,0.0002000000000000000,0.001574,3,0.029500000000000002,0.007,0.00003500000000000000,0.0005000000000000000,0.001,18.756756756756758,-11.029419762582208,1.7811974935412314,0.009211034479997757,-1.2152514661717864,5.170798276143638,7.135575953496094,-28.70774333949532,88.17523373620851,7.291821673594557,0.1461898626383751,18756756756.75676
0.0037,0.005889999999999999,0.0002000000000000000,0.001574,3,0.029500000000000002,0.007,0.00003500000000000000,0.0005000000000000000,0.001,18.7972972972973,-11.160543632359305,1.7650158752392626,0.009234499221393914,-0.9199515293492959,5.243191039043909,7.195956818012872,-28.46177485721361,87.64350820045266,6.001769309332385,0.15431536317193995,18797297297.29730
0.0037,0.005889999999999999,0.0002000000000000000,0.001574,3,0.029500000000000002,0.007,0.00003500000000000000,0.0005000000000000000,0.001,18.83783783783784,-11.320996317658965,1.74579223347232,0.009262265033520869,-0.26807846345442937,5.719003638894534,7.57320372880177,-28.17411015343668,86.91464195671365,4.674517768042623,0.16438863176731283,18837837837.83784
0.0037,0.005889999999999999,0.0002000000000000000,0.001574,3,0.029500000000000002,0.007,0.00003500000000000000,0.0005000000000000000,0.001,18.878378378378383,-11.518989861554001,1.7229090061321077,0.009295143005313821,0.3699817191542828,6.158999151549757,7.895101442628012,-27.842558965889484,85.94852321549212,3.3482284169057563,0.17680234773429862,18878378378.37838
0.0037,0.005889999999999999,0.0002000000000000000,0.001574,3,0.029500000000000002,0.007,0.00003500000000000000,0.0005000000000000000,0.001,18.91891891891892,-11.764510266906566,1.6957519121528777,0.009333885368378888,0.9860084117429124,6.537980275657894,8.154436060293214,-27.467803019448162,84.70900225248587,2.0833157792704626,0.19193635152722166,18918918918.91892
0.0037,0.005889999999999999,0.0002000000000000000,0.001574,3,0.029500000000000002,0.007,0.00003500000000000000,0.0005000000000000000,0.001,18.959459459459463,-12.068698088374948,1.6638599808545762,0.009378944816091287,1.567457811605232,6.82989871916747,8.344142635595967,-27.055145018372762,83.17541892577802,0.9664059353462529,0.21005427157879866,18959459459.45946
0.0037,0.005889999999999999,0.0002000000000000000,0.001574,3,0.029500000000000002,0.007,0.00003500000000000000,0.0005000000000000000,0.001,19,-12.441758891294299,1.6271983707898756,0.009430066597317112,2.096596782314804,7.011493558901457,8.45810539407264,-26.616361013392392,81.35968729165707,0.10820603741615153,0.231126178610188,19000000000.00000
0.0037,0.005889999999999999,0.0002000000000000000,0.0018000000000000002,3,0.029500000000000002,0.007,0.00003500000000000000,0.0005000000000000000,0.001,16,-6.650243530707984,2.738578671334019,0.007837402747352515,-2.0230794817726943,7.2001424804427465,8.573410905781875,-31.65476873950063,105.77353671051915,52.21678183733649,0.08716677158937562,16000000000.00000
0.0037,0.005889999999999999,0.0002000000000000000,0.0018000000000000002,3,0.029500000000000002,0.007,0.00003500000000000000,0.0005000000000000000,0.001,16.04054054054054,-6.672214518843415,2.7303864006292367,0.007848315714276688,-1.9224806254831714,7.152610817097754,8.544645951569548,-31.51936192613269,106.18729206679396,51.62773365985668,0.0898022756859835,16040540540.54054
0.0037,0.005889999999999999,0.0002000000000000000,0.0018000000000000002,3,0.029500000000000002,0.007,0.00003500000000000000,0.0005000000000000000,0.001,16.08108108108108,-6.695539534235227,2.7217509492644743,0.007859840966727668,-1.8218834362792675,7.093048201931303,8.50832911175424,-31.376074960375206,106.58249530013593,51.01665138485484,0.09267844645170867,16081081081.08108
0.0037,0.005889999999999999,0.0002000000000000000,0.0018000000000000002,3,0.029500000000000002,0.007,0.00003500000000000000,0.0005000000000000000,0.001,16.121621621621625,-6.720303452803396,2.7126515936012,0.007872009647409785,-1.7215252176813924,7.0214681965762615,8.464279330702961,-31.224948371723574,106.95629858861237,50.38395954696246,0.09581192043424239,16121621621.62162
0.0037,0.005889999999999999,0.0002000000000000000,0.0018000000000000002,3,0.029500000000000002,0.007,0.00003500000000000000,0.0005000000000000000,0.001,16.162162162162165,-6.746586423033451,2.7030707386933535,0.007884849093874742,-1.6217233676258482,6.938027539251939,8.412360193632644,-31.066149702331117,107.30564086679172,49.7304775981933,0.09921826853762249,16162162162.16216
0.0037,0.005889999999999999,0.0002000000000000000,0.0018000000000000002,3,0.029500000000000002,0.007,0.00003500000000000000,0.0005000000000000000,0.001,16.202702702702705,-6.774459853940935,2.692995370471679,0.00789838086205448,-1.522884631500131,6.843028303576906,8.352483362935267,-30.899987277409732,107.62728275858011,49.05750403905934,0.10291133227658408,16202702702.70270
0.0037,0.005889999999999999,0.0002000000000000000,0.0018000000000000002,3,0.029500000000000002,0.007,0.00003500000000000000,0.0005000000000000000,0.001,16.243243243243246,-6.803981227147665,2.682418836197479,0.007912618273173933,-1.42551432988795,6.736916509518714,8.284611651825738,-30.726923835183044,107.91786341620565,48.3669066459922,0.10690238681419506,16243243243.24324
0.0037,0.005889999999999999,0.0002000000000000000,0.0018000000000000002,3,0.029500000000000002,0.007,0.00003500000000000000,0.0005000000000000000,0.001,16.283783783783782,-6.835187562514666,2.67134297196245,0.007927563446460364,-1.330225244593228,6.62027702039884,8.208761625384081,-30.547589605069632,108.17398457546906,47.661214634382816,0.11119911043225734,16283783783.78378
0.0037,0.005889999999999999,0.0002000000000000000,0.0018000000000000002,3,0.029500000000000002,0.007,0.00003500000000000000,0.0005000000000000000,0.001,16.324324324324326,-6.86808741652258,2.659780570142161,0.0079432038138014,-1.237745678444596,6.493824662264504,8.125005581983576,-30.362794198355516,108.39232699287673,46.94370625573438,0.11580435018698078,16324324324.32432
0.0037,0.005889999999999999,0.0002000000000000000,0.0018000000000000002,3,0.029500000000000002,0.007,0.00003500000000000000,0.0005000000000000000,0.001,16.364864864864867,-6.902651394371953,2.6477581385665494,0.007959508168413735,-1.1489259889474783,6.358391621171409,8.033472731345809,-30.173536392592936,108.56980345965934,46.21848253133584,0.1207146912609812,16364864864.86486
0.0037,0.005889999999999999,0.0002000000000000000,0.0018000000000000002,3,0.029500000000000002,0.007,0.00003500000000000000,0.0005000000000000000,0.001,16.405405405405407,-6.938801330172673,2.6353188436106385,0.007976422383020822,-1.0647426408623062,6.214911313124379,7.93434935633253,-29.9810105620137,108.70375042180827,45.49051479639505,0.12591886496107177,16405405405.40541
0.0037,0.005889999999999999,0.0002000000000000000,0.0018000000000000002,3,0.029500000000000002,0.007,0.00003500000000000000,0.0005000000000000000,0.001,16.445945945945947,-6.976398552767455,2.6225254501767497,0.007993865046995171,-0.9862985495923783,6.064399081036595,7.827877732620401,-29.78660816025902,108.79215651584997,44.76565091245782,0.13139606876621912,16445945945.94595
0.0037,0.005889999999999999,0.0002000000000000000,0.0018000000000000002,3,0.029500000000000002,0.007,0.00003500000000000000,0.0005000000000000000,0.001,16.486486486486488,-7.015232016799079,2.6094629754317493,0.008011723413815465,-0.9148182364453306,5.90793025038665,7.714353593462412,-29.591912351209118,108.83392083369391,44.05056311749285,0.13711432089374773,16486486486.48649
0.0037,0.005889999999999999,0.0002000000000000000,0.0018000000000000002,3,0.029500000000000002,0.007,0.00003500000000000000,0.0005000000000000000,0.001,16.527027027027028,-7.055007528394058,2.5962406694852054,0.008029850207995154,-0.8516361488286848,5.746616262883072,7.5941219757278775,-29.39868368602534,108.82912653723004,43.35262049582009,0.14302902809322618,16527027027.02703
0.0037,0.005889999999999999,0.0002000000000000000,0.0018000000000000002,3,0.029500000000000002,0.007,0.00003500000000000000,0.0005000000000000000,0.001,16.56756756756757,-7.095339785465601,2.582992843338455,0.008048061988622965,-0.7981764938141406,5.5815797931402455,7.467571377080135,-29.20883474296331,108.77930715305608,42.67967207810205,0.14908200087189794,16567567567.56757
0.0037,0.005889999999999999,0.0002000000000000000,0.0018000000000000002,3,0.029500000000000002,0.007,0.00003500000000000000,0.0005000000000000000,0.001,16.60810810810811,-7.135749387374251,2.5698780108391635,0.008066139863191706,-0.7559231816623468,5.413929919238416,7.335126297342604,-29.024391996950033,108.68767477372833,42.039733606412646,0.15520119186757228,16608108108.10811
0.0037,0.005889999999999999,0.0002000000000000000,0.0018000000000000002,3,0.029500000000000002,0.007,0.00003500000000000000,0.0005000000000000000,0.001,16.64864864864865,-7.175667194805552,2.5570758333632018,0.008083833335353119,-0.7263790568054139,5.244738540947489,7.197238427575963,-28.84744397365532,108.55927347455803,41.440582440818126,0.16130144261536006,16648648648.64865
0.0037,0.005889999999999999,0.0002000000000000000,0.0018000000000000002,3,0.029500000000000002,0.007,0.00003500000000000000,0.0005000000000000000,0.001,16.68918918918919,-7.214448244785836,2.544781490269547,0.008100867895454746,-0.7110145486118351,5.075019292162961,7.054376975141161,-28.680076023835973,108.40101998604439,40.88928029882732,0.1672864818033882,16689189189.18919
0.0037,0.005889999999999999,0.0002000000000000000,0.0018000000000000002,3,0.029500000000000002,0.007,0.00003500000000000000,0.0005000000000000000,0.001,16.729729729729733,-7.251396662134848,2.533197368601548,0.008116956582119295,-0.7112071696479232,4.905710149648412,6.907018846516601,-28.524293786992295,108.22159935305321,40.3916604136884,0.1730523090064634,16729729729.72973
0.0037,0.005889999999999999,0.0002000000000000000,0.0018000000000000002,3,0.029500000000000002,0.007,0.00003500000000000000,0.0005000000000000000,0.001,16.770270270270274,-7.28580156399145,2.522522365582419,0.008131815159706162,-0.7281747893563945,4.737660777264739,6.755639614445389,-28.38193942036343,108.03119720773876,39.951830732573804,0.1784919193575389,16770270270.27027
0.0037,0.005889999999999999,0.0002000000000000000,0.0018000000000000002,3,0.029500000000000002,0.007,0.00003500000000000000,0.0005000000000000000,0.001,16.81081081081081,-7.316981928303904,2.5129395756601167,0.008145179841781376,-0.7629070703154248,4.571625355267667,6.600706327454162,-28.254606620063996,107.8410716196685,39.5717535932927,0.18350109503217008,16810810810.81081
0.0037,0.005889999999999999,0.0002000000000000000,0.0018000000000000002,3,0.029500000000000002,0.007,0.00003500000000000000,0.0005000000000000000,0.001,16.85135135135135,-7.344336152586163,2.504603590944319,0.008156825791373596,-0.8161005484134882,4.408261240570677,6.442673235879337,-28.14356191425854,107.66299298093011,39.250961015056916,0.18798475104345885,16851351351.35135
0.0037,0.005889999999999999,0.0002000000000000000,0.0018000000000000002,3,0.029500000000000002,0.007,0.00003500000000000000,0.0005000000000000000,0.001,16.89189189189189,-7.36739016408639,2.497628950737206,0.008166584141316817,-0.888103238992707,4.248133322490504,6.281981380906797,-28.04968020975854,107.5086046106229,38.98645142647808,0.19186313568256655,16891891891.89189
0.0037,0.005889999999999999,0.0002000000000000000,0.0018000000000000002,3,0.029500000000000002,0.007,0.00003500000000000000,0.0005000000000000000,0.001,16.93243243243243,-7.385837127989603,2.4920813132088218,0.008174355188547578,-0.9788741296855861,4.091723438381542,6.119062718524805,-27.97340180259345,107.38877355400278,38.77278966162595,0.19507711095878094,16932432432.43243
0.0037,0.005889999999999999,0.0002000000000000000,0.0018000000000000002,3,0.029500000000000002,0.007,0.00003500000000000000,0.0005000000000000000,0.001,16.972972972972975,-7.3995625118607045,2.487972629904886,0.00818011582392347,-1.0879614450839246,3.939443767169882,5.954349056067361,-27.91471597136324,107.31300554506812,38.602402061403275,0.1975918147179228,16972972972.97297
0.0037,0.005889999999999999,0.0002000000000000000,0.0018000000000000002,3,0.029500000000000002,0.007,0.00003500000000000000,0.0005000000000000000,0.001,17.013513513513516,-7.408650525438887,2.485261016728975,0.008183920118019782,-1.2145013487343155,3.7916527975923753,5.788285620538525,-27.873173152837914,107.28898858729218,38.46602933648748,0.1993982319217257,17013513513.51351
0.0037,0.005889999999999999,0.0002000000000000000,0.0018000000000000002,3,0.029500000000000002,0.007,0.00003500000000000000,0.0005000000000000000,0.001,17.054054054054056,-7.413371244650038,2.4838552646302627,0.008185893098510614,-1.357236202447076,3.648672325382836,5.6213486263349886,-27.847924140849123,107.32230829196098,38.35327824459309,0.20051253014592907,17054054054.05405
0.0037,0.005889999999999999,0.0002000000000000000,0.0018000000000000002,3,0.029500000000000002,0.007,0.00003500000000000000,0.0005000000000000000,0.001,17.094594594594597,-7.4141511435075,2.4836232062797094,0.008186218843582421,-1.5145491447253259,3.5108039915600306,5.454065834499371,-27.837781473896285,107.4163503804685,38.25320359743222,0.20097336402400084,17094594594.59460
0.0037,0.005889999999999999,0.0002000000000000000,0.0018000000000000002,3,0.029500000000000002,0.007,0.00003500000000000000,0.0005000000000000000,0.001,17.135135135135137,-7.411532361827611,2.4844026278363827,0.00818512480959491,-1.6555393884733738,3.4009555017714157,5.316009496447025,-27.841295824220794,107.57237826141744,38.15485556596176,0.20083764096045684,17135135135.13514
0.0037,0.005889999999999999,0.0002000000000000000,0.0018000000000000002,3,0.029500000000000002,0.007,0.00003500000000000000,0.0005000000000000000,0.001,17.175675675675677,-7.406127224739856,2.4860131929473726,0.008182864648210346,-1.7559738786024195,3.334201898808136,5.229918944972159,-27.856839147351977,107.78975208213818,38.0477411746006,0.20017540582354534,17175675675.67568
0.0037,0.005889999999999999,0.0002000000000000000,0.0018000000000000002,3,0.029500000000000002,0.007,0.00003500000000000000,0.0005000000000000000,0.001,17.216216216216218,-7.398574213088801,2.48826793669949,0.008179701636307926,-1.7593243527817959,3.350222803381505,5.250736903387927,-27.882686630297325,108.06624341639456,37.92216860002132,0.19906452612268125,17216216216.21622
0.0037,0.005889999999999999,0.0002000000000000000,0.0018000000000000002,3,0.029500000000000002,0.007,0.00003500000000000000,0.0005000000000000000,0.001,17.256756756756758,-7.389500132712613,2.490983213298963,0.008175894357580918,-1.7676232526891045,3.3688527467736558,5.274820282974501,-27.91709082348081,108.3983972026918,37.76946336170066,0.19758576211324988,17256756756.75676
0.0037,0.005889999999999999,0.0002000000000000000,0.0018000000000000002,3,0.029500000000000002,0.007,0.00003500000000000000,0.0005000000000000000,0.001,17.2972972972973,-7.37949124785942,2.4939864226209263,0.008171685619410292,-1.7799148553434743,3.389647184110518,5.301544964426049,-27.95834331845858,108.78189782377153,37.58206271605364,0.1958186346091677,17297297297.29730
0.0037,0.005889999999999999,0.0002000000000000000,0.0018000000000000002,3,0.029500000000000002,0.007,0.00003500000000000000,0.0005000000000000000,0.001,17.33783783783784,-7.369074208758554,2.497121280006375,0.008167294939125923,-1.7953402321535945,3.4121362426027173,5.330263637115645,-28.004821477186685,109.2119062844218,37.35350633494464,0.19383830927244955,17337837837.83784
0.0037,0.005889999999999999,0.0002000000000000000,0.0018000000000000002,3,0.029500000000000002,0.007,0.00003500000000000000,0.0005000000000000000,0.001,17.378378378378383,-7.35870610355949,2.5002507476191456,0.00816291441404454,-1.8131406763444315,3.435841656814034,5.360331408528926,-28.055019654244646,109.68334719925238,37.07834721678989,0.19171354219826303,17378378378.37838
0.0037,0.005889999999999999,0.0002000000000000000,0.0018000000000000002,3,0.029500000000000002,0.007,0.00003500000000000000,0.0005000000000000000,0.001,17.41891891891892,-7.348772053187476,2.503257975930929,0.008158707455491594,-1.8326550614039816,3.460289538257476,5.391124397195254,-28.10756584827918,110.19113530321377,36.75200756754794,0.18950560261524999,17418918918.91892
0.0037,0.005889999999999999,0.0002000000000000000,0.0018000000000000002,3,0.029500000000000002,0.007,0.00003500000000000000,0.0005000000000000000,0.001,17.459459459459463,-7.339588409646554,2.5060457104828084,0.008154809716398863,-1.8533140966597816,3.485017717433677,5.4220499034338845,-28.1612256830341,110.73033995337418,36.37060155233406,0.18726801194054635,17459459459.45946
0.0037,0.005889999999999999,0.0002000000000000000,0.0018000000000000002,3,0.029500000000000002,0.007,0.00003500000000000000,0.0005000000000000000,0.001,17.5,-7.33140967714423,2.5085346257190966,0.008151331538007034,-1.8746341822045562,3.509576764907765,5.452547461673049,-28.214896068900885,111.296291990756,35.93074190041763,0.18504690922166442,17500000000.00000
0.0037,0.005889999999999999,0.0002000000000000000,0.0018000000000000002,3,0.029500000000000002,0.007,0.00003500000000000000,0.0005000000000000000,0.001,17.540540540540544,-7.324437588775604,2.510660987072739,0.008148361334168353,-1.8962130120877463,3.5335241949546057,5.482080693876314,-28.267590913143614,111.88464040704365,35.429341645187925,0.18288185972114465,17540540540.54054
0.0037,0.005889999999999999,0.0002000000000000000,0.0018000000000000002,3,0.029500000000000002,0.007,0.00003500000000000000,0.0005000000000000000,0.001,17.581081081081084,-7.318831200498651,2.5123739453985667,0.00814596947584575,-1.9177283792832167,3.5564117263648654,5.510120335516789,-28.31842093092661,112.49136689162593,34.86341671449598,0.18080695345812003,17581081081.08108
0.0037,0.005889999999999999,0.0002000000000000000,0.0018000000000000002,3,0.029500000000000002,0.007,0.00003500000000000000,0.0005000000000000000,0.001,17.62162162162162,-7.314717313576281,2.5136326575958954,0.008144212399511382,-1.8622569312185708,3.641499910054956,5.612803035632162,-28.366569052270876,113.11276500821278,34.22989019455755,0.1788520833260417,17621621621.62162
0.0037,0.005889999999999999,0.0002000000000000000,0.0018000000000000002,3,0.029500000000000002,0.007,0.00003500000000000000,0.0005000000000000000,0.001,17.662162162162165,-7.312200955901734,2.5144033180413086,0.0081431368209109,-1.7637705364860197,3.763057870606059,5.755408972174515,-28.41126218999907,113.74538788756678,33.52539512241291,0.17704434079438636,17662162162.16216
0.0037,0.005889999999999999,0.0002000000000000000,0.0018000000000000002,3,0.029500000000000002,0.007,0.00003500000000000000,0.0005000000000000000,0.001,17.7027027027027,-7.311376027295712,2.5146560831194305,0.008142784082134502,-1.6667592043243717,3.8839258096972333,5.892709254721064,-28.45173926914263,114.38596417051014,32.74606969120047,0.17540951756190662,17702702702.70270
0.0037,0.005889999999999999,0.0002000000000000000,0.0018000000000000002,3,0.029500000000000002,0.007,0.00003500000000000000,0.0005000000000000000,0.001,17.743243243243246,-7.312336555134912,2.5143617750695837,0.008143194796617006,-1.5713738123779208,4.002938206587711,6.023788859469457,-28.487214433357128,115.03127650598155,31.887336813237955,0.17397375322048705,17743243243.24324
0.0037,0.005889999999999999,0.0002000000000000000,0.0018000000000000002,3,0.029500000000000002,0.007,0.00003500000000000000,0.0005000000000000000,0.001,17.783783783783782,-7.315189342931319,2.5134881562514693,0.00814441409183247,-1.4779117134877469,4.118622608884853,6.147519991941792,-28.516833238672508,115.67798994855893,30.943659211990052,0.17276542364917297,17783783783.78378
0.0037,0.005889999999999999,0.0002000000000000000,0.0018000000000000002,3,0.029500000000000002,0.007,0.00003500000000000000,0.0005000000000000000,0.001,17.824324324324326,-7.320069166003927,2.511995462356891,0.00814649789580777,-1.386823846791552,4.229123887459,6.262504075048465,-28.539618425113073,116.32240857601117,29.90826201479936,0.17181742569985137,17824324324.32433
0.0037,0.005889999999999999,0.0002000000000000000,0.0018000000000000002,3,0.029500000000000002,0.007,0.00003500000000000000,0.0005000000000000000,0.001,17.864864864864867,-7.327158126093273,2.5098307625389107,0.008149520887151592,-1.2987235867656044,4.332112985227382,6.366997748740824,-28.55440056366743,116.96012674953587,28.772818121402977,0.1711700850468988,17864864864.86486
0.0037,0.005889999999999999,0.0002000000000000000,0.0018000000000000002,3,0.029500000000000002,0.007,0.00003500000000000000,0.0005000000000000000,0.001,17.905405405405407,-7.336711383952991,2.506920564212428,0.008153586947321293,-1.2143964913358545,4.42467953497973,6.458818216485646,-28.55972764039109,117.58552563634666,27.527099252577877,0.17087500064604047,17905405405.40541
0.0037,0.005889999999999999,0.0002000000000000000,0.0018000000000000002,3,0.029500000000000002,0.007,0.00003500000000000000,0.0005000000000000000,0.001,17.945945945945947,-7.34909232521434,2.5031608891058257,0.008158843237265493,-1.1348093955975251,4.503211317606306,6.535223271354889,-28.553746779516374,118.1910448502897,26.158610886759437,0.17100024526706212,17945945945.94595
0.0037,0.005889999999999999,0.0002000000000000000,0.0018000000000000002,3,0.029500000000000002,0.007,0.00003500000000000000,0.0005000000000000000,0.001,17.986486486486488,-7.364821378842569,2.4984038083073425,0.008165499383182,-1.061116362992215,4.563271042006692,6.592762650803451,-28.53405151041871,118.7661328480628,24.652258164234404,0.1716374677767235,17986486486.48649
0.0037,0.005889999999999999,0.0002000000000000000,0.0018000000000000002,3,0.029500000000000002,0.007,0.00003500000000000000,0.0005000000000000000,0.001,18.027027027027028,-7.384644310942148,2.4924391464599798,0.008173853694877772,-0.994657473586057,4.599495250472662,6.627101747332921,-28.497490621534848,119.29574964166137,22.99014227363738,0.1729115794739503,18027027027.02703
0.0037,0.005889999999999999,0.0002000000000000000,0.0018000000000000002,3,0.029500000000000002,0.007,0.00003500000000000000,0.0005000000000000000,0.001,18.06756756756757,-7.40962795037184,2.484969799894712,0.008184328799708249,-0.9369435786582858,4.605565226909684,6.632829374349503,-28.439942267678518,119.75826874083944,21.15167892949839,0.17499381721293913,18067567567.56757
0.0037,0.005889999999999999,0.0002000000000000000,0.0018000000000000002,3,0.029500000000000002,0.007,0.00003500000000000000,0.0005000000000000000,0.001,18.10810810810811,-7.441293930302674,2.475579012506526,0.008197519367457662,-0.8896147531651937,4.574339247777342,6.603283701470306,-28.356073940568116,120.12262287419871,19.114385911480312,0.17811896156920723,18108108108.10811
0.0037,0.005889999999999999,0.0002000000000000000,0.0018000000000000002,3,0.029500000000000002,0.007,0.00003500000000000000,0.0005000000000000000,0.001,18.14864864864865,-7.481803709234165,2.4636883924178665,0.008214254234040229,-0.8543503203491666,4.498288109294934,6.530472679670808,-28.23914159710242,120.344609938654,16.85593343018535,0.18260711704613347,18148648648.64865
0.0037,0.005889999999999999,0.0002000000000000000,0.0018000000000000002,3,0.029500000000000002,0.007,0.00003500000000000000,0.0005000000000000000,0.001,18.18918918918919,-7.5342093555902565,2.4485072634218517,0.008235673064448036,-0.5279627994797638,4.6880960858067375,6.709965042702763,-28.080936863310097,120.36252750581794,14.358403877857668,0.18888923850676234,18189189189.18919
0.0037,0.005889999999999999,0.0002000000000000000,0.0018000000000000002,3,0.029500000000000002,0.007,0.00003500000000000000,0.0005000000000000000,0.001,18.22972972972973,-7.602780313898788,2.4289787921802226,0.0082633113395478,-0.08813598277527532,4.960754270961619,6.955477149602927,-27.872071971144603,120.0929301810586,11.616108922030175,0.19753255753605625,18229729729.72973
0.0037,0.005889999999999999,0.0002000000000000000,0.0018000000000000002,3,0.029500000000000002,0.007,0.00003500000000000000,0.0005000000000000000,0.001,18.270270270270274,-7.693397215689824,2.403739131914223,0.00829917246373059,0.3506823862207573,5.180731592745262,7.1439109261346765,-27.6028806430839,119.42858524147637,8.64849070317044,0.2092556273693341,18270270270.27027
0.0037,0.005889999999999999,0.0002000000000000000,0.0018000000000000002,3,0.029500000000000002,0.007,0.00003500000000000000,0.0005000000000000000,0.001,18.31081081081081,-7.813950290678211,2.3711265553004974,0.008345735420347632,0.7774688059341675,5.317853521586855,7.257363706708656,-27.26524877650955,118.24283410553673,5.5188523074499045,0.22491090335955594,18310810810.81081
0.0037,0.005889999999999999,0.0002000000000000000,0.0018000000000000002,3,0.029500000000000002,0.007,0.00003500000000000000,0.0005000000000000000,0.001,18.351351351351354,-7.974557972362344,2.329310330103918,0.008405794868350394,1.1766790860615342,5.343202518439057,7.278016351549725,-26.85554939098544,116.4070261380229,2.356514369809181,0.24539531860311312,18351351351.35135
0.0037,0.005889999999999999,0.0002000000000000000,0.0018000000000000002,3,0.029500000000000002,0.007,0.00003500000000000000,0.0005000000000000000,0.001,18.39189189189189,-8.18718896046756,2.276644011242754,0.00848196737990797,1.5273085371590813,5.236809561126073,7.190667808795462,-26.378393292536767,113.82792153795224,-0.6269735664958613,0.27143389130942314,18391891891.89189
0.0037,0.005889999999999999,0.0002000000000000000,0.0018000000000000002,3,0.029500000000000002,0.007,0.00003500000000000000,0.0005000000000000000,0.001,18.432432432432435,-8.463931618728056,2.212342197453039,0.008575682408796179,1.8028006079771297,4.995256244691543,6.9855777140107245,-25.85009021587336,110.50450118135885,-3.1462289427145964,0.3031951775658052,18432432432.43243
0.0037,0.005889999999999999,0.0002000000000000000,0.0018000000000000002,3,0.029500000000000002,0.007,0.00003500000000000000,0.0005000000000000000,0.001,18.472972972972975,-8.812917734982546,2.137444295688171,0.008685658482903567,2.0339008513422288,4.70087813281715,6.721789925345469,-25.29986158347643,106.58410929682971,-4.8957105196084365,0.3397903905250578,18472972972.97297
0.0037,0.005889999999999999,0.0002000000000000000,0.0018000000000000002,3,0.029500000000000002,0.007,0.00003500000000000000,0.0005000000000000000,0.001,18.513513513513516,-9.23144456326045,2.0556924401734915,0.008806408977377708,2.277696832070949,4.4590351837843185,6.492408991410624,-24.766723653244043,102.37591550486036,-5.648084182674633,0.37890364580165775,18513513513.51352
0.0037,0.005889999999999999,0.0002000000000000000,0.0018000000000000002,3,0.029500000000000002,0.007,0.00003500000000000000,0.0005000000000000000,0.001,18.554054054054056,-9.698179988163275,1.9735766135101145,0.008928031555620452,2.758355485923687,4.526216281502703,6.557353025172836,-24.291440373394934,98.28604309490377,-5.35297822430392,0.41696561850131986,18554054054.05405
0.0037,0.005889999999999999,0.0002000000000000000,0.0018000000000000002,3,0.029500000000000002,0.007,0.00003500000000000000,0.0005000000000000000,0.001,18.594594594594597,-10.170292378885593,1.8989217054573,0.009038452457797483,3.4822093699450907,4.953518074937557,6.949137520325808,-23.905987370596446,94.69195465885153,-4.168054617002239,0.4500981055008799,18594594594.59460
0.0037,0.005889999999999999,0.0002000000000000000,0.0018000000000000002,3,0.029500000000000002,0.007,0.00003500000000000000,0.0005000000000000000,0.001,18.635135135135137,-10.5926715174805,1.838369185799979,0.009127565465767824,3.994217639754706,5.276308317946805,7.223301653562623,-23.625534448513346,91.8296986645353,-2.3951510002363987,0.4754354911869872,18635135135.13514
0.0037,0.005889999999999999,0.0002000000000000000,0.0018000000000000002,3,0.029500000000000002,0.007,0.00003500000000000000,0.0005000000000000000,0.001,18.675675675675677,-10.918706284907184,1.7952030759695394,0.009190663044224905,4.323081320761178,5.499999847663887,7.403626774653831,-23.44707701461151,89.75797602050706,-0.3671749800988539,0.4919777416596474,18675675675.67567
0.0037,0.005889999999999999,0.0002000000000000000,0.0018000000000000002,3,0.029500000000000002,0.007,0.00003500000000000000,0.0005000000000000000,0.001,18.716216216216218,-11.129067847017035,1.7688608277414044,0.00922893104941958,4.504122019960669,5.636572833218777,7.510151231286115,-23.354515198057413,88.39811304065815,1.6436548779237112,0.5004919295609257,18716216216.21622
0.0037,0.005889999999999999,0.0002000000000000000,0.0018000000000000002,3,0.029500000000000002,0.007,0.00003500000000000000,0.0005000000000000000,0.001,18.756756756756758,-11.234086118204715,1.7561274161720852,0.009247352907668975,4.57251526857804,5.700267321523724,7.558952229602741,-23.32626264132943,87.60360471676674,3.4626489110456693,0.5027548905581871,18756756756.75676
0.0037,0.005889999999999999,0.0002000000000000000,0.0018000000000000002,3,0.029500000000000002,0.007,0.00003500000000000000,0.0005000000000000000,0.001,18.7972972972973,-11.261051119602838,1.7529013903870718,0.009252011556467678,4.55855842112218,5.704783586404175,7.562391739052979,-23.34147165227226,87.21825329601255,5.0051574306291196,0.5007450538490663,18797297297.29730
0.0037,0.005889999999999999,0.0002000000000000000,0.0018000000000000002,3,0.029500000000000002,0.007,0.00003500000000000000,0.0005000000000000000,0.001,18.83783783783784,-11.23927360786541,1.755505431736044,0.009248251380548288,4.485618221398163,5.661840782969773,7.529576523745649,-23.383362042597856,87.10894493071306,6.250184973875395,0.49613991712077615,18837837837.83784
0.0037,0.005889999999999999,0.0002000000000000000,0.0018000000000000002,3,0.029500000000000002,0.007,0.00003500000000000000,0.0005000000000000000,0.001,18.878378378378383,-11.191542050606609,1.7612531961472129,0.009239943644395909,4.370008010217959,5.580643310021937,7.466842652259151,-23.44014141793788,87.17759254739245,7.2133187620610135,0.4901359250798043,18878378378.37838
0.0037,0.005889999999999999,0.0002000000000000000,0.0018000000000000002,3,0.029500000000000002,0.007,0.00003500000000000000,0.0005000000000000000,0.001,18.91891891891892,-11.13205702289066,1.7684946230888425,0.009229461580610637,4.331075349221225,5.607195348623259,7.48745686712239,-23.504617854760113,87.36154987282416,7.926047566993056,0.48346144772897065,18918918918.91892
0.0037,0.005889999999999999,0.0002000000000000000,0.0018000000000000002,3,0.029500000000000002,0.007,0.00003500000000000000,0.0005000000000000000,0.001,18.959459459459463,-11.067601156284919,1.7764408286897695,0.009217940340770893,4.295003833107354,5.642499505116573,7.514715296593875,-23.573372533388046,87.62969432416773,8.421698882706078,0.476462640972857,18959459459.45946
0.0037,0.005889999999999999,0.0002000000000000000,0.0018000000000000002,3,0.029500000000000002,0.007,0.00003500000000000000,0.0005000000000000000,0.001,19,-10.99946596981038,1.7849553107426432,0.009205574084702507,4.240030264809345,5.657819683951143,7.526491022738728,-23.645951983201744,87.97811346725531,8.725607125171186,0.4691955929241,19000000000.00000
0.0037,0.005889999999999999,0.0002200000000000000,0.001574,3,0.029500000000000002,0.007,0.00003500000000000000,0.0005000000000000000,0.001,16,-9.207729748997869,2.0601085785996016,0.008799873501136124,-5.118920293903001,6.959765108931661,8.425945824817903,-34.10010182693654,80.90809504670626,35.37708867047137,0.044209274519290936,16000000000.00000
0.0037,0.005889999999999999,0.0002200000000000000,0.001574,3,0.029500000000000002,0.007,0.00003500000000000000,0.0005000000000000000,0.001,16.04054054054054,-9.227778226417682,2.0563735600713167,0.008805400916117435,-5.045962642961941,6.945828352525105,8.417240466867694,-34.01571176495025,81.12511374949749,35.10586106813797,0.04504843302892463,16040540540.54054
0.0037,0.005889999999999999,0.0002200000000000000,0.001574,3,0.029500000000000002,0.007,0.00003500000000000000,0.0005000000000000000,0.001,16.08108108108108,-9.24838655499144,2.0525526743326568,0.008811056150734799,-4.9729874233886076,6.923388651215212,8.40318711842621,-33.92589485276022,81.33811928485193,34.82870069996435,0.04596026729837642,16081081081.08108
0.0037,0.005889999999999999,0.0002200000000000000,0.001574,3,0.029500000000000002,0.007,0.00003500000000000000,0.0005000000000000000,0.001,16.121621621621625,-9.269582834610366,2.048642142495687,0.008816844800718267,-4.899845949133399,6.892523092688461,8.383782298391635,-33.830496285993156,81.54670323741954,34.545594556331906,0.04695017066193033,16121621621.62162
0.0037,0.005889999999999999,0.0002200000000000000,0.001574,3,0.029500000000000002,0.007,0.00003500000000000000,0.0005000000000000000,0.001,16.162162162162165,-9.291395060463474,2.044638332037701,0.008822772241670267,-4.826409210525119,6.853390994985718,8.359055095965864,-33.72941362513891,81.75043129818825,34.25655946228719,0.04802347353495802,16162162162.16216
0.0037,0.005889999999999999,0.0002200000000000000,0.001574,3,0.029500000000000002,0.007,0.00003500000000000000,0.0005000000000000000,0.001,16.202702702702705,-9.313850760302255,2.0405378266305085,0.008828843524655187,-4.752572516528102,6.806228857483314,8.329065480320681,-33.62259979884413,81.94884323593655,33.961647480558945,0.049185399170778014,16202702702.70270
0.0037,0.005889999999999999,0.0002200000000000000,0.001574,3,0.029500000000000002,0.007,0.00003500000000000000,0.0005000000000000000,0.001,16.243243243243246,-9.336976524533155,2.0363375132564734,0.008835063246047147,-4.678260280525709,6.751343234330438,8.293901878268386,-33.51006553116098,82.14145353686582,33.660952041789045,0.05044101117129943,16243243243.24324
0.0037,0.005889999999999999,0.0002200000000000000,0.001574,3,0.029500000000000002,0.007,0.00003500000000000000,0.0005000000000000000,0.001,16.283783783783782,-9.360797410513484,2.032034689018635,0.008841435388068032,-4.603430884559196,6.689101915552386,8.253678129394528,-33.39188123880697,82.32775291816758,33.35461480690658,0.051795150413890254,16283783783.78378
0.0037,0.005889999999999999,0.0002200000000000000,0.001574,3,0.029500000000000002,0.007,0.00003500000000000000,0.0005000000000000000,0.001,16.324324324324326,-9.385336201322746,2.0276271900197522,0.00884796312650488,-4.528081542817837,6.619923884371614,8.208529959672777,-33.26817846187514,82.50721095613831,33.04283323081254,0.05325235883040279,16324324324.32432
0.0037,0.005889999999999999,0.0002200000000000000,0.001574,3,0.029500000000000002,0.007,0.00003500000000000000,0.0005000000000000000,0.001,16.364864864864867,-9.410612499092888,2.0231135444657298,0.008854648602436078,-4.452253069857716,6.544268568706542,8.158611139386169,-33.13915090073546,82.67928010220172,32.72586874711651,0.054816787330203565,16364864864.86486
0.0037,0.005889999999999999,0.0002200000000000000,0.001574,3,0.029500000000000002,0.007,0.00003500000000000000,0.0005000000000000000,0.001,16.405405405405407,-9.436641634080045,2.018493151689998,0.008861492655494123,-4.376034443604675,6.462624918170379,8.10408950801846,-33.005055132926,82.84340138761029,32.40405542893678,0.056492085122366816,16405405405.40541
0.0037,0.005889999999999999,0.0002200000000000000,0.001574,3,0.029500000000000002,0.007,0.00003500000000000000,0.0005000000000000000,0.001,16.445945945945947,-9.463433373488634,2.013766488039929,0.008868494517338708,-4.299567038883733,6.37550081510165,8.045143056067273,-32.866211076231124,82.99901213502015,32.077808899934695,0.05828126780534517,16445945945.94595
0.0037,0.005889999999999999,0.0002200000000000000,0.001574,3,0.029500000000000002,0.007,0.00003500000000000000,0.0005000000000000000,0.001,16.486486486486488,-9.49099041919769,2.008935339443354,0.00887565146570852,-4.2230483936121646,6.283413274069604,7.981956251695962,-32.723002247664574,83.14555599804298,31.74763517183522,0.06018656191306866,16486486486.48649
0.0037,0.005889999999999999,0.0002200000000000000,0.001574,3,0.029500000000000002,0.007,0.00003500000000000000,0.0005000000000000000,0.001,16.527027027027028,-9.51930669172002,2.0040030588989586,0.008882958441791863,-4.146735358891849,6.186879801657742,7.914716786539339,-32.57587584241108,83.28249563058013,31.414138970659216,0.06220922421267557,16527027027.02703
0.0037,0.005889999999999999,0.0002200000000000000,0.001574,3,0.029500000000000002,0.007,0.00003500000000000000,0.0005000000000000000,0.001,16.56756756756757,-9.548365409732156,1.9989748450315912,0.008890407636812772,-4.070946474160849,6.086411187518057,7.843612892048338,-32.425342622242475,83.40932823990308,31.0780309854081,0.06434933503096142,16567567567.56757
0.0037,0.005889999999999999,0.0002200000000000000,0.001574,3,0.029500000000000002,0.007,0.00003500000000000000,0.0005000000000000000,0.001,16.60810810810811,-9.578136991318766,1.9938580351301425,0.008897988057807279,-3.99606340056835,5.982505883829072,7.7688313441681505,-32.271976559376,83.52560419008176,30.740133335187135,0.06660556635746358,16608108108.10811
0.0037,0.005889999999999999,0.0002200000000000000,0.001574,3,0.029500000000000002,0.007,0.00003500000000000000,0.0005000000000000000,0.001,16.64864864864865,-9.608576825346303,1.9886624027189514,0.00890568508758916,-3.922531237331734,5.875646016296648,7.690556234354662,-32.116414131148396,83.63094868761587,30.40138241237432,0.06897492752694924,16648648648.64865
0.0037,0.005889999999999999,0.0002200000000000000,0.001574,3,0.029500000000000002,0.007,0.00003500000000000000,0.0005000000000000000,0.001,16.68918918918919,-9.639622989806224,1.9834004456873209,0.008913480059892447,-3.8508575377457905,5.766294962551153,7.608968540306699,-31.959353105325473,83.72508638782037,30.062828133808598,0.07145249400888097,16689189189.18919
0.0037,0.005889999999999999,0.0002200000000000000,0.001574,3,0.029500000000000002,0.007,0.00003500000000000000,0.0005000000000000000,0.001,16.729729729729733,-9.671194028230666,1.9780876464712351,0.00892134987738568,-3.7816098320240235,5.654896344480823,7.52424648619108,-31.80155059962541,83.80786850430582,29.725628539054366,0.07403112825109077,16729729729.72973
0.0037,0.005889999999999999,0.0002200000000000000,0.001574,3,0.029500000000000002,0.007,0.00003500000000000000,0.0005000000000000000,0.001,16.770270270270274,-9.70318693439899,1.9727426809912096,0.008929266707303856,-3.7154114557459375,5.541874214590064,7.436566642593875,-31.643820147804277,83.87930168189942,29.391038640360666,0.07670120557590161,16770270270.27027
0.0037,0.005889999999999999,0.0002200000000000000,0.001574,3,0.029500000000000002,0.007,0.00003500000000000000,0.0005000000000000000,0.001,16.81081081081081,-9.735475536787819,1.96738754848743,0.00893719779610238,-3.6529354759600703,5.427634178992638,7.346105686489422,-31.487027464934783,83.9395775160291,29.060392483293697,0.07945036262739154,16810810810.81081
0.0037,0.005889999999999999,0.0002200000000000000,0.001574,3,0.029500000000000002,0.007,0.00003500000000000000,0.0005000000000000000,0.001,16.85135135135135,-9.767909513107725,1.9620475907394606,0.008945105449779965,-3.5948965078623685,5.312565190144573,7.253042722906232,-31.332084584430273,83.98910118969108,28.73507755289104,0.08226329046026037,16851351351.35135
0.0037,0.005889999999999999,0.0002200000000000000,0.001574,3,0.029500000000000002,0.007,0.00003500000000000000,0.0005000000000000000,0.001,16.89189189189189,-9.800314295235937,1.9567513673105312,0.0089529472290127,-3.5420402279954244,5.197041759534854,7.15756206502038,-31.17994204645038,84.0285172896947,28.41650098680988,0.08512159850923748,16891891891.89189
0.0037,0.005889999999999999,0.0002200000000000000,0.001574,3,0.029500000000000002,0.007,0.00003500000000000000,0.0005000000000000000,0.001,16.93243243243243,-9.832492137300552,1.951530354474127,0.008960676406428189,-3.4784308992222597,5.101003130248263,7.076555900375839,-31.031578858676934,84.0587305125794,28.106047551973653,0.08800377865623907,16932432432.43243
0.0037,0.005889999999999999,0.0002200000000000000,0.001574,3,0.029500000000000002,0.007,0.00003500000000000000,0.0005000000000000000,0.001,16.972972972972975,-9.864224604852666,1.9464184404268001,0.008968242725687428,-3.4072337659647505,5.02091628692054,7.007829804997101,-30.8879900316034,84.0809187444073,27.805030004071995,0.09088529954008226,16972972972.97297
0.0037,0.005889999999999999,0.0002200000000000000,0.001574,3,0.029500000000000002,0.007,0.00003500000000000000,0.0005000000000000000,0.001,17.013513513513516,-9.895276691490858,1.9414511991369838,0.008975593487291782,-3.3391474223147632,4.9449920061481185,6.941655938728206,-30.750171613346886,84.09653597403161,27.51463324941489,0.09373885920740693,17013513513.51351
0.0037,0.005889999999999999,0.0002200000000000000,0.001574,3,0.029500000000000002,0.007,0.00003500000000000000,0.0005000000000000000,0.001,17.054054054054056,-9.925402674009469,1.9366649401309868,0.008982674963671642,-3.278457998731428,4.869341304400319,6.874702164072206,-30.619103311753875,84.10730274603463,27.235854602590894,0.09653481835306991,17054054054.05405
0.0037,0.005889999999999999,0.0002200000000000000,0.001574,3,0.029500000000000002,0.007,0.00003500000000000000,0.0005000000000000000,0.001,17.094594594594597,-9.954353676568397,1.932095551311178,0.008989434116762004,-3.225786251191842,4.79431568857891,6.807266273809661,-30.49572898664787,84.1151824270034,26.96944328148156,0.09924182623416722,17094594594.59460
0.0037,0.005889999999999999,0.0002200000000000000,0.001574,3,0.029500000000000002,0.007,0.00003500000000000000,0.0005000000000000000,0.001,17.135135135135137,-9.981886735247052,1.9277771751579542,0.008995820557046867,-3.1816752880138024,4.720269618059894,6.739668058992195,-30.38093550882834,84.12234245586436,26.715842977475543,0.10182763690640824,17135135135.13514
0.0037,0.005889999999999999,0.0002200000000000000,0.001574,3,0.029500000000000002,0.007,0.00003500000000000000,0.0005000000000000000,0.001,17.175675675675677,-10.007774953555428,1.9237407828994293,0.009001788647675292,-3.1465690496443037,4.647559692586917,6.672249764954961,-30.27553069505433,84.1311009320575,26.47514174521648,0.10426009553469129,17175675675.67568
0.0037,0.005889999999999999,0.0002200000000000000,0.001574,3,0.029500000000000002,0.007,0.00003500000000000000,0.0005000000000000000,0.001,17.216216216216218,-10.031818143959688,1.9200127330122463,0.009007299625762327,-3.120790971849255,4.576543914947024,6.605376340590981,-30.180221215532484,84.14386025832195,26.247033451412026,0.1065082548445364,17216216216.21622
0.0037,0.005889999999999999,0.0002200000000000000,0.001574,3,0.029500000000000002,0.007,0.00003500000000000000,0.0005000000000000000,0.001,17.256756756756758,-10.053853194454303,1.9166134157883228,0.009012323591138221,-3.1045237894377555,4.507581091704853,6.539435484533768,-30.095591505455793,84.16303093652948,26.03079452657725,0.10854356279475558,17256756756.75676
0.0037,0.005889999999999999,0.0002200000000000000,0.001574,3,0.029500000000000002,0.007,0.00003500000000000000,0.0005000000000000000,0.001,17.2972972972973,-10.07376331752072,1.9135560910060572,0.009016841205838018,-3.0977915481366542,4.44103037622725,6.474837437169677,-30.022084770794763,84.1909498205491,25.825278769611447,0.1103410472314211,17297297297.29730
0.0037,0.005889999999999999,0.0002200000000000000,0.001574,3,0.029500000000000002,0.007,0.00003500000000000000,0.0005000000000000000,0.001,17.33783783783784,-10.091485359123611,1.9108460184196496,0.00902084495912234,-3.1004449307776687,4.377250891905495,6.412014398841627,-29.95998714278254,84.22979796265952,25.628931539465988,0.11188041458766215,17337837837.83784
0.0037,0.005889999999999999,0.0002200000000000000,0.001574,3,0.029500000000000002,0.007,0.00003500000000000000,0.0005000000000000000,0.001,17.378378378378383,-10.107014479275428,1.9084799602507159,0.00902433988346226,-3.112150957923415,4.316601306266844,6.35141937819026,-29.909415898429717,84.2815234935536,25.439822991414847,0.11314697991506997,17378378378.37838
0.0037,0.005889999999999999,0.0002200000000000000,0.001574,3,0.029500000000000002,0.007,0.00003500000000000000,0.0005000000000000000,0.001,17.41891891891892,-10.12040575318956,1.906446102954889,0.009027343653926505,-3.132387989390208,4.2594391661565645,6.293524199764713,-29.87031243370118,84.34777467110183,25.255698297380295,0.11413235566234334,17418918918.91892
0.0037,0.005889999999999999,0.0002200000000000000,0.001574,3,0.029500000000000002,0.007,0.00003500000000000000,0.0005000000000000000,0.001,17.459459459459463,-10.131772551136532,1.9047244063678581,0.009029886060704066,-3.1604467407047556,4.20611975519678,6.238816336096323,-29.842440372690223,84.42984733963924,25.07404127037616,0.11483484599908834,17459459459.45946
0.0037,0.005889999999999999,0.0002200000000000000,0.001574,3,0.029500000000000002,0.007,0.00003500000000000000,0.0005000000000000000,0.001,17.5,-10.141281887487754,1.9032873476213583,0.009032007903782965,-3.195437757248974,4.156994200860204,6.187794186519521,-29.825388854146915,84.5286496798021,24.892146704959917,0.11525951973458706,17500000000.00000
0.0037,0.005889999999999999,0.0002200000000000000,0.001574,3,0.029500000000000002,0.007,0.00003500000000000000,0.0005000000000000000,0.001,17.540540540540544,-10.149147231237139,1.9021009910638687,0.009033759411277775,-3.2363054823304127,4.112406543471935,6.14096041507424,-29.81858069570545,84.644685497211,24.70719618999058,0.11541796433911161,17540540540.54054
0.0037,0.005889999999999999,0.0002200000000000000,0.001574,3,0.029500000000000002,0.007,0.00003500000000000000,0.0005000000000000000,0.001,17.581081081081084,-10.155619494914337,1.9011262889740983,0.009035198321157473,-3.2818487373218215,4.0726894860282155,6.098812994439099,-29.821284834800387,84.77805563054629,24.516332190777888,0.11532775202650772,17581081081.08108
0.0037,0.005889999999999999,0.0002200000000000000,0.001574,3,0.029500000000000002,0.007,0.00003500000000000000,0.0005000000000000000,0.001,17.62162162162162,-10.16097703697372,1.900320504291445,0.009036387785640808,-3.330747121622437,4.03815857438279,6.061833692453647,-29.832632215374243,84.9284755793832,24.31672577897235,0.11501167239031494,17621621621.62162
0.0037,0.005889999999999999,0.0002200000000000000,0.001574,3,0.029500000000000002,0.007,0.00003500000000000000,0.0005000000000000000,0.001,17.662162162162165,-10.165515518185382,1.899638646507524,0.009037394257467595,-3.381592545488592,4.00910461652142,6.030473891976817,-29.851634149007893,85.09530632928244,24.105634371134457,0.11449680190739006,17662162162.16216
0.0037,0.005889999999999999,0.0002200000000000000,0.001574,3,0.029500000000000002,0.007,0.00003500000000000000,0.0005000000000000000,0.001,17.7027027027027,-10.169538360422488,1.899034823485837,0.00903828550022079,-3.432924833814513,3.985784238335374,6.005137854240424,-29.87720213154304,85.27759467555491,23.880447037423735,0.11381348747208667,17702702702.70270
0.0037,0.005889999999999999,0.0002200000000000000,0.001574,3,0.029500000000000002,0.007,0.00003500000000000000,0.0005000000000000000,0.001,17.743243243243246,-10.173348396765471,1.8984634318116669,0.009039128835916647,-3.4832700834614805,3.9684085919383927,5.986163812464284,-29.908168130978016,85.47411912260031,23.63871617188886,0.1129943193485598,17743243243.24324
0.0037,0.005889999999999999,0.0002200000000000000,0.001574,3,0.029500000000000002,0.007,0.00003500000000000000,0.0005000000000000000,0.001,17.783783783783782,-10.177241111489039,1.8978801320702583,0.009039989708358715,-3.531180226920851,3.9571303756178553,5.973803592068025,-29.943304458488246,85.68343759497009,23.378175417258937,0.11207316017680387,17783783783.78378
0.0037,0.005889999999999999,0.0002200000000000000,0.001574,3,0.029500000000000002,0.007,0.00003500000000000000,0.0005000000000000000,0.001,17.824324324324326,-10.181499681004684,1.8972425792086887,0.009040930606059781,-3.481706030951741,4.038097301378317,6.061767794274733,-29.981342467069876,85.90393362605133,23.09674460732693,0.1110842833283821,17824324324.32433
0.0037,0.005889999999999999,0.0002200000000000000,0.001574,3,0.029500000000000002,0.007,0.00003500000000000000,0.0005000000000000000,0.001,17.864864864864867,-10.186391867583719,1.8965108987565504,0.00904201035838039,-3.422951174025349,4.1311296931680115,6.160688294822897,-30.020989466654548,86.13385826195653,22.79252308526329,0.11006165857163712,17864864864.86486
0.0037,0.005889999999999999,0.0002200000000000000,0.001574,3,0.029500000000000002,0.007,0.00003500000000000000,0.0005000000000000000,0.001,17.905405405405407,-10.192168701121387,1.8956479153088754,0.009043283795618948,-3.37843787461954,4.212856931497806,6.245767107489563,-30.060943381605775,86.37136551306129,22.4637730868061,0.10903840794273673,17905405405.40541
0.0037,0.005889999999999999,0.0002200000000000000,0.001574,3,0.029500000000000002,0.007,0.00003500000000000000,0.0005000000000000000,0.001,17.945945945945947,-10.199064814397662,1.8946191496874347,0.00904480174903969,-3.3475370947452614,4.281893113065211,6.316358219996743,-30.099904793762995,86.61453971246516,22.108894991732768,0.10804644162971076,17945945945.94595
0.0037,0.005889999999999999,0.0002200000000000000,0.001574,3,0.029500000000000002,0.007,0.00003500000000000000,0.0005000000000000000,0.001,17.986486486486488,-10.207300270990928,1.8933926058714436,0.009046611359849993,-3.329670698405728,4.336880687146654,6.371774743446128,-30.136586106494224,86.86141354126774,21.72639621105743,0.10711627358592353,17986486486.48649
0.0037,0.005889999999999999,0.0002200000000000000,0.001574,3,0.029500000000000002,0.007,0.00003500000000000000,0.0005000000000000000,0.001,18.027027027027028,-10.21708373470863,1.8919383689739342,0.009048756665709694,-3.3243237588863472,4.376513747536766,6.411282970146322,-30.169717633462447,87.10997572709108,21.31485536135607,0.10627700991146354,18027027027.02703
0.0037,0.005889999999999999,0.0002200000000000000,0.001574,3,0.029500000000000002,0.007,0.00003500000000000000,0.0005000000000000000,0.001,18.06756756756757,-10.228616867030562,1.890228032209034,0.009051279438051698,-3.331057897175648,4.399559845942116,6.434092296588387,-30.19805046401824,87.35816750639479,20.872883243932684,0.10555649975663682,18067567567.56757
0.0037,0.005889999999999999,0.0002200000000000000,0.001574,3,0.029500000000000002,0.007,0.00003500000000000000,0.0005000000000000000,0.001,18.10810810810811,-10.242099897774446,1.8882339648414088,0.009054220252000644,-3.3495266212945807,4.404879090254635,6.439339919408262,-30.2203559918099,87.60386686596141,20.399082048685482,0.10498163830598536,18108108108.10811
0.0037,0.005889999999999999,0.0002200000000000000,0.001574,3,0.029500000000000002,0.007,0.00003500000000000000,0.0005000000000000000,0.001,18.14864864864865,-10.257738390121297,1.8859284251280986,0.009057619782100691,-3.379493563244677,4.391439781320337,6.426069317609029,-30.235422020321437,87.84485934513502,19.89200418999385,0.10457881390587953,18148648648.64865
0.0037,0.005889999999999999,0.0002200000000000000,0.001574,3,0.029500000000000002,0.007,0.00003500000000000000,0.0005000000000000000,0.001,18.18918918918919,-10.275751313402068,1.8832825125815658,0.009061520330886079,-3.4208544194507393,4.358330554021637,6.39320165869718,-30.242045386233485,88.07879378546535,19.350112308077932,0.10437449619102503,18189189189.18919
0.0037,0.005889999999999999,0.0002200000000000000,0.001574,3,0.029500000000000002,0.007,0.00003500000000000000,0.0005000000000000000,0.001,18.22972972972973,-10.296380647785933,1.8802649425900246,0.009065967613353805,-3.336305307571275,4.443096443000297,6.476857402515089,-30.2390210772717,88.30312084776838,18.7717423082003,0.10439596881763524,18229729729.72973
0.0037,0.005889999999999999,0.0002200000000000000,0.001574,3,0.029500000000000002,0.007,0.00003500000000000000,0.0005000000000000000,0.001,18.270270270270274,-10.319902878916405,1.8768406135052926,0.009071012838553414,-3.147784104293149,4.627965995256579,6.653901592411032,-30.225127880527044,88.51501136867645,18.155071969229173,0.10467221881513568,18270270270.27027
0.0037,0.005889999999999999,0.0002200000000000000,0.001574,3,0.029500000000000002,0.007,0.00003500000000000000,0.0005000000000000000,0.001,18.31081081081081,-10.346642903812223,1.8729689218642491,0.009076715149462879,-2.9480720543542023,4.819839443304735,6.830325714238777,-30.199110704715846,88.71125070324575,17.49809879956618,0.1052350042997082,18310810810.81081
0.0037,0.005889999999999999,0.0002200000000000000,0.001574,3,0.029500000000000002,0.007,0.00003500000000000000,0.0005000000000000000,0.001,18.351351351351354,-10.376991069102655,1.868601765929457,0.009083144503104532,-2.7374741406302205,5.017123612416049,7.004548013524159,-30.159659920117505,88.88810414022873,16.798632699433025,0.10612013274933016,18351351351.35135
0.0037,0.005889999999999999,0.0002200000000000000,0.001574,3,0.029500000000000002,0.007,0.00003500000000000000,0.0005000000000000000,0.001,18.39189189189189,-10.411424303729834,1.8636811627436662,0.009090385091825418,-2.506214407254648,5.229975849923322,7.184996834620632,-30.10538842757285,89.04114741588666,16.05431197099368,0.10736899198041164,18391891891.89189
0.0037,0.005889999999999999,0.0002200000000000000,0.001574,3,0.029500000000000002,0.007,0.00003500000000000000,0.0005000000000000000,0.001,18.432432432432435,-10.450532588885885,1.8581363928511587,0.00909853941809916,-2.2581777957618963,5.452989780705198,7.366346837885084,-30.0348078242492,89.16505560298191,15.262655817900992,0.1090303827401174,18432432432.43243
0.0037,0.005889999999999999,0.0002200000000000000,0.001574,3,0.029500000000000002,0.007,0.00003500000000000000,0.0005000000000000000,0.001,18.472972972972975,-10.495052307750532,1.8518805871671071,0.009107733127210957,-2.003487814688006,5.671424195223002,7.536921316370535,-29.94630616577421,89.25334387243335,14.421173389139076,0.11116270005181768,18472972972.97297
0.0037,0.005889999999999999,0.0002200000000000000,0.001574,3,0.029500000000000002,0.007,0.00003500000000000000,0.0005000000000000000,0.001,18.513513513513516,-10.545908276203104,1.8448066967026744,0.009118120651920199,-1.7429446606922099,5.880632482057097,7.694240384392676,-29.83813169974708,89.29805609890741,13.527559482059933,0.1138364897677409,18513513513.51352
0.0037,0.005889999999999999,0.0002200000000000000,0.001574,3,0.029500000000000002,0.007,0.00003500000000000000,0.0005000000000000000,0.001,18.554054054054056,-10.60426632849415,1.836782865301523,0.009129891588362195,-1.4775905722992073,6.074989825177211,7.8354555488383255,-29.708389915186423,89.28940437394137,12.580021006692743,0.11713734814801764,18554054054.05405
0.0037,0.005889999999999999,0.0002200000000000000,0.001574,3,0.029500000000000002,0.007,0.00003500000000000000,0.0005000000000000000,0.001,18.594594594594597,-10.671597909907549,1.827647406931317,0.00914327742871762,-1.2088324332390197,6.247772745437654,7.957252242627537,-29.555065700943757,89.21537830503216,11.577796364797246,0.12116900243107197,18594594594.59460
0.0037,0.005889999999999999,0.0002200000000000000,0.001574,3,0.029500000000000002,0.007,0.00003500000000000000,0.0005000000000000000,0.001,18.635135135135137,-10.749756593906536,1.817203954765169,0.00915855769992838,-0.9386065986235671,6.391095188103327,8.055752859197282,-29.376088599178107,89.06137412048857,10.521950126340341,0.12605615447687712,18635135135.13514
0.0037,0.005889999999999999,0.0002200000000000000,0.001574,3,0.029500000000000002,0.007,0.00003500000000000000,0.0005000000000000000,0.001,18.675675675675677,-10.841062630164394,1.8052180280828223,0.009176063510134521,-0.6695975487359118,6.495959989197845,8.126433412755903,-29.16946685370373,88.80994953080341,9.41654099423422,0.13194620505227303,18675675675.67567
0.0037,0.005889999999999999,0.0002200000000000000,0.001574,3,0.029500000000000002,0.007,0.00003500000000000000,0.0005000000000000000,0.001,18.716216216216218,-10.948383488313018,1.7914174318064602,0.009196174737210823,-0.40552100248847706,6.552506931548695,8.164074890359226,-28.933523745467987,88.44090178042924,8.270255166741201,0.13900819710866885,18716216216.21622
0.0037,0.005889999999999999,0.0002200000000000000,0.001574,3,0.029500000000000002,0.007,0.00003500000000000000,0.0005000000000000000,0.001,18.756756756756758,-11.075182593209476,1.7755007430607421,0.00921930438383772,-0.1514755478658768,6.550553059418781,8.162779687725276,-28.66727369713403,87.93199846368726,7.098535449693322,0.1474261337930667,18756756756.75676
0.0037,0.005889999999999999,0.0002200000000000000,0.001574,3,0.029500000000000002,0.007,0.00003500000000000000,0.0005000000000000000,0.001,18.7972972972973,-11.225480594648111,1.7571606656877932,0.009245860062655233,0.08565074264489202,6.480509963859516,8.116091826878467,-28.37096792377313,87.26084439800414,5.926061003768378,0.15738230135355927,18797297297.29730
0.0037,0.005889999999999999,0.0002200000000000000,0.001574,3,0.029500000000000002,0.007,0.00003500000000000000,0.0005000000000000000,0.001,18.83783783783784,-11.403629816220622,1.7361316693525206,0.009276169267696125,0.2967685421396737,6.33470262762591,8.017262324456016,-28.046807133674257,86.40846366225621,4.789071529291221,0.16902487435259375,18837837837.83784
0.0037,0.005889999999999999,0.0002200000000000000,0.001574,3,0.029500000000000002,0.007,0.00003500000000000000,0.0005000000000000000,0.001,18.878378378378383,-11.61374655884691,1.7122720899035588,0.009310355393432624,0.47028263528609116,6.108986508684072,7.8596916602077505,-27.699746433731917,85.36502779163958,3.7364524891839026,0.18241439095363857,18878378378.37838
0.0037,0.005889999999999999,0.0002200000000000000,0.001574,3,0.029500000000000002,0.007,0.00003500000000000000,0.0005000000000000000,0.001,18.91891891891892,-11.858604670101727,1.6856854051360999,0.00934816221284367,0.5920939072444305,5.804374131586189,7.637553979157148,-27.33819767363663,84.13747597073356,2.8278540118301283,0.19744857002536,18918918918.91892
0.0037,0.005889999999999999,0.0002200000000000000,0.001574,3,0.029500000000000002,0.007,0.00003500000000000000,0.0005000000000000000,0.001,18.959459459459463,-12.137843935858015,1.6568673490267272,0.009388754596333577,0.646191410687354,5.428204963083165,7.346562377819974,-26.974291091128542,82.75733056531334,2.1269252058455104,0.21377794761311664,18959459459.45946
0.0037,0.005889999999999999,0.0002200000000000000,0.001574,3,0.029500000000000002,0.007,0.00003500000000000000,0.0005000000000000000,0.001,19,-12.44562839047195,1.6268314681352265,0.009430574173339042,0.7777193331414484,5.1836748511248585,7.146377523550278,-26.623276838091744,81.28514782385696,1.6888885777193594,0.23074599985378563,19000000000.00000
0.0037,0.005889999999999999,0.0002200000000000000,0.0018000000000000002,3,0.029500000000000002,0.007,0.00003500000000000000,0.0005000000000000000,0.001,16,-6.682194211993355,2.7266839517278068,0.007853254413024601,-3.1450918428246277,5.743539224290896,7.591795913361493,-31.786391085898074,105.99035220672964,51.57257899216668,0.08439393254391873,16000000000.00000
0.0037,0.005889999999999999,0.0002200000000000000,0.0018000000000000002,3,0.029500000000000002,0.007,0.00003500000000000000,0.0005000000000000000,0.001,16.04054054054054,-6.707023553121352,2.7175224480725455,0.007865492698715846,-2.9968786346792022,5.723048081366984,7.576273945864682,-31.61589325801668,106.37818945158745,50.943114614211005,0.08763644298050337,16040540540.54054
0.0037,0.005889999999999999,0.0002200000000000000,0.0018000000000000002,3,0.029500000000000002,0.007,0.00003500000000000000,0.0005000000000000000,0.001,16.08108108108108,-6.7332294578880525,2.707929903841393,0.0078783338172671,-2.835210196347704,5.7127717069610835,7.5684686918779045,-31.439335102262245,106.74309910109862,50.29401272343028,0.09112386063669335,16081081081.08108
0.0037,0.005889999999999999,0.0002200000000000000,0.0018000000000000002,3,0.029500000000000002,0.007,0.00003500000000000000,0.0005000000000000000,0.001,16.121621621621625,-6.760866772884806,2.6978979445779703,0.007891792651943036,-2.6642521007253572,5.707675740545479,7.564592923872634,-31.25708836333135,107.08246266420356,49.62638014414194,0.0948670722012765,16121621621.62162
0.0037,0.005889999999999999,0.0002200000000000000,0.0018000000000000002,3,0.029500000000000002,0.007,0.00003500000000000000,0.0005000000000000000,0.001,16.162162162162165,-6.78998166056617,2.6874223756977065,0.007905878701089976,-2.4937353335659753,5.695589022198594,7.555386442821208,-31.069620309065506,107.39357832915371,48.941724299418816,0.09887530185547558,16162162162.16216
0.0037,0.005889999999999999,0.0002200000000000000,0.0018000000000000002,3,0.029500000000000002,0.007,0.00003500000000000000,0.0005000000000000000,0.001,16.202702702702705,-6.820607683686404,2.6765044589461295,0.007920594292724091,-2.3242159206952,5.676571679062898,7.540861261371296,-30.87749949701918,107.673710877277,48.24201282185751,0.10315547466635167,16202702702.70270
0.0037,0.005889999999999999,0.0002200000000000000,0.0018000000000000002,3,0.029500000000000002,0.007,0.00003500000000000000,0.0005000000000000000,0.001,16.243243243243246,-6.852760995387689,2.6651524016627173,0.007935932477216759,-2.1563383978700497,5.650726390043496,7.5210427913101014,-30.681401549452826,107.92015998297686,47.52973222125394,0.10771145216427457,16243243243.24324
0.0037,0.005889999999999999,0.0002200000000000000,0.0018000000000000002,3,0.029500000000000002,0.007,0.00003500000000000000,0.0005000000000000000,0.001,16.283783783783782,-6.8864345748632,2.653383048057196,0.007951874604860897,-1.9908442238747455,5.618191855155771,7.4959656580411185,-30.482114652486953,108.13034962268095,46.807941234924996,0.11254313580875151,16283783783.78378
0.0037,0.005889999999999999,0.0002200000000000000,0.0018000000000000002,3,0.029500000000000002,0.007,0.00003500000000000000,0.0005000000000000000,0.001,16.324324324324326,-6.921591511457703,2.6412237377460426,0.007968387628246802,-1.8285785263128718,5.579137067291098,7.465670312144445,-30.280544313323556,108.30194061171922,46.080312961211355,0.11764544482229101,16324324324.32432
0.0037,0.005889999999999999,0.0002200000000000000,0.0018000000000000002,3,0.029500000000000002,0.007,0.00003500000000000000,0.0005000000000000000,0.001,16.364864864864867,-6.958157442180433,2.628714263324183,0.007985421216929035,-1.6704943732805715,5.533756716242097,7.430200620842817,-30.077716700631974,108.4329669540148,45.35115827782656,0.12300719087313064,16364864864.86486
0.0037,0.005889999999999999,0.0002200000000000000,0.0018000000000000002,3,0.029500000000000002,0.007,0.00003500000000000000,0.0005000000000000000,0.001,16.405405405405407,-6.996012398228874,2.615908815139089,0.008002904835282655,-1.5176536373950351,5.482267921903286,7.389602559683304,-29.874779670968444,108.52199456490001,44.62542159349173,0.12860989400186773,16405405405.40541
0.0037,0.005889999999999999,0.0002200000000000000,0.0018000000000000002,3,0.029500000000000002,0.007,0.00003500000000000000,0.0005000000000000000,0.001,16.445945945945947,-7.034982520406544,2.602877748905969,0.008020745012623225,-1.3712234113585926,5.424908356098899,7.3439240597186215,-29.673000371970417,108.56829791156261,43.90863901512135,0.13442661193636044,16445945945.94595
0.0037,0.005889999999999999,0.0002200000000000000,0.0018000000000000002,3,0.029500000000000002,0.007,0.00003500000000000000,0.0005000000000000000,0.001,16.486486486486488,-7.074832357655664,2.5897089543365226,0.008038823122446756,-1.2324668729907675,5.361935682242601,7.2932160020735,-29.473758144840815,108.57204623975626,43.20684898435844,0.14042088715126594,16486486486.48649
0.0037,0.005889999999999999,0.0002200000000000000,0.0018000000000000002,3,0.029500000000000002,0.007,0.00003500000000000000,0.0005000000000000000,0.001,16.527027027027028,-7.115258747728236,2.5765085486143837,0.008056994073710218,-1.102727519082882,5.2936281296272405,7.2375342942408185,-29.27853137131692,108.5344865665281,42.526446873443454,0.14654594934401416,16527027027.02703
0.0037,0.005889999999999999,0.0002200000000000000,0.0018000000000000002,3,0.029500000000000002,0.007,0.00003500000000000000,0.0005000000000000000,0.001,16.56756756756757,-7.155887551957857,2.5634005800815878,0.008075086382771109,-0.9834058366587167,5.220285932241031,7.176942913918359,-29.088876981894547,108.45810605617798,41.873978429422074,0.15274433953498967,16567567567.56757
0.0037,0.005889999999999999,0.0002200000000000000,0.0018000000000000002,3,0.029500000000000002,0.007,0.00003500000000000000,0.0005000000000000000,0.001,16.60810810810811,-7.196274706951967,2.5505254221143496,0.008092904113926961,-0.8759278025657831,5.142233306741198,7.111517769998973,-28.906401624265705,108.34675263430627,41.25587262547755,0.15894813727211912,16608108108.10811
0.0037,0.005889999999999999,0.0002200000000000000,0.0018000000000000002,3,0.029500000000000002,0.007,0.00003500000000000000,0.0005000000000000000,0.001,16.64864864864865,-7.235913069312234,2.5380365841982386,0.008110231119330322,-0.7817051332294267,5.059820623962275,7.041351209101137,-28.73272403644564,108.20569087519574,40.67812232755382,0.16507996410293976,16648648648.64865
0.0037,0.005889999999999999,0.0002200000000000000,0.0018000000000000002,3,0.029500000000000002,0.007,0.00003500000000000000,0.0005000000000000000,0.001,16.68918918918919,-7.274246259473964,2.5260957833576096,0.008126837848216396,-0.702087954687894,4.973426442500132,6.96655699064207,-28.569429000104883,108.04157154720967,40.145930517560615,0.17105489451190442,16689189189.18919
0.0037,0.005889999999999999,0.0002200000000000000,0.0018000000000000002,3,0.029500000000000002,0.007,0.00003500000000000000,0.0005000000000000000,0.001,16.729729729729733,-7.310690073731343,2.5148663110464966,0.008142490717943545,-0.6383114894023155,4.883459119815293,6.887275565243479,-28.418014333026033,107.86229868520164,39.663349224819555,0.1767833235913573,16729729729.72973
0.0037,0.005889999999999999,0.0002200000000000000,0.0018000000000000002,3,0.029500000000000002,0.007,0.00003500000000000000,0.0005000000000000000,0.001,16.770270270270274,-7.344661014093222,2.5045049869275506,0.008156963659567135,-0.5914393640812727,4.7903577880657,6.803679517401736,-28.279833606804292,107.67678794984398,39.232945795738054,0.18217472048613015,16770270270.27027
0.0037,0.005889999999999999,0.0002200000000000000,0.0018000000000000002,3,0.029500000000000002,0.007,0.00003500000000000000,0.0005000000000000000,0.001,16.81081081081081,-7.375610184142014,2.4951532762386934,0.008170051019749783,-0.5623070715402766,4.694592569696532,6.715979070578063,-28.156038456197948,107.49462352670375,38.85553444482495,0.18714205140168816,16810810810.81081
0.0037,0.005889999999999999,0.0002200000000000000,0.0018000000000000002,3,0.029500000000000002,0.007,0.00003500000000000000,0.0005000000000000000,0.001,16.85135135135135,-7.403059454596291,2.486928403261045,0.008181580606355734,-0.5514697693504027,4.596663998856875,6.624427594006237,-28.04752522846883,107.32563588588316,38.5300083600887,0.19160651138245377,16851351351.35135
0.0037,0.005889999999999999,0.0002200000000000000,0.0018000000000000002,3,0.029500000000000002,0.007,0.00003500000000000000,0.0005000000000000000,0.001,16.89189189189189,-7.426635763018787,2.479915449478013,0.008191425414689212,-0.5591587705501512,4.497101696515673,6.529327087234231,-27.954891045467175,107.17943638590755,38.25329829856832,0.19550209435450305,16891891891.89189
0.0037,0.005889999999999999,0.0002200000000000000,0.0018000000000000002,3,0.029500000000000002,0.007,0.00003500000000000000,0.0005000000000000000,0.001,16.93243243243243,-7.446099041232708,2.4741614198459767,0.008199512561041303,-0.5852506401377303,4.3964624091653075,6.431033641853779,-27.87840392686371,107.06495374165758,38.02046855732711,0.1987794899013711,16932432432.43243
0.0037,0.005889999999999999,0.0002200000000000000,0.0018000000000000002,3,0.029500000000000002,0.007,0.00003500000000000000,0.0005000000000000000,0.001,16.972972972972975,-7.4613598010398965,2.4696720657462543,0.00820582822664003,-0.49107744587278396,4.4341840694529,6.468137173505122,-27.81799040338178,106.99001929924148,37.824943052856526,0.2014088445835837,16972972972.97297
0.0037,0.005889999999999999,0.0002200000000000000,0.0018000000000000002,3,0.029500000000000002,0.007,0.00003500000000000000,0.0005000000000000000,0.001,17.013513513513516,-7.472483845315404,2.4664118905419112,0.008210417948141157,-0.3852252612206618,4.499527980640164,6.531669568519235,-27.773242176996273,106.96104199496406,37.658836666478,0.20338106492944524,17013513513.51351
0.0037,0.005889999999999999,0.0002200000000000000,0.0018000000000000002,3,0.029500000000000002,0.007,0.00003500000000000000,0.0005000000000000000,0.001,17.054054054054056,-7.479683611044463,2.4643073055739917,0.008213382272555494,-0.2968315833931204,4.562291138252393,6.591829959125902,-27.743441177391666,106.98280095152138,37.51335370751347,0.2047075430200306,17054054054.05405
0.0037,0.005889999999999999,0.0002200000000000000,0.0018000000000000002,3,0.029500000000000002,0.007,0.00003500000000000000,0.0005000000000000000,0.001,17.094594594594597,-7.483297789965983,2.463252453953306,0.0082148684692118,-0.2257420475945479,4.621536986076397,6.647864330373652,-27.727600235926722,107.05836672096693,37.37920891670318,0.20541840946839893,17094594594.59460
0.0037,0.005889999999999999,0.0002200000000000000,0.0018000000000000002,3,0.029500000000000002,0.007,0.00003500000000000000,0.0005000000000000000,0.001,17.135135135135137,-7.483762577669989,2.4631168772348286,0.00821505950612881,-0.1715924356008705,4.676306460738043,6.699029648179048,-27.724514947651286,107.18914488436681,37.2470276695332,0.2055596131132925,17135135135.13514
0.0037,0.005889999999999999,0.0002200000000000000,0.0018000000000000002,3,0.029500000000000002,0.007,0.00003500000000000000,0.0005000000000000000,0.001,17.175675675675677,-7.481578798571378,2.4637540321860523,0.008214161752168927,-0.13385987627934667,4.725626596801344,6.744594021555383,-27.73282139113026,107.37502144670793,37.10768984512321,0.20518925290793044,17175675675.67568
0.0037,0.005889999999999999,0.0002200000000000000,0.0018000000000000002,3,0.029500000000000002,0.007,0.00003500000000000000,0.0005000000000000000,0.001,17.216216216216218,-7.4772791390258675,2.465009685708798,0.00821239283752069,-0.11191912711549817,4.7685158841639765,6.783832336294192,-27.751054307900702,107.61458044018322,36.95259375613931,0.20437362759924313,17216216216.21622
0.0037,0.005889999999999999,0.0002200000000000000,0.0018000000000000002,3,0.029500000000000002,0.007,0.00003500000000000000,0.0005000000000000000,0.001,17.256756756756758,-7.471398955712317,2.4667293909464827,0.008209970845642477,-0.08243044760232454,4.82912748497651,6.838686705672565,-27.777701004246865,107.90536103356955,36.77382967425501,0.2031834286749967,17256756756.75676
0.0037,0.005889999999999999,0.0002200000000000000,0.0018000000000000002,3,0.029500000000000002,0.007,0.00003500000000000000,0.0005000000000000000,0.001,17.2972972972973,-7.464452934700826,2.468764512080112,0.00820710561733511,-0.05500673027534485,4.895692013143197,6.898140886310442,-27.811247392587063,108.24412351498539,36.564264278569226,0.20169040513497527,17297297297.29730
0.0037,0.005889999999999999,0.0002200000000000000,0.0018000000000000002,3,0.029500000000000002,0.007,0.00003500000000000000,0.0005000000000000000,0.001,17.33783783783784,-7.456918607778001,2.470976549044931,0.008203992527690386,-0.03925375405221099,4.9558856390609485,6.951212761346523,-27.85021395404714,108.627099165376,36.3175461373317,0.19996470577276945,17337837837.83784
0.0037,0.005889999999999999,0.0002200000000000000,0.0018000000000000002,3,0.029500000000000002,0.007,0.00003500000000000000,0.0005000000000000000,0.001,17.378378378378383,-7.449226655927181,2.4732397602282847,0.008200808733108673,-0.034299640031897415,5.008928022757958,6.997447910140032,-27.893180720227523,109.05020640072861,36.02804746458911,0.19807298429179954,17378378378.37838
0.0037,0.005889999999999999,0.0002200000000000000,0.0018000000000000002,3,0.029500000000000002,0.007,0.00003500000000000000,0.0005000000000000000,0.001,17.41891891891892,-7.4417571878719,2.4754422587745153,0.008197711626005204,-0.039306235763603786,5.05408054763942,7.0364215905532,-27.938801457232806,109.5092229834803,35.690759084045226,0.19607725455926822,17418918918.91892
0.0037,0.005889999999999999,0.0002200000000000000,0.0018000000000000002,3,0.029500000000000002,0.007,0.00003500000000000000,0.0005000000000000000,0.001,17.459459459459463,-7.434840798822026,2.4774858575024337,0.008194839091529007,-0.045135739876937156,5.100440150165106,7.076076558115995,-27.98580799329825,109.99991042057397,35.30115451631904,0.1940344170575648,17459459459.45946
0.0037,0.005889999999999999,0.0002200000000000000,0.0018000000000000002,3,0.029500000000000002,0.007,0.00003500000000000000,0.0005000000000000000,0.001,17.5,-7.428763136228672,2.479284966879302,0.008192311120377648,-0.05358214322080237,5.144566997103559,7.113488273623609,-28.033006044860365,110.51809124475999,34.85503631445122,0.19199634372657007,17500000000.00000
0.0037,0.005889999999999999,0.0002200000000000000,0.0018000000000000002,3,0.029500000000000002,0.007,0.00003500000000000000,0.0005000000000000000,0.001,17.540540540540544,-7.423771836567931,2.480764826961348,0.008190232368721729,-0.07152228389121404,5.176907377307783,7.140703948671226,-28.079263997592527,111.05968252088091,34.348374086135436,0.19001040198326463,17540540540.54054
0.0037,0.005889999999999999,0.0002200000000000000,0.0018000000000000002,3,0.029500000000000002,0.007,0.00003500000000000000,0.0005000000000000000,0.001,17.581081081081084,-7.420084961041211,2.4818592964404136,0.008188695342284912,-0.09878585119304598,5.19619837965436,7.156857231447509,-28.123495946331293,111.6206897140402,33.777139765261424,0.18812031259699452,17581081081.08108
0.0037,0.005889999999999999,0.0002200000000000000,0.0018000000000000002,3,0.029500000000000002,0.007,0.00003500000000000000,0.0005000000000000000,0.001,17.62162162162162,-7.417900379431348,2.4825083457934456,0.00818778399333054,-0.13532698487523734,5.201129573363468,7.16097673289502,-28.164639950095065,112.19716420841657,33.13714212479807,0.18636726344502919,17621621621.62162
0.0037,0.005889999999999999,0.0002200000000000000,0.0018000000000000002,3,0.029500000000000002,0.007,0.00003500000000000000,0.0005000000000000000,0.001,17.662162162162165,-7.417405887046467,2.4826553180318456,0.008187577640712361,-0.1812202773214855,5.190349467370097,7.15196599975801,-28.20163196384618,112.78512547888992,32.423859583826015,0.1847912368438245,17662162162.16216
0.0037,0.005889999999999999,0.0002200000000000000,0.0018000000000000002,3,0.029500000000000002,0.007,0.00003500000000000000,0.0005000000000000000,0.001,17.7027027027027,-7.418790171509064,2.4822439355201458,0.00818815524609532,-0.23666084266425663,5.162469681010607,7.12857514076863,-28.23337530121764,113.38044531144543,31.632268283654398,0.18343254923105526,17702702702.70270
0.0037,0.005889999999999999,0.0002200000000000000,0.0018000000000000002,3,0.029500000000000002,0.007,0.00003500000000000000,0.0005000000000000000,0.001,17.743243243243246,-7.422255076547238,2.4812149460378317,0.00818960020259977,-0.30197102107503404,5.116065282804964,7.089360775933771,-28.25870478678229,113.97868652392009,30.75666142416908,0.1823336476601759,17743243243.24324
0.0037,0.005889999999999999,0.0002200000000000000,0.0018000000000000002,3,0.029500000000000002,0.007,0.00003500000000000000,0.0005000000000000000,0.001,17.783783783783782,-7.428029957843809,2.479502213305429,0.0081920059195638,-0.37761609300722976,5.049670590682401,7.032630483533117,-28.27634400199832,114.57488217472955,29.79045631909909,0.18154125873527388,17783783783.78378
0.0037,0.005889999999999999,0.0002200000000000000,0.0018000000000000002,3,0.029500000000000002,0.007,0.00003500000000000000,0.0005000000000000000,0.001,17.824324324324326,-7.436389324665092,2.4770279613881554,0.008195482627226266,-0.4642310544212175,4.961771448650275,6.9563675572901,-28.284853271609038,115.16323291227368,28.72598819626986,0.1811090442966083,17824324324.32433
0.0037,0.005889999999999999,0.0002200000000000000,0.0018000000000000002,3,0.029500000000000002,0.007,0.00003500000000000000,0.0005000000000000000,0.001,17.864864864864867,-7.447675457471117,2.473696771780275,0.008200165989230124,-0.5626599390978934,4.850797993258971,6.858131892334364,-28.282565396037022,115.73668943305785,27.554295627653094,0.18110098684664766,17864864864.86486
0.0037,0.005889999999999999,0.0002200000000000000,0.0018000000000000002,3,0.029500000000000002,0.007,0.00003500000000000000,0.0005000000000000000,0.001,17.905405405405407,-7.46232834797112,2.469387799404998,0.008206228311347511,-0.6555327827290592,4.735228078238566,6.753409021851009,-28.267505848415443,116.28637352026576,26.264913750959156,0.1815958082493621,17905405405.40541
0.0037,0.005889999999999999,0.0002200000000000000,0.0018000000000000002,3,0.029500000000000002,0.007,0.00003500000000000000,0.0005000000000000000,0.001,17.945945945945947,-7.480926200318684,2.463944515505424,0.00821389338069844,-0.5677837015201185,4.802862556573276,6.815001586198326,-28.237294675167284,116.8007747916892,24.845711811914413,0.18269281651800537,17945945945.94595
0.0037,0.005889999999999999,0.0002200000000000000,0.0018000000000000002,3,0.029500000000000002,0.007,0.00003500000000000000,0.0005000000000000000,0.001,17.986486486486488,-7.5042409450912375,2.4571611087362557,0.00822345625656902,-0.20489302619628535,5.16973202692548,7.134680320216466,-28.189029480409047,117.2646424592912,23.282847082216158,0.18451966835399053,17986486486.48649
0.0037,0.005889999999999999,0.0002200000000000000,0.0018000000000000002,3,0.029500000000000002,0.007,0.00003500000000000000,0.0005000000000000000,0.001,18.027027027027028,-7.533314820019602,2.44876451609389,0.008235309620789643,0.18339461091766232,5.571020994697068,7.459347951250155,-28.119154021640092,117.65747701348177,21.56096736403911,0.1872426012822149,18027027027.02703
0.0037,0.005889999999999999,0.0002200000000000000,0.0018000000000000002,3,0.029500000000000002,0.007,0.00003500000000000000,0.0005000000000000000,0.001,18.06756756756757,-7.569566048765903,2.438391010946401,0.008249978456271201,0.5955651241242464,6.002636636224475,7.783420545571263,-28.023327276958984,117.95152868080152,19.663892475025047,0.1910796591247318,18067567567.56757
0.0037,0.005889999999999999,0.0002200000000000000,0.0018000000000000002,3,0.029500000000000002,0.007,0.00003500000000000000,0.0005000000000000000,0.001,18.10810810810811,-7.614933736275155,2.425556576185241,0.008268164545475857,1.0297519858008826,6.456794262443892,8.100169483837169,-27.89632638829318,118.10925691021517,17.57615669747738,0.196317154322425,18108108108.10811
0.0037,0.005889999999999999,0.0002200000000000000,0.0018000000000000002,3,0.029500000000000002,0.007,0.00003500000000000000,0.0005000000000000000,0.001,18.14864864864865,-7.67207339737554,2.409621422071808,0.00829080088110775,1.4834660930241774,6.920664267755826,8.401477814474257,-27.732046872586324,118.08035701612881,15.286006837901768,0.20332876736908392,18148648648.64865
0.0037,0.005889999999999999,0.0002200000000000000,0.0018000000000000002,3,0.029500000000000002,0.007,0.00003500000000000000,0.0005000000000000000,0.001,18.18918918918919,-7.744612695563516,2.38975190866741,0.008319112179160303,1.9531867112178105,7.375071736383541,8.677662489978621,-27.52370597290266,117.79882181497351,12.790695163707005,0.21259469451348062,18189189189.18919
0.0037,0.005889999999999999,0.0002200000000000000,0.0018000000000000002,3,0.029500000000000002,0.007,0.00003500000000000000,0.0005000000000000000,0.001,18.22972972972973,-7.837466599625645,2.364889416373533,0.008354668774098097,2.4337825426572075,7.7937739855478005,8.91747807377553,-27.264403164087536,117.18123146586821,10.10504885387114,0.22471416374674252,18229729729.72973
0.0037,0.005889999999999999,0.0002200000000000000,0.0018000000000000002,3,0.029500000000000002,0.007,0.00003500000000000000,0.0005000000000000000,0.001,18.270270270270274,-7.957181135927454,2.3337476425013404,0.008399403413341097,2.917748633430221,8.144143402625952,9.108454121465185,-26.94822108395745,116.1286860173583,7.273974897857022,0.2403972255919462,18270270270.27027
0.0037,0.005889999999999999,0.0002200000000000000,0.0018000000000000002,3,0.029500000000000002,0.007,0.00003500000000000000,0.0005000000000000000,0.001,18.31081081081081,-8.112205069905556,2.2948791433902525,0.008455529942792209,3.394297733804665,8.390182262531642,9.23771395244908,-26.57200790058613,114.53635313037024,4.388052817274192,0.2604104320742694,18310810810.81081
0.0037,0.005889999999999999,0.0002200000000000000,0.0018000000000000002,3,0.029500000000000002,0.007,0.00003500000000000000,0.0005000000000000000,0.001,18.351351351351354,-8.312850272977958,2.246875644243484,0.008525261654596536,3.848462758142798,8.49831988054428,9.293330740988317,-26.137790811884706,112.31543705445019,1.5977579597140652,0.28543892804020676,18351351351.35135
0.0037,0.005889999999999999,0.0002200000000000000,0.0018000000000000002,3,0.029500000000000002,0.007,0.00003500000000000000,0.0005000000000000000,0.001,18.39189189189189,-8.570474528592085,2.188777124490773,0.008610199232616411,4.260572230609657,8.445150642876047,9.266074008325807,-25.65536977000289,109.42983416809716,-0.8838461592399188,0.3158274124806689,18391891891.89189
0.0037,0.005889999999999999,0.0002200000000000000,0.0018000000000000002,3,0.029500000000000002,0.007,0.00003500000000000000,0.0005000000000000000,0.001,18.432432432432435,-8.895161680329272,2.1207183811675714,0.008710314455758714,4.606715875581126,8.224587557119557,9.151141283656889,-25.144087068176017,105.94043264862515,-2.8043887855223435,0.3512023871620347,18432432432.43243
0.0037,0.005889999999999999,0.0002200000000000000,0.0018000000000000002,3,0.029500000000000002,0.007,0.00003500000000000000,0.0005000000000000000,0.001,18.472972972972975,-9.291161059297735,2.0446811757750614,0.008822708810035574,4.879894257747136,7.885462038196629,8.96827145320012,-24.632357737971322,102.03496465752434,-3.9301369493538556,0.3900877214020689,18472972972.97297
0.0037,0.005889999999999999,0.0002200000000000000,0.0018000000000000002,3,0.029500000000000002,0.007,0.00003500000000000000,0.0005000000000000000,0.001,18.513513513513516,-9.750207768022896,1.9649571645454338,0.008940796948685055,5.03720862428918,7.421289153575514,8.704793532107782,-24.1538225889975,98.01340574290637,-4.124759915014506,0.4297753564775697,18513513513.51352
0.0037,0.005889999999999999,0.0002200000000000000,0.0018000000000000002,3,0.029500000000000002,0.007,0.00003500000000000000,0.0005000000000000000,0.001,18.554054054054056,-10.24520763645296,1.8877751755696297,0.009054896794080546,5.057067025200654,6.864843006671316,8.366306097277684,-23.740404025318433,94.21729490816415,-3.407849005337453,0.46674115092793,18554054054.05405
0.0037,0.005889999999999999,0.0002200000000000000,0.0018000000000000002,3,0.029500000000000002,0.007,0.00003500000000000000,0.0005000000000000000,0.001,18.594594594594597,-10.72980060529307,1.8198541938382842,0.009154682345229218,4.934899455228595,6.2604038698170825,7.966023512256393,-23.41469126219331,90.93264379669696,-1.9523464055166906,0.49760827549736314,18594594594.59460
0.0037,0.005889999999999999,0.0002200000000000000,0.0018000000000000002,3,0.029500000000000002,0.007,0.00003500000000000000,0.0005000000000000000,0.001,18.635135135135137,-11.1490838616713,1.7664129048133435,0.009232476619696365,4.679818342146255,5.647092483809918,7.518249003416982,-23.185248496090413,88.3206385156896,-0.02008973407324603,0.5201839329106687,18635135135.13514
0.0037,0.005889999999999999,0.0002200000000000000,0.0018000000000000002,3,0.029500000000000002,0.007,0.00003500000000000000,0.0005000000000000000,0.001,18.675675675675677,-11.459151471944608,1.7297298123503746,0.009285364061418678,4.3117636555919505,5.054492321543007,7.036775411288398,-23.04702239301519,86.40812797669804,2.1227338784212053,0.533947828256001,18675675675.67567
0.0037,0.005889999999999999,0.0002200000000000000,0.0018000000000000002,3,0.029500000000000002,0.007,0.00003500000000000000,0.0005000000000000000,0.001,18.716216216216218,-11.642975452861041,1.7090309523965537,0.009314981256685473,4.0627335196884475,4.7211181080960545,6.740448653015731,-22.985895279733697,85.12588244430283,4.265531919706278,0.5397945391246395,18716216216.21622
0.0037,0.005889999999999999,0.0002200000000000000,0.0018000000000000002,3,0.029500000000000002,0.007,0.00003500000000000000,0.0005000000000000000,0.001,18.756756756756758,-11.711234417701055,1.7015339842035078,0.009325663669652387,4.2010207760363265,4.87779418239757,6.882234713908343,-22.984416452301485,84.36085122016101,6.273290545500316,0.5393598398366345,18756756756.75676
0.0037,0.005889999999999999,0.0002200000000000000,0.0018000000000000002,3,0.029500000000000002,0.007,0.00003500000000000000,0.0005000000000000000,0.001,18.7972972972973,-11.690316203906177,1.7038207936259293,0.009322407828749865,4.283875174354227,5.018064205910237,7.005362137928866,-23.026205982005497,83.99721472221077,8.07738892873154,0.5343813633650493,18797297297.29730
0.0037,0.005889999999999999,0.0002200000000000000,0.0018000000000000002,3,0.029500000000000002,0.007,0.00003500000000000000,0.0005000000000000000,0.001,18.83783783783784,-11.608723640178214,1.7128309538351607,0.009309557309901398,4.327828090348716,5.14674968750702,7.115330468244939,-23.09821207983135,83.93893451374922,9.654729806113219,0.5263198652628683,18837837837.83784
0.0037,0.005889999999999999,0.0002200000000000000,0.0018000000000000002,3,0.029500000000000002,0.007,0.00003500000000000000,0.0005000000000000000,0.001,18.878378378378383,-11.489276776121372,1.726285776289059,0.009290304057309769,4.344978354612378,5.268086214050924,7.216528737271416,-23.191251102516965,84.11761404290999,11.007031036279175,0.516232047314541,18878378378.37838
0.0037,0.005889999999999999,0.0002200000000000000,0.0018000000000000002,3,0.029500000000000002,0.007,0.00003500000000000000,0.0005000000000000000,0.001,18.91891891891892,-11.34722962150176,1.7427079772800431,0.009266707846596979,4.343525132214831,5.3856608689001755,7.312390027326877,-23.299610183656373,84.49214103087787,12.144828346692131,0.5047932168941615,18918918918.91892
0.0037,0.005889999999999999,0.0002200000000000000,0.0018000000000000002,3,0.029500000000000002,0.007,0.00003500000000000000,0.0005000000000000000,0.001,18.959459459459463,-11.191469571071202,1.7612619663503004,0.009239930959686901,4.3285322430635045,5.502424213891742,7.405540696324219,-23.4203211912099,85.0451087094871,13.076251212080493,0.49237858358800485,18959459459.45946
0.0037,0.005889999999999999,0.0002200000000000000,0.0018000000000000002,3,0.029500000000000002,0.007,0.00003500000000000000,0.0005000000000000000,0.001,19,-11.02652502655765,1.7815596416748092,0.009210508429515379,4.30261094426465,5.620668599450787,7.497879795870603,-23.552432808010273,85.77880931060679,13.798798836186688,0.4791517899212386,19000000000.00000
0.0037,0.006,0.0002000000000000000,0.001574,3,0.029500000000000002,0.007,0.00003500000000000000,0.0005000000000000000,0.001,16,-9.15318083408307,2.070361464055722,0.008784704425026156,-5.748782361738063,6.1412030781113875,7.882534589266919,-34.19404541532979,81.97919629132,35.29260437358784,0.04333794408358278,16000000000.00000
0.0037,0.006,0.0002000000000000000,0.001574,3,0.029500000000000002,0.007,0.00003500000000000000,0.0005000000000000000,0.001,16.04054054054054,-9.174649173157341,2.0663104464286572,0.0087906971324697,-5.675552815381273,6.101143080430398,7.854112099313745,-34.0894317398599,82.20251011341118,34.99508334462922,0.0443642872428132,16040540540.54054
0.0037,0.006,0.0002000000000000000,0.001574,3,0.029500000000000002,0.007,0.00003500000000000000,0.0005000000000000000,0.001,16.08108108108108,-9.19681607509197,2.062149264888425,0.008796853831131914,-5.601958261803368,6.054064069246255,7.820470127178245,-33.97915463121321,82.42097265467663,34.69041221377096,0.0454733721402361,16081081081.08108
0.0037,0.006,0.0002000000000000000,0.001574,3,0.029500000000000002,0.007,0.00003500000000000000,0.0005000000000000000,0.001,16.121621621621625,-9.219722763220968,2.0578721557102613,0.00880318307097323,-5.515875670389572,6.016714336056946,7.793593923759437,-33.86307225877513,82.63404821910297,34.378541016472404,0.046671637711978825,16121621621.62162
0.0037,0.006,0.0002000000000000000,0.001574,3,0.029500000000000002,0.007,0.00003500000000000000,0.0005000000000000000,0.001,16.162162162162165,-9.243410954636996,2.0534734706496587,0.00880969322771432,-5.414789289062391,5.992265463430624,7.775910448031111,-33.74109188092818,82.8411597867958,34.059459913836946,0.047965616000848775,16162162162.16216
0.0037,0.006,0.0002000000000000000,0.001574,3,0.029500000000000002,0.007,0.00003500000000000000,0.0005000000000000000,0.001,16.202702702702705,-9.26792234644468,2.048947782564307,0.008816392344858636,-5.314531639066201,5.958749950437742,7.751551613228282,-33.61317416428454,83.04168895326681,33.73320758253903,0.0493618780519241,16202702702.70270
0.0037,0.006,0.0002000000000000000,0.001574,3,0.029500000000000002,0.007,0.00003500000000000000,0.0005000000000000000,0.001,16.243243243243246,-9.293297946218388,2.0442900165205264,0.00882328793766316,-5.215167418868331,5.916262641188032,7.720474454274288,-33.479337351645235,83.23497695736485,33.39988068281702,0.05086696343684587,16243243243.24324
0.0037,0.006,0.0002000000000000000,0.001574,3,0.029500000000000002,0.007,0.00003500000000000000,0.0005000000000000000,0.001,16.283783783783782,-9.319577216762951,2.0394956102370325,0.008830386753329965,-5.116776322060048,5.865002814719429,7.682682248772638,-33.33966131856711,83.42032712739822,33.05964440256826,0.052487289137792034,16283783783.78378
0.0037,0.006,0.0002000000000000000,0.001574,3,0.029500000000000002,0.007,0.00003500000000000000,0.0005000000000000000,0.001,16.324324324324326,-9.346797002550204,2.0345607077742205,0.008837694481624582,-5.019456167427004,5.805271307761684,7.638225211823338,-33.19429153963776,83.59700913856155,32.71274401369844,0.05422903322633766,16324324324.32432
0.0037,0.006,0.0002000000000000000,0.001574,3,0.029500000000000002,0.007,0.00003500000000000000,0.0005000000000000000,0.001,16.364864864864867,-9.374990204352283,2.0294823900340404,0.008845215410660771,-4.923326522914321,5.737465096017576,7.587200565142812,-33.04344294903796,83.76426553657357,32.359517284862704,0.05609798877294085,16364864864.86486
0.0037,0.006,0.0002000000000000000,0.001574,3,0.029500000000000002,0.007,0.00003500000000000000,0.0005000000000000000,0.001,16.405405405405407,-9.404184170822575,2.0242589447058785,0.008852952024005595,-4.828532734913472,5.662069551509984,7.529751998315344,-32.8874036262912,83.92132103241823,32.00040746681085,0.05809938385006035,16405405405.40541
0.0037,0.006,0.0002000000000000000,0.001574,3,0.029500000000000002,0.007,0.00003500000000000000,0.0005000000000000000,0.001,16.445945945945947,-9.43439878260974,2.0188901765591085,0.008860904537880038,-4.735250167728321,5.579648722448383,7.466068579511143,-32.72653816972316,84.06739509699403,31.635976398791765,0.060237664496153906,16445945945.94595
0.0037,0.006,0.0002000000000000000,0.001574,3,0.029500000000000002,0.007,0.00003500000000000000,0.0005000000000000000,0.001,16.486486486486488,-9.465644217530151,2.0133777562628445,0.008869070381327712,-4.643688338831543,5.4908340938802365,7.396383216549519,-32.5612905424256,84.20171836371448,31.26691707921747,0.06251623923681043,16486486486.48649
0.0037,0.006,0.0002000000000000000,0.001574,3,0.029500000000000002,0.007,0.00003500000000000000,0.0005000000000000000,0.001,16.527027027027028,-9.49791840591163,2.00772560205829,0.00887744362801838,-4.554094515535538,5.396312371090585,7.320970813101765,-32.39218609661613,84.32355326122271,30.894064808998735,0.06493718633429543,16527027027.02703
0.0037,0.006,0.0002000000000000000,0.001574,3,0.029500000000000002,0.007,0.00003500000000000000,0.0005000000000000000,0.001,16.56756756756757,-9.531204214599251,2.0019402835792586,0.008886014395898237,-4.466756234484618,5.296812871980705,7.240146302696133,-32.2198324122831,84.43221912638018,30.518405769583673,0.06750092842696728,16567567567.56757
0.0037,0.006,0.0002000000000000000,0.001574,3,0.029500000000000002,0.007,0.00003500000000000000,0.0005000000000000000,0.001,16.60810810810811,-9.5654664366965,1.996031431031121,0.008894768240008405,-4.382002133584895,5.19309511413247,7.154262769883928,-32.044918536543555,84.52712177205542,30.141081668691992,0.0702058835958449,16608108108.10811
0.0037,0.006,0.0002000000000000000,0.001574,3,0.029500000000000002,0.007,0.00003500000000000000,0.0005000000000000000,0.001,16.64864864864865,-9.600648711211898,1.9900121261198576,0.008903685573973173,-4.300200464096201,5.0859371346909406,7.063709877261309,-31.868212192756534,84.60778709626683,29.763388914257355,0.0730481069901991,16648648648.64865
0.0037,0.006,0.0002000000000000000,0.001574,3,0.029500000000000002,0.007,0.00003500000000000000,0.0005000000000000000,0.001,16.68918918918919,-9.636670549947194,1.9838992441720782,0.008912741165994668,-4.221754692938538,4.976124990411591,6.968912804376464,-31.69055455326564,84.67389782459684,29.386770710210413,0.07602094261005504,16689189189.18919
0.0037,0.006,0.0002000000000000000,0.001574,3,0.029500000000000002,0.007,0.00003500000000000000,0.0005000000000000000,0.001,16.729729729729733,-9.673424703667271,1.9777137106839835,0.008921903764347065,-4.147095722543323,4.864443758631547,6.870331865636478,-31.51285224381921,84.72533190267936,29.012800558996293,0.07911471012655509,16729729729.72973
0.0037,0.006,0.0002000000000000000,0.001574,3,0.029500000000000002,0.007,0.00003500000000000000,0.0005000000000000000,0.001,16.770270270270274,-9.710775148942417,1.9714806312191895,0.008931135913625264,-4.076670452351012,4.751670208449411,6.768462906387863,-31.336066373831585,84.76220045030557,28.643155953298862,0.08231645596319978,16770270270.27027
0.0037,0.006,0.0002000000000000000,0.001574,3,0.029500000000000002,0.007,0.00003500000000000000,0.0005000000000000000,0.001,16.81081081081081,-9.748556011682291,1.9652292524809305,0.008940394024362005,-4.010926678644934,4.6385671487620375,6.663838479068103,-31.161198561659525,84.78488263094302,28.27958157585699,0.08560980034842544,16810810810.81081
0.0037,0.006,0.0002000000000000000,0.001574,3,0.029500000000000002,0.007,0.00003500000000000000,0.0005000000000000000,0.001,16.85135135135135,-9.786571752658826,1.9589927157908456,0.008949628753183883,-3.950294664359629,4.525879300915821,6.557029677262673,-30.98927413794542,84.79405437691656,27.923842103135584,0.08897491173315852,16851351351.35135
0.0037,0.006,0.0002000000000000000,0.001574,3,0.029500000000000002,0.007,0.00003500000000000000,0.0005000000000000000,0.001,16.89189189189189,-9.824598913382278,1.952807573147107,0.008958785736924348,-3.8900670175918357,4.419516328340394,6.45374742781975,-30.821322946433995,84.79070774810748,27.577665686385387,0.09238863602225536,16891891891.89189
0.0037,0.006,0.0002000000000000000,0.001574,3,0.029500000000000002,0.007,0.00003500000000000000,0.0005000000000000000,0.001,16.93243243243243,-9.862389649312199,1.9467130508842476,0.008967806701556306,-3.8125428500684038,4.33778270908133,6.372677932728072,-30.65835839681935,84.77615788560544,27.242680271988547,0.09582480005018135,16932432432.43243
0.0037,0.006,0.0002000000000000000,0.001574,3,0.029500000000000002,0.007,0.00003500000000000000,0.0005000000000000000,0.001,16.972972972972975,-9.89967715840325,1.9407500661851096,0.008976630936335267,-3.7403555044657555,4.2580757458035565,6.292133827227644,-30.501355631275864,84.75203511106854,26.920345986121042,0.09925469675381818,16972972972.97297
0.0037,0.006,0.0002000000000000000,0.001574,3,0.029500000000000002,0.007,0.00003500000000000000,0.0005000000000000000,0.001,17.013513513513516,-9.93618295147425,1.9349600255994495,0.008985197087805553,-3.674044676568638,4.180672249095786,6.212461216311365,-30.351229816094417,84.72026071630003,26.611887679414437,0.10264774443914157,17013513513.51351
0.0037,0.006,0.0002000000000000000,0.001574,3,0.029500000000000002,0.007,0.00003500000000000000,0.0005000000000000000,0.001,17.054054054054056,-9.971625721304793,1.9293834595324275,0.008993445191546061,-3.614081126082384,4.105816573090322,6.133995434091203,-30.208815637217423,84.68300631030569,26.318232238048914,0.1059722960252936,17054054054.05405
0.0037,0.006,0.0002000000000000000,0.001574,3,0.029500000000000002,0.007,0.00003500000000000000,0.0005000000000000000,0.001,17.094594594594597,-10.00573137347188,1.9240585688073064,0.009001318827094047,-3.560851780601282,4.033721141016953,6.057058712927981,-30.074849046503257,84.64263809081238,26.03995528718782,0.10919655838213058,17094594594.59460
0.0037,0.006,0.0002000000000000000,0.001574,3,0.029500000000000002,0.007,0.00003500000000000000,0.0005000000000000000,0.001,17.135135135135137,-10.038243613391572,1.9190197751758735,0.00900876725887689,-3.5146483356787375,3.964566898021802,5.981957505255412,-29.949952170094136,84.60164887816954,25.77724138208719,0.11228956926314292,17135135135.13514
0.0037,0.006,0.0002000000000000000,0.001574,3,0.029500000000000002,0.007,0.00003500000000000000,0.0005000000000000000,0.001,17.175675675675677,-10.068934370802122,1.9142963740016015,0.009015747417621948,-3.4756599402319517,3.8985036796920243,5.90897948475685,-29.83462206349557,84.56258196954295,25.529860739149957,0.11522217195982083,17175675675.67568
0.0037,0.006,0.0002000000000000000,0.001574,3,0.029500000000000002,0.007,0.00003500000000000000,0.0005000000000000000,0.001,17.216216216216218,-10.097613308542638,1.9099113826303133,0.009022225584853627,-3.3352807730810734,3.9328553647589004,5.947079750285829,-29.729223706708595,84.52795165060276,25.297164136424378,0.11796792695951445,17216216216.21622
0.0037,0.006,0.0002000000000000000,0.001574,3,0.029500000000000002,0.007,0.00003500000000000000,0.0005000000000000000,0.001,17.256756756756758,-10.124135717643766,1.9058806624628424,0.009028178667089345,-3.205318938584213,3.967043684263776,5.984669828614071,-29.633987315684234,84.50016542666438,25.07809601579357,0.12050390571388411,17256756756.75676
0.0037,0.006,0.0002000000000000000,0.001574,3,0.029500000000000002,0.007,0.00003500000000000000,0.0005000000000000000,0.001,17.2972972972973,-10.148408240260077,1.902212368612912,0.009033594982794262,-3.0923465214449646,3.9950934063608745,6.015269376907807,-29.549009745729112,84.48145269183813,24.871224278869843,0.12281132308022309,17297297297.29730
0.0037,0.006,0.0002000000000000000,0.001574,3,0.029500000000000002,0.007,0.00003500000000000000,0.0005000000000000000,0.001,17.33783783783784,-10.170392065328333,1.8989067518690959,0.009038474528571545,-2.9965445405234425,4.016674470679092,6.038666359844797,-29.474259515666496,84.47380372984,24.674783992788086,0.12487598013384767,17337837837.83784
0.0037,0.006,0.0002000000000000000,0.001574,3,0.029500000000000002,0.007,0.00003500000000000000,0.0005000000000000000,0.001,17.378378378378383,-10.19010347797842,1.8959563076875097,0.009042828735195133,-2.918007213771051,4.03145731290269,6.054620656313513,-29.409584813207825,84.47892179290157,24.486731352739373,0.12668850551076322,17378378378.37838
0.0037,0.006,0.0002000000000000000,0.001574,3,0.029500000000000002,0.007,0.00003500000000000000,0.0005000000000000000,0.001,17.41891891891892,-10.207611878453202,1.893346239990238,0.00904667976328807,-2.856750746076293,4.039117791930925,6.06286518592042,-29.354723758792872,84.49818972449776,24.30480383979752,0.12824439904806215,17418918918.91892
0.0037,0.006,0.0002000000000000000,0.001574,3,0.029500000000000002,0.007,0.00003500000000000000,0.0005000000000000000,0.001,17.459459459459463,-10.223035589033685,1.8910551865227512,0.009050059418612583,-2.812722810378751,4.039343339090008,6.0631076922221405,-29.3093161966355,84.5326513540008,24.12658253898893,0.1295438946662488,17459459459.45946
0.0037,0.006,0.0002000000000000000,0.001574,3,0.029500000000000002,0.007,0.00003500000000000000,0.0005000000000000000,0.001,17.5,-10.23653591699754,1.8890561389234901,0.009053007786057636,-2.7858121674649454,4.031840189951486,6.055033096483569,-29.27291632508269,84.58300682850034,23.949552956383148,0.1305916693852559,17500000000.00000
0.0037,0.006,0.0002000000000000000,0.001574,3,0.029500000000000002,0.007,0.00003500000000000000,0.0005000000000000000,0.001,17.540540540540544,-10.248310027618452,1.887317484717116,0.009055571689327791,-2.7758580257163787,4.01634143002925,6.038306251715181,-29.24500554685146,84.64962023246164,23.771161284475575,0.13139643197213258,17540540540.54054
0.0037,0.006,0.0002000000000000000,0.001574,3,0.029500000000000002,0.007,0.00003500000000000000,0.0005000000000000000,0.001,17.581081081081084,-10.258583203703559,1.885804099418404,0.00905780308127016,-2.7826589190041346,3.9926154412852966,6.012574820524441,-29.22500499165494,84.7325373040416,23.588863800155057,0.1319704282631038,17581081081.08108
0.0037,0.006,0.0002000000000000000,0.001574,3,0.029500000000000002,0.007,0.00003500000000000000,0.0005000000000000000,0.001,17.62162162162162,-10.267601035031193,1.8844784235234562,0.009059757459708528,-2.8059810623903703,3.9604741951949394,5.977471879525824,-29.21228722929756,84.83151077416639,23.400167847590684,0.1323289010423003,17621621621.62162
0.0037,0.006,0.0002000000000000000,0.001574,3,0.029500000000000002,0.007,0.00003500000000000000,0.0005000000000000000,0.001,17.662162162162165,-10.2756220049758,1.8833014698361283,0.009061492387833428,-2.8455663290467688,3.9197807193054444,5.932617723624642,-29.2061867531371,84.94603080095635,23.202663589038284,0.13248954076106695,17662162162.16216
0.0037,0.006,0.0002000000000000000,0.001574,3,0.029500000000000002,0.007,0.00003500000000000000,0.0005000000000000000,0.001,17.7027027027027,-10.282910837886114,1.8822337197092507,0.009063066178959104,-2.9011401861871273,3.870454987916375,5.877620211239983,-29.20600888498246,85.07535810846908,22.99404634789079,0.1324719594680436,17702702702.70270
0.0037,0.006,0.0002000000000000000,0.001574,3,0.029500000000000002,0.007,0.00003500000000000000,0.0005000000000000000,0.001,17.743243243243246,-10.289732855555817,1.881235880729239,0.009064536785145613,-2.8749696984833384,3.8989918789674776,5.909523306167406,-29.211036847301287,85.21855772281361,22.77212987703474,0.13229721427545368,17743243243.24324
0.0037,0.006,0.0002000000000000000,0.001574,3,0.029500000000000002,0.007,0.00003500000000000000,0.0005000000000000000,0.001,17.783783783783782,-10.296349480001494,1.880269491516721,0.009065960910108457,-2.79633895686467,3.9795469609217706,5.99833633990606,-29.22053687506804,85.37453157824534,22.534851229406744,0.13198739892965755,17783783783.78378
0.0037,0.006,0.0002000000000000000,0.001574,3,0.029500000000000002,0.007,0.00003500000000000000,0.0005000000000000000,0.001,17.824324324324326,-10.303014926806775,1.8792973701036135,0.009067393351222898,-2.6831887739302145,4.097695831120347,6.125397179088369,-29.233761390997913,85.5420486779897,22.280268063181026,0.1315653134320078,17824324324.32433
0.0037,0.006,0.0002000000000000000,0.001574,3,0.029500000000000002,0.007,0.00003500000000000000,0.0005000000000000000,0.001,17.864864864864867,-10.30997406936218,1.8782839095082204,0.009068886565103223,-2.579207005389847,4.213357510461868,6.246283113066211,-29.24995042129965,85.71977186391254,22.006549180142994,0.13105421341701953,17864864864.86486
0.0037,0.006,0.0002000000000000000,0.001574,3,0.029500000000000002,0.007,0.00003500000000000000,0.0005000000000000000,0.001,17.905405405405407,-10.31746142572028,1.877195226892288,0.009070490447317472,-2.4840722379389466,4.325703034734782,6.360567012327783,-29.268331547465337,85.90628049750269,21.711958899918308,0.1304776346293688,17905405405.40541
0.0037,0.006,0.0002000000000000000,0.001574,3,0.029500000000000002,0.007,0.00003500000000000000,0.0005000000000000000,0.001,17.945945945945947,-10.325701227318007,1.8759991709594124,0.009072252319407177,-2.397568349734615,4.43373935381083,6.467701586637013,-29.288118732299658,86.10008841295905,21.394835576027507,0.12985928470920058,17945945945.94595
0.0037,0.006,0.0002000000000000000,0.001574,3,0.029500000000000002,0.007,0.00003500000000000000,0.0005000000000000000,0.001,17.986486486486488,-10.334908567678553,1.874665186726149,0.00907421712451262,-2.3195855559169014,4.53629866472902,6.567016402794116,-29.308510291788924,86.29965633026485,21.053564250580113,0.12922299549673902,17986486486.48649
0.0037,0.006,0.0002000000000000000,0.001574,3,0.029500000000000002,0.007,0.00003500000000000000,0.0005000000000000000,0.001,18.027027027027028,-10.345291690141448,1.8731640288017652,0.009076427844590451,-2.2501186014386647,4.632033684725413,6.657717089743839,-29.32868609652591,86.50339750878739,20.68654322602294,0.12859273428505638,18027027027.02703
0.0037,0.006,0.0002000000000000000,0.001574,3,0.029500000000000002,0.007,0.00003500000000000000,0.0005000000000000000,0.001,18.06756756756757,-10.357055545493097,1.8714673055095175,0.009078926164997714,-2.189263120100897,4.719419161018084,6.7388855145460855,-29.347803792821786,86.70967481871048,20.29214430003431,0.12799268112383427,18067567567.56757
0.0037,0.006,0.0002000000000000000,0.001574,3,0.029500000000000002,0.007,0.00003500000000000000,0.0005000000000000000,0.001,18.10810810810811,-10.370406823138893,1.8695468281111716,0.009081753423824597,-2.137211332359651,4.796759241763343,6.80947920967953,-29.364993478881807,86.91678667752468,19.868666632077467,0.12744738995102725,18108108108.10811
0.0037,0.006,0.0002000000000000000,0.001574,3,0.029500000000000002,0.007,0.00003500000000000000,0.0005000000000000000,0.001,18.14864864864865,-10.385560727863313,1.8673737329988507,0.009084951892368449,-2.0942482612257414,4.862199762731118,6.868327977960077,-29.379349919920283,87.12293851785478,19.414284719407036,0.1269820622891037,18148648648.64865
0.0037,0.006,0.0002000000000000000,0.001574,3,0.029500000000000002,0.007,0.00003500000000000000,0.0005000000000000000,0.001,18.18918918918919,-10.402749839606686,1.8649173400761103,0.009088566439388475,-2.0607494923153027,4.913744242125667,6.914125479266925,-29.389921108076308,87.32619567997352,18.926991757727308,0.12662297202926914,18189189189.18919
0.0037,0.006,0.0002000000000000000,0.001574,3,0.029500000000000002,0.007,0.00003500000000000000,0.0005000000000000000,0.001,18.22972972972973,-10.422235465621657,1.8621437067272333,0.0090926466365619,-2.0371811991421667,4.949272620200183,6.9454137666177225,-29.395691829518597,87.52441287134891,18.40454074183869,0.12639808768525082,18229729729.72973
0.0037,0.006,0.0002000000000000000,0.001574,3,0.029500000000000002,0.007,0.00003500000000000000,0.0005000000000000000,0.001,18.270270270270274,-10.444321989023639,1.8590138321826837,0.009097249368090086,-2.0241027123281836,4.966562691379995,6.9605592180685525,-29.395560935578867,87.71513457351716,17.844387055576053,0.1263379445734866,18270270270.27027
0.0037,0.006,0.0002000000000000000,0.001574,3,0.029500000000000002,0.007,0.00003500000000000000,0.0005000000000000000,0.001,18.31081081081081,-10.469374856647939,1.8554814598729776,0.009102442016193802,-2.022171339207069,4.963315845005233,6.957719127911894,-29.38831125612537,87.89545993297807,17.24363812544371,0.12647682456344006,18310810810.81081
0.0037,0.006,0.0002000000000000000,0.001574,3,0.029500000000000002,0.007,0.00003500000000000000,0.0005000000000000000,0.001,18.351351351351354,-10.497843055640757,1.8514904142027973,0.009108306307877395,-2.0321484101198664,4.937191169515108,6.934799435570122,-29.372571572696337,88.06186468749029,16.59901822926675,0.12685430650663765,18351351351.35135
0.0037,0.006,0.0002000000000000000,0.001574,3,0.029500000000000002,0.007,0.00003500000000000000,0.0005000000000000000,0.001,18.39189189189189,-10.530287224632055,1.8469713931255098,0.009114942926164762,-2.054904551173273,4.885855104433233,6.889405833336561,-29.346770848158357,88.20997157625048,15.906860220978876,0.12751725683097356,18391891891.89189
0.0037,0.006,0.0002000000000000000,0.001574,3,0.029500000000000002,0.007,0.00003500000000000000,0.0005000000000000000,0.001,18.432432432432435,-10.567414947937772,1.841838121663371,0.009122477006061006,-2.0914207619552756,4.80705745511944,6.818793129529054,-29.30908611784551,88.33425970392999,15.163141465417263,0.12852233607046673,18432432432.43243
0.0037,0.006,0.0002000000000000000,0.001574,3,0.029500000000000002,0.007,0.00003500000000000000,0.0005000000000000000,0.001,18.472972972972975,-10.61012529202672,1.835982761393539,0.009131064639474046,-2.0620069442550646,4.786956207578487,6.800594544520746,-29.257387316835263,88.42770314154569,14.363589670328917,0.12993909902639256,18472972972.97297
0.0037,0.006,0.0002000000000000000,0.001574,3,0.029500000000000002,0.007,0.00003500000000000000,0.0005000000000000000,0.001,18.513513513513516,-10.659565232535282,1.8292704821563088,0.009140900479284163,-1.7891308291442851,5.023361337748889,7.009944187222242,-29.189185210098483,88.48133109564426,13.503896815331997,0.13185375378346514,18513513513.51352
0.0037,0.006,0.0002000000000000000,0.001574,3,0.029500000000000002,0.007,0.00003500000000000000,0.0005000000000000000,0.001,18.554054054054056,-10.717201188112789,1.8215331639259165,0.009152226413966647,-1.509078904059977,5.257486470646879,7.207781637680659,-29.10159298721534,88.48370904373711,12.580097342067498,0.13437359793698056,18554054054.05405
0.0037,0.006,0.0002000000000000000,0.001574,3,0.029500000000000002,0.007,0.00003500000000000000,0.0005000000000000000,0.001,18.594594594594597,-10.784909177819358,1.8125623618012296,0.00916534099703207,-1.2207455953031918,5.485369882641591,7.3920591770363835,-28.991318496842066,88.42035729135029,11.589190993242799,0.1376320322905498,18594594594.59460
0.0037,0.006,0.0002000000000000000,0.001574,3,0.029500000000000002,0.007,0.00003500000000000000,0.0005000000000000000,0.001,18.635135135135137,-10.865086602578435,1.8021020277802273,0.009180608716448345,-0.8884343644093387,5.747769264680467,7.594993257309152,-28.854712843005814,88.27315871857489,10.530119953394669,0.1417937987902183,18635135135.13514
0.0037,0.006,0.0002000000000000000,0.001574,3,0.029500000000000002,0.007,0.00003500000000000000,0.0005000000000000000,0.001,18.675675675675677,-10.960786168264363,1.7898421928115038,0.009198467044790413,-0.5544247909550989,5.984999992440558,7.7706415419388755,-28.687911765373045,88.0198735258646,9.405237741614629,0.1470595953772069,18675675675.67567
0.0037,0.006,0.0002000000000000000,0.001574,3,0.029500000000000002,0.007,0.00003500000000000000,0.0005000000000000000,0.001,18.716216216216218,-11.075865726747693,1.7754161071739045,0.009219427175500547,-0.2225039791045372,6.1825157830768624,7.911652337263295,-28.48711693473273,87.63399145700514,8.22241559436263,0.1536683288631581,18716216216.21622
0.0037,0.006,0.0002000000000000000,0.001574,3,0.029500000000000002,0.007,0.00003500000000000000,0.0005000000000000000,0.001,18.756756756756758,-11.215132483100131,1.7584055290532385,0.009244061000205007,0.10224230428895986,6.324031989962123,8.009940581338096,-28.249070250426268,87.08532423181524,6.997881286963682,0.16189378332704424,18756756756.75676
0.0037,0.006,0.0002000000000000000,0.001574,3,0.029500000000000002,0.007,0.00003500000000000000,0.0005000000000000000,0.001,18.7972972972973,-11.384428507202415,1.738362224950656,0.009272961935356516,0.4129889363019963,6.392842744876819,8.056940215193917,-27.971766508408304,86.34196311803905,5.759703274973544,0.17203027045515684,18797297297.29730
0.0037,0.006,0.0002000000000000000,0.001574,3,0.029500000000000002,0.007,0.00003500000000000000,0.0005000000000000000,0.001,18.83783783783784,-11.590545037717511,1.7148581904123297,0.009306661213164992,0.7006576919307876,6.373840023617449,8.04401158960107,-27.65541485022586,85.37442299792224,4.551416104487624,0.18435911311886605,18837837837.83784
0.0037,0.006,0.0002000000000000000,0.001574,3,0.029500000000000002,0.007,0.00003500000000000000,0.0005000000000000000,0.001,18.878378378378383,-11.840751939872982,1.6875812082658619,0.009345477160191065,0.9533972149188075,6.256037251619973,7.962993260691876,-27.303581241435637,84.16275524586231,3.4345458618427225,0.1990858507885835,18878378378.37838
0.0037,0.006,0.0002000000000000000,0.001574,3,0.029500000000000002,0.007,0.00003500000000000000,0.0005000000000000000,0.001,18.91891891891892,-12.14158341666429,1.6564918060211766,0.009389280680998983,1.3670329860789987,6.335295423825133,8.017668714602816,-26.924312508992173,82.70674972893843,2.4878261134166717,0.21624019640454312,18918918918.91892
0.0037,0.006,0.0002000000000000000,0.001574,3,0.029500000000000002,0.007,0.00003500000000000000,0.0005000000000000000,0.001,18.959459459459463,-12.496382219300266,1.6220435471889014,0.009437190035377794,1.758589675661078,6.364857258160928,8.037886683685942,-26.5308700033852,81.03763441784044,1.8002363541390447,0.23554305263059794,18959459459.45946
0.0037,0.006,0.0002000000000000000,0.001574,3,0.029500000000000002,0.007,0.00003500000000000000,0.0005000000000000000,0.001,19,-12.901167919991641,1.585428978865018,0.009487276517952009,2.067614356602471,6.281425418808973,7.980582076350271,-26.141552131806503,79.22700793885855,1.455809982785065,0.256273221362349,19000000000.00000
0.0037,0.006,0.0002000000000000000,0.0018000000000000002,3,0.029500000000000002,0.007,0.00003500000000000000,0.0005000000000000000,0.001,16,-6.6549953595233795,2.7368020611995973,0.007839767656998307,-2.6480893145353597,6.183207364099081,7.912138115278017,-31.61719551059358,106.32086601445656,51.83879406584712,0.0878976485692838,16000000000.00000
0.0037,0.006,0.0002000000000000000,0.0018000000000000002,3,0.029500000000000002,0.007,0.00003500000000000000,0.0005000000000000000,0.001,16.04054054054054,-6.676813107926853,2.728678889987721,0.007850592850079592,-2.559123873347599,6.130738554644185,7.875127960332263,-31.48522728941551,106.75186807759893,51.232081079715805,0.09048463036883009,16040540540.54054
0.0037,0.006,0.0002000000000000000,0.0018000000000000002,3,0.029500000000000002,0.007,0.00003500000000000000,0.0005000000000000000,0.001,16.08108108108108,-6.700018094806914,2.7201001010371924,0.007862046818262492,-2.4679152301220495,6.0699555473892275,7.831855105819701,-31.34441407891135,107.16583636251882,50.60100161388663,0.09333036545526492,16081081081.08108
0.0037,0.006,0.0002000000000000000,0.0018000000000000002,3,0.029500000000000002,0.007,0.00003500000000000000,0.0005000000000000000,0.001,16.121621621621625,-6.72471571491505,2.7110377141558435,0.007874170504537035,-2.372561633373083,6.003662798264641,7.784162916715845,-31.194676403917605,107.55994525777832,49.945498321561914,0.09645562178702187,16121621621.62162
0.0037,0.006,0.0002000000000000000,0.0018000000000000002,3,0.029500000000000002,0.007,0.00003500000000000000,0.0005000000000000000,0.001,16.162162162162165,-6.75101344848852,2.7014646728662104,0.007887004096150231,-2.2676752227099763,5.939490706796696,7.737492071511451,-31.03604663043189,107.93108995657407,49.265823622452345,0.09988108940828586,16162162162.16216
0.0037,0.006,0.0002000000000000000,0.0018000000000000002,3,0.029500000000000002,0.007,0.00003500000000000000,0.0005000000000000000,0.001,16.202702702702705,-6.779018496869902,2.6913558418774235,0.007900585703515721,-2.1624910268360282,5.865135260348601,7.6827803216265735,-30.868678462929164,108.27589206292171,48.56262037173782,0.1036269855964602,16202702702.70270
0.0037,0.006,0.0002000000000000000,0.0018000000000000002,3,0.029500000000000002,0.007,0.00003500000000000000,0.0005000000000000000,0.001,16.243243243243246,-6.808834402433115,2.6806893239792284,0.007914949587900849,-2.0575395377304275,5.780693457667602,7.619799399384764,-30.692857406237337,108.59072002622561,47.837015225378146,0.10771250008304874,16243243243.24324
0.0037,0.006,0.0002000000000000000,0.0018000000000000002,3,0.029500000000000002,0.007,0.00003500000000000000,0.0005000000000000000,0.001,16.283783783783782,-6.84055636088548,2.669448165247903,0.007930123833464732,-1.9534557056338677,5.686377051889882,7.5483565347718695,-30.509012549106927,108.87173014044961,47.09072413174556,0.11215503518790627,16283783783.78378
0.0037,0.006,0.0002000000000000000,0.0018000000000000002,3,0.029500000000000002,0.007,0.00003500000000000000,0.0005000000000000000,0.001,16.324324324324326,-6.874264895720513,2.6576225170754673,0.00794612735623208,-1.850988855620674,5.582511422629155,7.4682962037397,-30.317729845237142,109.11493502507511,46.32616771212669,0.1169691931220823,16324324324.32432
0.0037,0.006,0.0002000000000000000,0.0018000000000000002,3,0.029500000000000002,0.007,0.00003500000000000000,0.0005000000000000000,0.001,16.364864864864867,-6.9100175492025855,2.6452123127069846,0.007962966153665716,-1.7510131698569498,5.469532803160448,7.3795023132889,-30.119766785391867,109.31630744104869,45.54659183201734,0.12216546480170601,16364864864.86486
0.0037,0.006,0.0002000000000000000,0.0018000000000000002,3,0.029500000000000002,0.007,0.00003500000000000000,0.0005000000000000000,0.001,16.405405405405407,-6.947838273506834,2.6322304887720014,0.007980628732434858,-1.6545379598899879,5.34798410803794,7.281901080511128,-29.916067966152514,109.47192762828666,44.75618529411321,0.1277485842836934,16405405405.40541
0.0037,0.006,0.0002000000000000000,0.0018000000000000002,3,0.029500000000000002,0.007,0.00003500000000000000,0.0005000000000000000,0.001,16.445945945945947,-6.987704310815212,2.618706731396955,0.007999080719994259,-1.562716502492554,5.218509583833631,7.175464853892124,-29.707780562931603,109.57818157432563,43.9601823018446,0.1337155344044042,16445945945.94595
0.0037,0.006,0.0002000000000000000,0.0018000000000000002,3,0.029500000000000002,0.007,0.00003500000000000000,0.0005000000000000000,0.001,16.486486486486488,-7.029530573475551,2.604691643902468,0.00801825878044924,-1.4768516881977871,5.081848467554039,7.060217109531798,-29.49626811257282,109.63201508929671,43.164932371437054,0.14005322708669363,16486486486.48649
0.0037,0.006,0.0002000000000000000,0.0018000000000000002,3,0.029500000000000002,0.007,0.00003500000000000000,0.0005000000000000000,0.001,16.527027027027028,-7.073151922273099,2.590261112098628,0.008038064128530696,-1.3983961615280491,4.938827790713523,6.936238832486646,-29.28312032683975,109.63124355077713,42.37791529781488,0.1467359407023906,16527027027.02703
0.0037,0.006,0.0002000000000000000,0.0018000000000000002,3,0.029500000000000002,0.007,0.00003500000000000000,0.0005000000000000000,0.001,16.56756756756757,-7.118304335531739,2.5755204818646167,0.008058356172691275,-1.3289440729393276,4.790354420276939,6.803676464158839,-29.07015594775533,109.57490908155587,41.60767468759621,0.15372267962666883,16567567567.56757
0.0037,0.006,0.0002000000000000000,0.0018000000000000002,3,0.029500000000000002,0.007,0.00003500000000000000,0.0005000000000000000,0.001,16.60810810810811,-7.1646067801799616,2.560607970597289,0.008078947109748628,-1.2702111178246471,4.6374063856929,6.662751557039957,-28.859415025312884,109.46366553151805,40.86364212156524,0.16095472578593129,16608108108.10811
0.0037,0.006,0.0002000000000000000,0.0018000000000000002,3,0.029500000000000002,0.007,0.00003500000000000000,0.0005000000000000000,0.001,16.64864864864865,-7.211546591067136,2.545696535251167,0.008099598603469463,-1.2239993625631946,4.481023509431942,6.513772224200243,-28.653136618491963,109.30015759874259,40.15582732458934,0.16835376813732714,16648648648.64865
0.0037,0.006,0.0002000000000000000,0.0018000000000000002,3,0.029500000000000002,0.007,0.00003500000000000000,0.0005000000000000000,0.001,16.68918918918919,-7.258472180236728,2.530993264908631,0.00812002193544944,-1.192143656929379,4.322297338842932,6.35714639497015,-28.45371802742826,109.08934570476258,39.494359977783006,0.1758211008018981,16689189189.18919
0.0037,0.006,0.0002000000000000000,0.0018000000000000002,3,0.029500000000000002,0.007,0.00003500000000000000,0.0005000000000000000,0.001,16.729729729729733,-7.3045976283448075,2.516735329778812,0.008139883105865196,-1.1764374296908975,4.1623603717529,6.193396781553814,-28.263652529480105,108.83871637315349,38.88888741143551,0.18323843709748291,16729729729.72973
0.0037,0.006,0.0002000000000000000,0.0018000000000000002,3,0.029500000000000002,0.007,0.00003500000000000000,0.0005000000000000000,0.001,16.770270270270274,-7.349023703588524,2.5031816902175117,0.008158814145445569,-1.1785375400577238,4.002374577350814,6.023177312926719,-28.085444451125312,108.55831371320147,38.34785886041696,0.19047084772368478,16770270270.27027
0.0037,0.006,0.0002000000000000000,0.0018000000000000002,3,0.029500000000000002,0.007,0.00003500000000000000,0.0005000000000000000,0.001,16.81081081081081,-7.390778601678861,2.4906002238652074,0.008176431255775904,-1.1998506490959469,3.843519237843947,5.847290591710102,-27.921503343593272,108.26053623964816,37.87775773453079,0.19737215179587045,16810810810.81081
0.0037,0.006,0.0002000000000000000,0.0018000000000000002,3,0.029500000000000002,0.007,0.00003500000000000000,0.0005000000000000000,0.001,16.85135135135135,-7.428878854403172,2.479250682843242,0.008192359285776728,-1.241407074783702,3.6869781741623466,5.666705667167995,-27.774022836384752,107.95966792260114,37.482371567092514,0.20379274814232914,16851351351.35135
0.0037,0.006,0.0002000000000000000,0.0018000000000000002,3,0.029500000000000002,0.007,0.00003500000000000000,0.0005000000000000000,0.001,16.89189189189189,-7.462406531687712,2.469364856074633,0.008206260603370761,-1.3037317787683018,3.5339264689833305,5.482575088246742,-27.6448538211238,107.671152133488,37.1622057908425,0.20958939947308597,16891891891.89189
0.0037,0.006,0.0002000000000000000,0.0018000000000000002,3,0.029500000000000002,0.007,0.00003500000000000000,0.0005000000000000000,0.001,16.93243243243243,-7.490593905411505,2.461126265728295,0.008217864959346169,-1.2750714163158454,3.4736844087224177,5.40790359368342,-27.535385005905265,107.41066538111777,36.914143663502685,0.21463596681860736,16932432432.43243
0.0037,0.006,0.0002000000000000000,0.0018000000000000002,3,0.029500000000000002,0.007,0.00003500000000000000,0.0005000000000000000,0.001,16.972972972972975,-7.512902700657788,2.454652360859101,0.008226995940646187,-1.1504837777683987,3.5062061824640653,5.448374511968926,-27.4464454595646,107.19309264340158,36.731426386590435,0.21883368369332126,16972972972.97297
0.0037,0.006,0.0002000000000000000,0.0018000000000000002,3,0.029500000000000002,0.007,0.00003500000000000000,0.0005000000000000000,0.001,17.013513513513516,-7.529083705555698,2.4499821897419465,0.008233589533233436,-1.052533433040164,3.5331342064488234,5.481601344665927,-27.37824265327102,107.03153420150713,36.60397815412273,0.22211941563253018,17013513513.51351
0.0037,0.006,0.0002000000000000000,0.0018000000000000002,3,0.029500000000000002,0.007,0.00003500000000000000,0.0005000000000000000,0.001,17.054054054054056,-7.539204994730095,2.4470717975274385,0.008237701382494415,-0.9814234972665004,3.5538430385451085,5.5069824254663935,-27.330345475862508,106.93647516610667,36.51904179125373,0.22447056914907068,17054054054.05405
0.0037,0.006,0.0002000000000000000,0.0018000000000000002,3,0.029500000000000002,0.007,0.00003500000000000000,0.0005000000000000000,0.001,17.094594594594597,-7.543643091316582,2.4457982316265383,0.008239501372330763,-0.9368304779418044,3.5677090034248757,5.523894243586134,-27.301715417417473,106.91522139731754,36.46203747105932,0.2259058762178001,17094594594.59460
0.0037,0.006,0.0002000000000000000,0.0018000000000000002,3,0.029500000000000002,0.007,0.00003500000000000000,0.0005000000000000000,0.001,17.135135135135137,-7.543039254970028,2.445971416279693,0.008239256578300477,-0.9179540262012549,3.574133965326758,5.531708266564212,-27.29078201864242,106.97165668848719,36.417523931633575,0.22648204131006952,17135135135.13514
0.0037,0.006,0.0002000000000000000,0.0018000000000000002,3,0.029500000000000002,0.007,0.00003500000000000000,0.0005000000000000000,0.001,17.175675675675677,-7.538230134693984,2.447351758836546,0.008237305755241736,-0.899657102369309,3.5923176014745266,5.553747262330877,-27.29555249890213,107.10631985603773,36.370135967191096,0.22628697848891002,17175675675.67568
0.0037,0.006,0.0002000000000000000,0.0018000000000000002,3,0.029500000000000002,0.007,0.00003500000000000000,0.0005000000000000000,0.001,17.216216216216218,-7.530166073079659,2.4496705565692913,0.008234029710849314,-0.8090206061608463,3.6820063102875378,5.660845284701982,-27.313741593571628,107.31675161207154,36.3053919437975,0.22543088236156292,17216216216.21622
0.0037,0.006,0.0002000000000000000,0.0018000000000000002,3,0.029500000000000002,0.007,0.00003500000000000000,0.0005000000000000000,0.001,17.256756756756758,-7.519830562806153,2.452650224973985,0.008229821980674927,-0.7441077158401249,3.7607142442359436,5.752703350532689,-27.342906655497142,107.59803019853368,36.21030164037404,0.22403655883870732,17256756756.75676
0.0037,0.006,0.0002000000000000000,0.0018000000000000002,3,0.029500000000000002,0.007,0.00003500000000000000,0.0005000000000000000,0.001,17.2972972972973,-7.508171416319992,2.456021945072014,0.008225063344749418,-0.7031669986480729,3.8271900090949087,5.82880024245131,-27.38057472786452,107.94340499326222,36.07374595638392,0.22223030171313565,17297297297.29730
0.0037,0.006,0.0002000000000000000,0.0018000000000000002,3,0.029500000000000002,0.007,0.00003500000000000000,0.0005000000000000000,0.001,17.33783783783784,-7.496049697659453,2.4595392430116045,0.008220102347639995,-0.6844421485957574,3.880325680639014,5.888681780087812,-27.424351679391332,108.3449454339136,35.886635756366715,0.22013424432297443,17337837837.83784
0.0037,0.006,0.0002000000000000000,0.0018000000000000002,3,0.029500000000000002,0.007,0.00003500000000000000,0.0005000000000000000,0.001,17.378378378378383,-7.484208010847909,2.462986962922059,0.008215242568769014,-0.6862634137318626,3.9191763069352517,5.9319480096389405,-27.472007511061072,108.79414176017926,35.64188147682267,0.21786068141359174,17378378378.37838
0.0037,0.006,0.0002000000000000000,0.0018000000000000002,3,0.029500000000000002,0.007,0.00003500000000000000,0.0005000000000000000,0.001,17.41891891891892,-7.47325641674241,2.4661858518194864,0.00821073627062743,-0.7071216836831486,3.942970260446351,5.958235014524391,-27.521535670333392,109.28241688886482,35.33421688766203,0.21550846331672233,17418918918.91892
0.0037,0.006,0.0002000000000000000,0.0018000000000000002,3,0.029500000000000002,0.007,0.00003500000000000000,0.0005000000000000000,0.001,17.459459459459463,-7.463672420506798,2.4689934468019454,0.008206783369337925,-0.7457256545330397,3.9511099226869084,5.967191122307478,-27.571187079798747,109.8015295843116,34.95992169208144,0.2131612814082199,17459459459.45946
0.0037,0.006,0.0002000000000000000,0.0018000000000000002,3,0.029500000000000002,0.007,0.00003500000000000000,0.0005000000000000000,0.001,17.5,-7.455810958210051,2.47130214870105,0.008203534405219946,-0.8010443669014846,3.943162800421614,5.958447080560239,-27.619481409022747,110.3438648728972,34.51648205432322,0.21088750816881818,17500000000.00000
0.0037,0.006,0.0002000000000000000,0.0018000000000000002,3,0.029500000000000002,0.007,0.00003500000000000000,0.0005000000000000000,0.001,17.540540540540544,-7.449920686542619,2.473035351417976,0.008201096232514032,-0.759825086317839,4.021696525056365,6.044092958813164,-27.665198965303993,110.90261752929386,34.002219228015996,0.20874120946874836,17540540540.54054
0.0037,0.006,0.0002000000000000000,0.0018000000000000002,3,0.029500000000000002,0.007,0.00003500000000000000,0.0005000000000000000,0.001,17.581081081081084,-7.446163704695811,2.4741423562119564,0.008199539368862068,-0.664033157922217,4.150704402383304,6.181218056538916,-27.70735666035566,111.47187902966284,33.41590690486738,0.20676397773522176,17581081081.08108
0.0037,0.006,0.0002000000000000000,0.0018000000000000002,3,0.029500000000000002,0.007,0.00003500000000000000,0.0005000000000000000,0.001,17.62162162162162,-7.444636783882338,2.474592606191726,0.00819890623989851,-0.5767648363479612,4.271658664898461,6.305965422710572,-27.745171059195645,112.04663882421367,32.75638931884287,0.20498730894186895,17621621621.62162
0.0037,0.006,0.0002000000000000000,0.0018000000000000002,3,0.029500000000000002,0.007,0.00003500000000000000,0.0005000000000000000,0.001,17.662162162162165,-7.445393061223948,2.474369574825519,0.008199219853786018,-0.4984002451743305,4.382617618099534,6.417335802606766,-27.778010730424015,112.62270830960676,32.022205220504205,0.20343533818472662,17662162162.16216
0.0037,0.006,0.0002000000000000000,0.0018000000000000002,3,0.029500000000000002,0.007,0.00003500000000000000,0.0005000000000000000,0.001,17.7027027027027,-7.448463902845148,2.4734644560661136,0.008200492712698472,-0.429386889494233,4.481621455631917,6.514351706566266,-27.805339125908613,113.1965712876002,31.211217712320625,0.20212784250209015,17702702702.70270
0.0037,0.006,0.0002000000000000000,0.0018000000000000002,3,0.029500000000000002,0.007,0.00003500000000000000,0.0005000000000000000,0.001,17.743243243243246,-7.453881266845629,2.471869637211244,0.008202736008150182,-0.370229380742644,4.5666802740951695,6.596006065146218,-27.826648098815173,113.76515828079938,30.32024655196561,0.20108350906939715,17743243243.24324
0.0037,0.006,0.0002000000000000000,0.0018000000000000002,3,0.029500000000000002,0.007,0.00003500000000000000,0.0005000000000000000,0.001,17.783783783783782,-7.461701456341413,2.4695717817489102,0.008205969366860041,-0.32148567012929224,4.635743738812696,6.661194204115722,-27.84138096025389,114.32553362528907,29.34469796340426,0.20032355216819225,17783783783.78378
0.0037,0.006,0.0002000000000000000,0.0018000000000000002,3,0.029500000000000002,0.007,0.00003500000000000000,0.0005000000000000000,0.001,17.824324324324326,-7.472031724811029,2.466544194829531,0.008210231634731507,-0.28376973564976987,4.686652005655144,6.708627073852603,-27.848842709359005,114.87447310367484,28.278187774959036,0.19987584787996093,17824324324.32433
0.0037,0.006,0.0002000000000000000,0.0018000000000000002,3,0.029500000000000002,0.007,0.00003500000000000000,0.0005000000000000000,0.001,17.864864864864867,-7.4850618742786885,2.462737972380129,0.008215593434222367,-0.25776012744739685,4.717069861922386,6.736723083895871,-27.8480938198159,115.40789497720641,27.112158174655757,0.19977984823009212,17864864864.86486
0.0037,0.006,0.0002000000000000000,0.0018000000000000002,3,0.029500000000000002,0.007,0.00003500000000000000,0.0005000000000000000,0.001,17.905405405405407,-7.501103880848033,2.458071229547182,0.00822217253195191,-0.2442131228306973,4.724409831731198,6.743475646271532,-27.83782291246604,115.9200873674553,25.83549926034577,0.20009264405316313,17905405405.40541
0.0037,0.006,0.0002000000000000000,0.0018000000000000002,3,0.029500000000000002,0.007,0.00003500000000000000,0.0005000000000000000,0.001,17.945945945945947,-7.520643823792996,2.4524154512912593,0.008230153433640556,-0.24397823691504233,4.705756278139477,6.726294303197884,-27.816193222300356,116.40264898062821,24.434208874471082,0.2008966736587895,17945945945.94595
0.0037,0.006,0.0002000000000000000,0.0018000000000000002,3,0.029500000000000002,0.007,0.00003500000000000000,0.0005000000000000000,0.001,17.986486486486488,-7.544412142092329,2.4455777049037,0.00823981309468115,-0.2580120275246645,4.65781299962336,6.68182048633628,-27.78065890765284,116.84302844049425,22.891166740084007,0.20230971981372164,17986486486.48649
0.0037,0.006,0.0002000000000000000,0.0018000000000000002,3,0.029500000000000002,0.007,0.00003500000000000000,0.0005000000000000000,0.001,18.027027027027028,-7.5734806668512125,2.4372771300834657,0.008251555169697465,-0.28738271616100636,4.576913599189303,6.605727140988114,-27.727751780173435,117.22251440407618,21.18617633761293,0.2044979761461306,18027027027.02703
0.0037,0.006,0.0002000000000000000,0.0018000000000000002,3,0.029500000000000002,0.007,0.00003500000000000000,0.0005000000000000000,0.001,18.06756756756757,-7.609398095684612,2.4271138858376085,0.008265955691472383,-0.3120382617979262,4.480993086949876,6.513742739059381,-27.652850271100586,117.5135091060484,19.29656309684067,0.20769301932830034,18067567567.56757
0.0037,0.006,0.0002000000000000000,0.0018000000000000002,3,0.029500000000000002,0.007,0.00003500000000000000,0.0005000000000000000,0.001,18.10810810810811,-7.654379444121902,2.4145288765283994,0.008283823085845098,-0.09491354866050546,4.610372726584136,6.637360374406763,-27.549965770323467,117.67595084787885,17.198841066495113,0.21221330431335358,18108108108.10811
0.0037,0.006,0.0002000000000000000,0.0018000000000000002,3,0.029500000000000002,0.007,0.00003500000000000000,0.0005000000000000000,0.001,18.14864864864865,-7.711568601229795,2.398753782007788,0.008306274056382465,0.1511941198886404,4.73901500042658,6.756880833759531,-27.411624153077195,117.65292380252659,14.872300135993148,0.21848988123966376,18148648648.64865
0.0037,0.006,0.0002000000000000000,0.0018000000000000002,3,0.029500000000000002,0.007,0.00003500000000000000,0.0005000000000000000,0.001,18.18918918918919,-7.785393462326593,2.3787546131604307,0.008334822040923055,0.5328056586019531,4.978239199133712,6.970757601649159,-27.2289886278254,117.36597961322744,12.305804877290969,0.22709355329556086,18189189189.18919
0.0037,0.006,0.0002000000000000000,0.0018000000000000002,3,0.029500000000000002,0.007,0.00003500000000000000,0.0005000000000000000,0.001,18.22972972972973,-7.882022454128622,2.3531809097647596,0.008371462533145343,0.9390348562838582,5.199371093586615,7.159508153457629,-26.992459918449985,116.71177949837237,9.509455702577847,0.23875510717433218,18229729729.72973
0.0037,0.006,0.0002000000000000000,0.0018000000000000002,3,0.029500000000000002,0.007,0.00003500000000000000,0.0005000000000000000,0.001,18.270270270270274,-8.009891709950955,2.320351060277279,0.008418712532284245,1.4461925302593412,5.48493670490423,7.3917162026634875,-26.69306687008755,115.56365769637365,6.532461744550317,0.2543593068116529,18270270270.27027
0.0037,0.006,0.0002000000000000000,0.0018000000000000002,3,0.029500000000000002,0.007,0.00003500000000000000,0.0005000000000000000,0.001,18.31081081081081,-8.180167307276733,2.2783363759139257,0.008479511046596895,1.9893294146800105,5.751711444558301,7.597970899653134,-26.324933382083785,113.78447365087075,3.4863157623419827,0.2748753855351346,18310810810.81081
0.0037,0.006,0.0002000000000000000,0.0018000000000000002,3,0.029500000000000002,0.007,0.00003500000000000000,0.0005000000000000000,0.001,18.351351351351354,-8.40677612612306,2.225249392239034,0.008556813733638159,2.5087205314202565,5.916520304965322,7.720663593139067,-25.888822278852,111.25885777234599,0.5662978990564549,0.30116582872374886,18351351351.35135
0.0037,0.006,0.0002000000000000000,0.0018000000000000002,3,0.029500000000000002,0.007,0.00003500000000000000,0.0005000000000000000,0.001,18.39189189189189,-8.705220601609833,2.1598652321922964,0.008652657715181193,2.9793958810105634,5.952462589924608,7.746966746287251,-25.396075624437398,107.94861646931857,-1.9457297658394483,0.33361295997110896,18391891891.89189
0.0037,0.006,0.0002000000000000000,0.0018000000000000002,3,0.029500000000000002,0.007,0.00003500000000000000,0.0005000000000000000,0.001,18.432432432432435,-9.08885371316866,2.082624842224915,0.008766569655292716,3.3708173923632097,5.8484383909462245,7.670399192905988,-24.871284921857683,103.9580267118419,-3.72136363434133,0.3715710074270255,18432432432.43243
0.0037,0.006,0.0002000000000000000,0.0018000000000000002,3,0.029500000000000002,0.007,0.00003500000000000000,0.0005000000000000000,0.001,18.472972972972975,-9.561168819008296,1.9967700447722472,0.008893674002186058,3.6501987001488274,5.613486412210757,7.492326757465726,-24.351315994006764,99.56925596068326,-4.479576583035047,0.4128451569277833,18472972972.97297
0.0037,0.006,0.0002000000000000000,0.0018000000000000002,3,0.029500000000000002,0.007,0.00003500000000000000,0.0005000000000000000,0.001,18.513513513513516,-10.10437912712143,1.908880920698824,0.009023747661277785,3.788866547785981,5.274343929945038,7.221684458986784,-23.878948488565534,95.20019491949586,-4.102120710892842,0.4536471730603006,18513513513.51352
0.0037,0.006,0.0002000000000000000,0.0018000000000000002,3,0.029500000000000002,0.007,0.00003500000000000000,0.0005000000000000000,0.001,18.554054054054056,-10.669748490357895,1.8278966059129231,0.009142912520355108,3.770034347403884,4.867445403854841,6.873010889157359,-23.49213089729404,91.28107693605848,-2.6966530049079056,0.4894432526745645,18554054054.05405
0.0037,0.006,0.0002000000000000000,0.0018000000000000002,3,0.029500000000000002,0.007,0.00003500000000000000,0.0005000000000000000,0.001,18.594594594594597,-11.181598248815769,1.7624576260494125,0.009238201391369655,3.9496884122457137,4.807374031121299,6.819079131277482,-23.213516463365135,88.11771563320038,-0.5555534568699191,0.5164888235054467,18594594594.59460
0.0037,0.006,0.0002000000000000000,0.0018000000000000002,3,0.029500000000000002,0.007,0.00003500000000000000,0.0005000000000000000,0.001,18.635135135135137,-11.563736715896214,1.717861104186342,0.009302368104127998,4.292832443927858,5.040506964018239,7.024742191048629,-23.045974537239942,85.8252701721893,1.9607958616566803,0.5331004207444785,18635135135.13514
0.0037,0.006,0.0002000000000000000,0.0018000000000000002,3,0.029500000000000002,0.007,0.00003500000000000000,0.0005000000000000000,0.001,18.675675675675677,-11.775385709949513,1.6945789712732604,0.009335551341390191,4.481473834635374,5.198610287413503,7.158872618710522,-22.975999066898677,84.35369595092742,4.536716426283919,0.5398338603284353,18675675675.67567
0.0037,0.006,0.0002000000000000000,0.0018000000000000002,3,0.029500000000000002,0.007,0.00003500000000000000,0.0005000000000000000,0.001,18.716216216216218,-11.825933044786925,1.689159846665229,0.009343239997986946,4.549929350819393,5.292479655713386,7.236591972670951,-22.981687575563974,83.56099744000723,6.957174564311253,0.5386835801342968,18716216216.21622
0.0037,0.006,0.0002000000000000000,0.0018000000000000002,3,0.029500000000000002,0.007,0.00003500000000000000,0.0005000000000000000,0.001,18.756756756756758,-11.757727363266055,1.6964847253831474,0.009332844203526586,4.529309923861651,5.333092661688053,7.269791295501559,-23.040341211066814,83.28241020842975,9.10852349283178,0.5320492837003985,18756756756.75676
0.0037,0.006,0.0002000000000000000,0.0018000000000000002,3,0.029500000000000002,0.007,0.00003500000000000000,0.0005000000000000000,0.001,18.7972972972973,-11.618564283191638,1.7117365761451517,0.009311120007204828,4.444281676147179,5.3300334692762,7.267299361328256,-23.132998443903453,83.37233751491911,10.951794323474298,0.5220333292939479,18797297297.29730
0.0037,0.006,0.0002000000000000000,0.0018000000000000002,3,0.029500000000000002,0.007,0.00003500000000000000,0.0005000000000000000,0.001,18.83783783783784,-11.445234075965073,1.7313278889462282,0.00928307026652737,4.312362642830575,5.2908249167597985,7.235233901574219,-23.24595488094779,83.7208704338176,12.49208731439944,0.5101676004523004,18837837837.83784
0.0037,0.006,0.0002000000000000000,0.0018000000000000002,3,0.029500000000000002,0.007,0.00003500000000000000,0.0005000000000000000,0.001,18.878378378378383,-11.260253845955333,1.752996522425099,0.009251874228861258,4.1445694327962554,5.220782966532175,7.177356395051788,-23.370489759404837,84.2552488842072,13.754592589419133,0.49741777871740983,18878378378.37838
0.0037,0.006,0.0002000000000000000,0.0018000000000000002,3,0.029500000000000002,0.007,0.00003500000000000000,0.0005000000000000000,0.001,18.91891891891892,-11.074875314603501,1.7755388167733157,0.00921924914492557,3.9464456398277874,5.123084886525598,7.09531551941973,-23.501914362650172,84.93518423793786,14.768705074810084,0.48429837523449476,18918918918.91892
0.0037,0.006,0.0002000000000000000,0.0018000000000000002,3,0.029500000000000002,0.007,0.00003500000000000000,0.0005000000000000000,0.001,18.959459459459463,-10.893106577439088,1.7984872959647333,0.009185878278516328,3.718911925709294,4.9988404726411515,6.988692773892895,-23.638573985066202,85.74717543591665,15.558006173147813,0.4710010932521888,18959459459.45946
0.0037,0.006,0.0002000000000000000,0.0018000000000000002,3,0.029500000000000002,0.007,0.00003500000000000000,0.0005000000000000000,0.001,19,-10.714824953245515,1.821850313068193,0.009151762429169045,3.4586549412702174,4.8470198281212165,6.8547479633221196,-23.781045644712645,86.70003946679998,16.13313341276678,0.4574995779869967,19000000000.00000
0.0037,0.006,0.0002200000000000000,0.001574,3,0.029500000000000002,0.007,0.00003500000000000000,0.0005000000000000000,0.001,16,-9.2221361857919,2.0574228753544497,0.008803847970642422,-5.391045038714099,6.4223697134567415,8.076953027708901,-34.02127272315626,81.37963548149557,35.023979728453355,0.04499872342165734,16000000000.00000
0.0037,0.006,0.0002200000000000000,0.001574,3,0.029500000000000002,0.007,0.00003500000000000000,0.0005000000000000000,0.001,16.04054054054054,-9.245194201457368,2.053143334279432,0.008810181876576968,-5.291191832319177,6.392899031923052,8.056978453340767,-33.89832154526191,81.59099071925337,34.72445297285473,0.04625758669393265,16040540540.54054
0.0037,0.006,0.0002200000000000000,0.001574,3,0.029500000000000002,0.007,0.00003500000000000000,0.0005000000000000000,0.001,16.08108108108108,-9.269020203184281,2.048745690624659,0.008816691512236317,-5.1917631949193765,6.355014227391409,8.031165271749467,-33.76987201164989,81.79630205315297,34.41815246039119,0.04761098355981509,16081081081.08108
0.0037,0.006,0.0002200000000000000,0.001574,3,0.029500000000000002,0.007,0.00003500000000000000,0.0005000000000000000,0.001,16.121621621621625,-9.29365131371543,2.0442253512069395,0.008823383677972448,-5.092843604998728,6.308826079302464,7.999485550109356,-33.63597750915687,81.99494405615619,34.10516631094241,0.04906446690241547,16121621621.62162
0.0037,0.006,0.0002200000000000000,0.001574,3,0.029500000000000002,0.007,0.00003500000000000000,0.0005000000000000000,0.001,16.162162162162165,-9.319122609682612,2.0395782976211128,0.008830264315142184,-4.9945449103598225,6.254527107305683,7.96194479105143,-33.49675266689083,82.1862554607732,33.785648726508,0.05062336732731922,16162162162.16216
0.0037,0.006,0.0002200000000000000,0.001574,3,0.029500000000000002,0.007,0.00003500000000000000,0.0005000000000000000,0.001,16.202702702702705,-9.345466060468468,2.0348012738400483,0.008837338226029261,-4.897007905225055,6.192390573137436,7.918583408287297,-33.35237654552957,82.36954326937526,33.45983078120429,0.052292676225836145,16202702702.70270
0.0037,0.006,0.0002200000000000000,0.001574,3,0.029500000000000002,0.007,0.00003500000000000000,0.0005000000000000000,0.001,16.243243243243246,-9.372709232131875,2.0298920078057403,0.00884460874317732,-4.800403881262057,6.122767755170283,7.869477863733615,-33.203095486089,82.54408892199382,33.12803201808537,0.05407690474650211,16243243243.24324
0.0037,0.006,0.0002200000000000000,0.001574,3,0.029500000000000002,0.007,0.00003500000000000000,0.0005000000000000000,0.001,16.283783783783782,-9.400873727875444,2.024849469451114,0.008852077344578461,-4.704936177927027,6.046083557579123,7.814741448836072,-33.04922562778229,82.70915697991796,32.79067261553665,0.0559799153385571,16283783783.78378
0.0037,0.006,0.0002200000000000000,0.001574,3,0.029500000000000002,0.007,0.00003500000000000000,0.0005000000000000000,0.001,16.324324324324326,-9.429973341935378,2.0196741661920776,0.008859743213283413,-4.610841727904228,5.962830580636974,7.75452470097081,-32.891155082090876,82.86400681165927,32.44828574626947,0.05800472299204708,16324324324.32432
0.0037,0.006,0.0002200000000000000,0.001574,3,0.029500000000000002,0.007,0.00003500000000000000,0.0005000000000000000,0.001,16.364864864864867,-9.46001191403112,2.014368474751629,0.008867602743282086,-4.5183925488318994,5.8735618399466585,7.689015455931669,-32.729345714086584,83.00790776603853,32.10152957886248,0.06015326424711414,16364864864.86486
0.0037,0.006,0.0002200000000000000,0.001574,3,0.029500000000000002,0.007,0.00003500000000000000,0.0005000000000000000,0.001,16.405405405405407,-9.490980888188735,2.008937005045389,0.008875648998215106,-4.427897072955799,5.778882375896673,7.618438548714894,-32.56433443139652,83.14015826914932,31.75119816756397,0.0624261336514204,16405405405.40541
0.0037,0.006,0.0002200000000000000,0.001574,3,0.029500000000000002,0.007,0.00003500000000000000,0.0005000000000000000,0.001,16.445945945945947,-9.52285660450609,2.003386987613965,0.008883871135842167,-4.339701133542434,5.679440036634808,7.543055186357082,-32.3967338168545,83.26010916974857,31.398230247854595,0.06482228978623887,16445945945.94595
0.0037,0.006,0.0002200000000000000,0.001574,3,0.029500000000000002,0.007,0.00003500000000000000,0.0005000000000000000,0.001,16.486486486486488,-9.555597386640606,1.9977286706603177,0.00889225381931223,-4.254188344459131,5.575915745230088,7.46316202740939,-32.227231865387914,83.36719146059818,31.043714719626003,0.06733873642281157,16486486486.48649
0.0037,0.006,0.0002200000000000000,0.001574,3,0.029500000000000002,0.007,0.00003500000000000000,0.0005000000000000000,0.001,16.527027027027028,-9.589140532392236,1.9919757061748047,0.008900776646086088,-4.171779523847626,5.469013572773399,7.3790900119019485,-32.05659050481156,83.46094820375448,30.68889138143458,0.0699701889060118,16527027027.02703
0.0037,0.006,0.0002200000000000000,0.001574,3,0.029500000000000002,0.007,0.00003500000000000000,0.0005000000000000000,0.001,16.56756756756757,-9.623399369198635,1.9861454971957981,0.00890941363640665,-4.083933835916601,5.370565146046777,7.300199890320105,-31.885642502760643,83.54107007214076,30.33514531784266,0.07270874146272872,16567567567.56757
0.0037,0.006,0.0002200000000000000,0.001574,3,0.029500000000000002,0.007,0.00003500000000000000,0.0005000000000000000,0.001,16.60810810810811,-9.6582605982786,1.9802594705256242,0.008918132834628128,-4.00038809759672,5.269431425929237,7.21763757166463,-31.715286300946914,83.60743338856217,29.983993286431637,0.07554355755027058,16608108108.10811
0.0037,0.006,0.0002200000000000000,0.001574,3,0.029500000000000002,0.007,0.00003500000000000000,0.0005000000000000000,0.001,16.64864864864865,-9.693582215102145,1.9743432321856131,0.008926896087016934,-3.92207927845058,5.165833216400428,7.131403804733342,-31.546478288930903,83.66013891573212,29.637060562226733,0.07846061206104922,16648648648.64865
0.0037,0.006,0.0002200000000000000,0.001574,3,0.029500000000000002,0.007,0.00003500000000000000,0.0005000000000000000,0.001,16.68918918918919,-9.729192350731271,1.9684265579630913,0.008935659066700359,-3.8495461494537415,5.060508753494885,7.041941804225389,-31.38022205120944,83.6995489750996,29.296047036662817,0.08144252027417871,16689189189.18919
0.0037,0.006,0.0002200000000000000,0.001574,3,0.029500000000000002,0.007,0.00003500000000000000,0.0005000000000000000,0.001,16.729729729729733,-9.764889415348183,1.9625431703694733,0.008944371617600531,-3.663734885159396,5.092508557353867,7.069317674529463,-31.21755421137443,83.72631983025096,28.96268198654761,0.08446849261391558,16729729729.72973
0.0037,0.006,0.0002200000000000000,0.001574,3,0.029500000000000002,0.007,0.00003500000000000000,0.0005000000000000000,0.001,16.770270270270274,-9.800443925715891,1.956730258178178,0.00895297848152299,-3.4712906867038744,5.137964970053013,7.10791138979658,-31.059526669822173,83.74142577827901,28.638667848195553,0.08751445496065553,16770270270.27027
0.0037,0.006,0.0002200000000000000,0.001574,3,0.029500000000000002,0.007,0.00003500000000000000,0.0005000000000000000,0.001,16.81081081081081,-9.835602345327178,1.9510277072175084,0.008961420453499696,-3.2839367645760706,5.184438259399443,7.147017069045502,-30.907185292553997,83.7461711904351,28.32561452488516,0.09055336982228522,16810810810.81081
0.0037,0.006,0.0002200000000000000,0.001574,3,0.029500000000000002,0.007,0.00003500000000000000,0.0005000000000000000,0.001,16.85135135135135,-9.870093145642556,1.9454770322764237,0.00896963597860686,-3.1030845620735965,5.231435882846461,7.186209069187496,-30.761545450195037,83.74218697397478,28.024967126795108,0.0935557827833771,16851351351.35135
0.0037,0.006,0.0002200000000000000,0.001574,3,0.029500000000000002,0.007,0.00003500000000000000,0.0005000000000000000,0.001,16.89189189189189,-9.903635103928458,1.9401200294340606,0.008977563159527219,-2.9301519522231265,5.278369567302713,7.2249979426246105,-30.623565202994556,83.73140870035922,27.737931420248504,0.09649060079205003,16891891891.89189
0.0037,0.006,0.0002200000000000000,0.001574,3,0.029500000000000002,0.007,0.00003500000000000000,0.0005000000000000000,0.001,16.93243243243243,-9.935947597157389,1.9349972034677367,0.008985142091776872,-2.7665236117806895,5.324567313281546,7.262843217653945,-30.49411733475361,83.71603499636204,27.465402412288466,0.09932608482552478,16932432432.43243
0.0037,0.006,0.0002200000000000000,0.001574,3,0.029500000000000002,0.007,0.00003500000000000000,0.0005000000000000000,0.001,16.972972972972975,-9.96676236015928,1.9301460616667117,0.008992317389629984,-2.6135093640987077,5.369290113665497,7.2991687041138675,-30.37396179622379,83.69846664703384,27.207902154911505,0.10203101174912671,16972972972.97297
0.0037,0.006,0.0002200000000000000,0.001574,3,0.029500000000000002,0.007,0.00003500000000000000,0.0005000000000000000,0.001,17.013513513513516,-9.995835895768042,1.9255993970448602,0.008999040719751742,-2.4723028490491457,5.411753017352571,7.333379679609666,-30.263720359067378,83.68122900699768,26.965532788906003,0.10457593280706118,17013513513.51351
0.0037,0.006,0.0002200000000000000,0.001574,3,0.029500000000000002,0.007,0.00003500000000000000,0.0005000000000000000,0.001,17.054054054054056,-10.02296151248306,1.9213837036275319,0.009005273131608272,-2.325928634229763,5.473808007358853,7.382895605554913,-30.163855343906775,83.66688243944009,26.73794992937668,0.10693443423425657,17054054054.05405
0.0037,0.006,0.0002200000000000000,0.001574,3,0.029500000000000002,0.007,0.00003500000000000000,0.0005000000000000000,0.001,17.094594594594597,-10.047979876806759,1.9175178682852,0.00901098697236162,-2.1913318179421197,5.534833910627929,7.4310459309549195,-30.07465413080874,83.65792722406987,26.52435975083814,0.10908429397813223,17094594594.59460
0.0037,0.006,0.0002200000000000000,0.001574,3,0.029500000000000002,0.007,0.00003500000000000000,0.0005000000000000000,0.001,17.135135135135137,-10.07078704045851,1.9140122645101738,0.009016167203292699,-2.070282488534562,5.592626117080947,7.476157864807378,-29.996220783038066,83.6567103490637,26.323540767360292,0.11100843108026819,17135135135.13514
0.0037,0.006,0.0002200000000000000,0.001574,3,0.029500000000000002,0.007,0.00003500000000000000,0.0005000000000000000,0.001,17.175675675675677,-10.0913391421801,1.91086833484241,0.009020811992673669,-1.9633056617493163,5.6462827242557445,7.517626206245774,-29.92847555236882,83.66534160274513,26.133888684406333,0.11269556187603404,17175675675.67568
0.0037,0.006,0.0002200000000000000,0.001574,3,0.029500000000000002,0.007,0.00003500000000000000,0.0005000000000000000,0.001,17.216216216216218,-10.109653356675224,1.9080786960202698,0.009024932537868026,-1.8707053351294305,5.694946737942298,7.554896666897596,-29.871162360006647,83.68562537336928,25.953480260113906,0.114140507654456,17216216216.21622
0.0037,0.006,0.0002200000000000000,0.001574,3,0.029500000000000002,0.007,0.00003500000000000000,0.0005000000000000000,0.001,17.256756756756758,-10.125805103501577,1.905627743346359,0.009028552153995176,-1.7925662196131176,5.737832354527718,7.587478550694174,-29.823863659137317,83.71901272208243,25.780150262643144,0.11534413672277784,17256756756.75676
0.0037,0.006,0.0002200000000000000,0.001574,3,0.029500000000000002,0.007,0.00003500000000000000,0.0005000000000000000,0.001,17.2972972972973,-10.139921954965445,1.9034926782412729,0.009031704743112946,-1.7287636178088215,5.774249135575622,7.61495518005309,-29.78602148226667,83.76657595060699,25.611574624963755,0.1163129632586239,17297297297.29730
0.0037,0.006,0.0002200000000000000,0.001574,3,0.029500000000000002,0.007,0.00003500000000000000,0.0005000000000000000,0.001,17.33783783783784,-10.152175018635813,1.901644844091616,0.009034432814146494,-1.6789800348524158,5.8036229974097315,7.636991929692741,-29.75696303909267,83.82900545399488,25.445352869698784,0.11705845925329127,17337837837.83784
0.0037,0.006,0.0002200000000000000,0.001574,3,0.029500000000000002,0.007,0.00003500000000000000,0.0005000000000000000,0.001,17.378378378378383,-10.162768766768522,1.9000512353690586,0.009036785252494723,-1.642726796202779,5.825513092514019,7.653341826481058,-29.7359290031125,83.90662651598193,25.27908370107425,0.11759615926006242,17378378378.37838
0.0037,0.006,0.0002200000000000000,0.001574,3,0.029500000000000002,0.007,0.00003500000000000000,0.0005000000000000000,0.001,17.41891891891892,-10.171930326437032,1.898676044415695,0.009038815038384005,-1.6193688550078955,5.839623869611096,7.66384875089626,-29.72210261090886,83.99943214648167,25.11042909225082,0.11794464822166771,17418918918.91892
0.0037,0.006,0.0002200000000000000,0.001574,3,0.029500000000000002,0.007,0.00003500000000000000,0.0005000000000000000,0.001,17.459459459459463,-10.179899148896915,1.8974821262122927,0.009040577089192123,-1.6081510620202633,5.8458118580839695,7.668448338899095,-29.71463786314228,84.10712720160589,24.937163921459906,0.11812452085582494,17459459459.45946
0.0037,0.006,0.0002200000000000000,0.001574,3,0.029500000000000002,0.007,0.00003500000000000000,0.0005000000000000000,0.001,17.5,-10.186917785843841,1.8964322884023264,0.009042126361176187,-1.6082243847449607,5.8440870157633436,7.667166737551606,-29.712685403454834,84.22917884394712,24.757209930573744,0.11815738961094623,17500000000.00000
0.0037,0.006,0.0002200000000000000,0.001574,3,0.029500000000000002,0.007,0.00003500000000000000,0.0005000000000000000,0.001,17.540540540540544,-10.193224263428283,1.8954903456398542,0.009043516299343912,-1.618670829410416,5.834608793670865,7.660117422244573,-29.715414995044252,84.36486876401348,24.568654268095678,0.1180650009195736,17540540540.54054
0.0037,0.006,0.0002200000000000000,0.001574,3,0.029500000000000002,0.007,0.00003500000000000000,0.0005000000000000000,0.001,17.581081081081084,-10.19904630715402,1.8946219085364762,0.009044797678501111,-1.6385260847574221,5.817677382722794,7.647496339292449,-29.72203385757796,84.51334331014236,24.36975400575548,0.11786850023886226,17581081081.08108
0.0037,0.006,0.0002200000000000000,0.001574,3,0.029500000000000002,0.007,0.00003500000000000000,0.0005000000000000000,0.001,17.62162162162162,-10.204597464530947,1.8937949042839555,0.009046017839304542,-1.6667991350778888,5.793720889498904,7.6295756938514145,-29.73180043026619,84.6736585797664,24.158928746933615,0.11758786824773913,17621621621.62162
0.0037,0.006,0.0002200000000000000,0.001574,3,0.029500000000000002,0.007,0.00003500000000000000,0.0005000000000000000,0.001,17.662162162162165,-10.210075014957642,1.8929798464373897,0.009047220293322604,-1.7024882753453023,5.7632794090397255,7.606696750841535,-29.74403337414129,84.84481845853634,23.93474380685126,0.11724153541057324,17662162162.16216
0.0037,0.006,0.0002200000000000000,0.001574,3,0.029500000000000002,0.007,0.00003500000000000000,0.0005000000000000000,0.001,17.7027027027027,-10.21565945217633,1.892149884911139,0.00904844465127994,-1.744593121204522,5.7269870915501535,7.579262042282487,-29.75811582161942,85.02580445128112,23.695886507395947,0.11684617055279746,17702702702.70270
0.0037,0.006,0.0002200000000000000,0.001574,3,0.029500000000000002,0.007,0.00003500000000000000,0.0005000000000000000,0.001,17.743243243243246,-10.221515269505057,1.8912806745233797,0.009049726818017379,-1.7921223706446767,5.685553315254104,7.547727364060238,-29.773495040130737,85.21559687203009,23.441137970315477,0.116416630870827,17743243243.24324
0.0037,0.006,0.0002200000000000000,0.001574,3,0.029500000000000002,0.007,0.00003500000000000000,0.0005000000000000000,0.001,17.783783783783782,-10.227792763407834,1.8903501024607654,0.009051099394724081,-1.8440972739833317,5.639743968121048,7.512593884237421,-29.789677816926428,85.41318752265835,23.169342482236086,0.11596605522539132,17783783783.78378
0.0037,0.006,0.0002200000000000000,0.001574,3,0.029500000000000002,0.007,0.00003500000000000000,0.0005000000000000000,0.001,17.824324324324326,-10.234630587597744,1.889337912926408,0.00905259223208759,-1.899551020152629,5.5903636153916425,7.474400567276263,-29.806222004337933,85.61758438363674,22.879376099036723,0.11550607895431839,17824324324.32433
0.0037,0.006,0.0002200000000000000,0.001574,3,0.029500000000000002,0.007,0.00003500000000000000,0.0005000000000000000,0.001,17.864864864864867,-10.242158829694572,1.888225261956227,0.009054233085743813,-1.957524547516757,5.538239008937852,7.433716942811689,-29.822724785610202,85.82780906402596,22.57011569982207,0.1150471463889199,17864864864.86486
0.0037,0.006,0.0002200000000000000,0.001574,3,0.029500000000000002,0.007,0.00003500000000000000,0.0005000000000000000,0.001,17.905405405405407,-10.250502439109823,1.8869942277358507,0.009056048336630465,-2.017059611025415,5.484204011851817,7.391136021301462,-29.83880831336736,86.04288780910277,22.24040923102955,0.11459889677457355,17905405405.40541
0.0037,0.006,0.0002200000000000000,0.001574,3,0.029500000000000002,0.007,0.00003500000000000000,0.0005000000000000000,0.001,17.945945945945947,-10.259784903081323,1.885627292435089,0.00905806375251207,-2.077190245837752,5.42908560274215,7.347266894187041,-29.854103409909783,86.2618367412938,21.88904744047493,0.11417060068142247,17945945945.94595
0.0037,0.006,0.0002200000000000000,0.001574,3,0.029500000000000002,0.007,0.00003500000000000000,0.0005000000000000000,0.001,17.986486486486488,-10.270132142995728,1.8841068013035729,0.009060305282007793,-2.136934019385893,5.373690220581321,7.302726268589886,-29.868231975602146,86.4836417165671,21.514737036278206,0.11377162763124997,17986486486.48649
0.0037,0.006,0.0002200000000000000,0.001574,3,0.029500000000000002,0.007,0.00003500000000000000,0.0005000000000000000,0.001,18.027027027027028,-10.281676680409467,1.8824143943504847,0.00906279988771125,-2.19528463046384,5.31878933424236,7.258127891948187,-29.88078861636035,86.7072327287174,21.11607497124262,0.11341193172353532,18027027027.02703
0.0037,0.006,0.0002200000000000000,0.001574,3,0.029500000000000002,0.007,0.00003500000000000000,0.0005000000000000000,0.001,18.06756756756757,-10.294562196560523,1.8805303962298963,0.009065576439150654,-2.2512074854837603,5.265102785241939,7.214068538933326,-29.891321783031948,86.93145221973928,20.691523503292366,0.11310255024944292,18067567567.56757
0.0037,0.006,0.0002200000000000000,0.001574,3,0.029500000000000002,0.007,0.00003500000000000000,0.0005000000000000000,0.001,18.10810810810811,-10.308948676057671,1.8784331418254365,0.009068666698113818,-2.303639869253862,5.213278169662704,7.171108985940952,-29.899314450101514,87.15501600475649,20.239385864833405,0.11285611983355921,18108108108.10811
0.0037,0.006,0.0002200000000000000,0.001574,3,0.029500000000000002,0.007,0.00003500000000000000,0.0005000000000000000,0.001,18.14864864864865,-10.325018381736884,1.8760982091457838,0.009072106437238124,-2.3514972519598127,5.1638643163029325,7.129748223908425,-29.904164107078696,87.3764648559751,19.757782822988688,0.11268742432399739,18148648648.64865
0.0037,0.006,0.0002200000000000000,0.001574,3,0.029500000000000002,0.007,0.00003500000000000000,0.0005000000000000000,0.001,18.18918918918919,-10.342982952935705,1.8734975278376098,0.009075936737207121,-2.3936871477510273,5.1172768310283585,7.090389117807979,-29.905161665330382,87.59410417755052,19.244631146472397,0.112613997082226,18189189189.18919
0.0037,0.006,0.0002200000000000000,0.001574,3,0.029500000000000002,0.007,0.00003500000000000000,0.0005000000000000000,0.001,18.22972972972973,-10.363091956478478,1.870598330827804,0.0090802055084459,-2.4291317517580726,5.073753798944071,7.053293895009673,-29.901468868412735,87.8059287021008,18.69762602286795,0.11265680630870947,18229729729.72973
0.0037,0.006,0.0002200000000000000,0.001574,3,0.029500000000000002,0.007,0.00003500000000000000,0.0005000000000000000,0.001,18.270270270270274,-10.385643254713397,1.867361917891215,0.009084969280413576,-2.456800282267027,5.033300209360342,7.018528345060849,-29.892093995938062,88.009528800892,18.11423080487853,0.11284105483300771,18270270270.27027
0.0037,0.006,0.0002200000000000000,0.001574,3,0.029500000000000002,0.007,0.00003500000000000000,0.0005000000000000000,0.001,18.31081081081081,-10.41099559652318,1.8637422027495096,0.00909029529613832,-2.429674712125448,5.048904211968929,7.0319713131977934,-29.875866111254055,88.20197487229247,17.49167914211324,0.11319712519837904,18310810810.81081
0.0037,0.006,0.0002200000000000000,0.001574,3,0.029500000000000002,0.007,0.00003500000000000000,0.0005000000000000000,0.001,18.351351351351354,-10.439583894550175,1.8596840193018394,0.00909626394182862,-2.349717617994897,5.117197464032211,7.090321759881272,-29.851408842150754,88.37967642395027,16.826996655455986,0.11376169708999938,18351351351.35135
0.0037,0.006,0.0002200000000000000,0.001574,3,0.029500000000000002,0.007,0.00003500000000000000,0.0005000000000000000,0.001,18.39189189189189,-10.471937731493032,1.8551211682443833,0.009102971530214532,-2.2754913470318345,5.168275073478822,7.133456202569191,-29.817115704942335,88.5382130210009,16.117051974462992,0.11457905737189558,18391891891.89189
0.0037,0.006,0.0002200000000000000,0.001574,3,0.029500000000000002,0.007,0.00003500000000000000,0.0005000000000000000,0.001,18.432432432432435,-10.508703739957761,1.849974194660706,0.009110533438310704,-2.2082812141839807,5.197909487370904,7.158287127414448,-29.77113027710101,88.67213548898283,15.35865038638125,0.11570261267376623,18432432432.43243
0.0037,0.006,0.0002200000000000000,0.001574,3,0.029500000000000002,0.007,0.00003500000000000000,0.0005000000000000000,0.001,18.472972972972975,-10.55067260918853,1.8441479048388385,0.009119087567979705,-2.149549247799698,5.201517557539874,7.16130068772082,-29.711336074182224,88.77473811717351,14.548687775463087,0.11719659836341081,18472972972.97297
0.0037,0.006,0.0002200000000000000,0.001574,3,0.029500000000000002,0.007,0.00003500000000000000,0.0005000000000000000,0.001,18.513513513513516,-10.598811546975224,1.837528665458894,0.009128798037005078,-2.1009689392930957,5.174316394036086,7.13852981006509,-29.635362759622375,88.83780695194372,13.684388146920448,0.11913795058095752,18513513513.51352
0.0037,0.006,0.0002200000000000000,0.001574,3,0.029500000000000002,0.007,0.00003500000000000000,0.0005000000000000000,0.001,18.554054054054056,-10.654302979022745,1.8299815955280048,0.009139858895832466,-2.059061049019716,5.117939054342127,7.090951098980785,-29.540617237963698,88.8513569842399,12.763654752911787,0.12161825987593747,18554054054.05405
0.0037,0.006,0.0002200000000000000,0.001574,3,0.029500000000000002,0.007,0.00003500000000000000,0.0005000000000000000,0.001,18.594594594594597,-10.71858993639806,1.8213478849017775,0.009152497464127931,-1.872874697774238,5.208194045867318,7.166871567197895,-29.424350092730226,88.80338419823859,11.78557191542983,0.1247456394316247,18594594594.59460
0.0037,0.006,0.0002200000000000000,0.001574,3,0.029500000000000002,0.007,0.00003500000000000000,0.0005000000000000000,0.001,18.635135135135137,-10.793427673727487,1.8114426877640746,0.00916697653953586,-1.6408659769481013,5.327414174707916,7.265164619055266,-29.283769397111893,88.67967984117841,10.751099897597593,0.12864619348855447,18635135135.13514
0.0037,0.006,0.0002200000000000000,0.001574,3,0.029500000000000002,0.007,0.00003500000000000000,0.0005000000000000000,0.001,18.675675675675677,-10.880939090935719,1.800054390772321,0.009183594182162644,-1.4066598830832375,5.419611409050762,7.339681483547979,-29.116214524128722,88.46378692851826,9.664003836092556,0.1334645305904624,18675675675.67567
0.0037,0.006,0.0002200000000000000,0.001574,3,0.029500000000000002,0.007,0.00003500000000000000,0.0005000000000000000,0.001,18.716216216216218,-10.983667733768707,1.7869465933016102,0.009202678956224473,-1.1750114810189785,5.474610663878506,7.383532390296967,-28.91940115596341,88.13722467788448,8.532040888790508,0.13936239872609965,18716216216.21622
0.0037,0.006,0.0002200000000000000,0.001574,3,0.029500000000000002,0.007,0.00003500000000000000,0.0005000000000000000,0.001,18.756756756756758,-11.104615406396729,1.7718648915787008,0.009224577391395233,-0.9513330971582292,5.48261227916007,7.389875344161987,-28.691743653213628,87.68016224865391,7.3683830104038925,0.14651401032878983,18756756756.75676
0.0037,0.006,0.0002200000000000000,0.001574,3,0.029500000000000002,0.007,0.00003500000000000000,0.0005000000000000000,0.001,18.7972972972973,-11.247240313953537,1.754551485660958,0.009249629125564613,-0.7417458922866594,5.435315468959499,7.352247558652348,-28.432750255385674,87.0727745794947,6.193157187223518,0.15509602057393124,18797297297.29730
0.0037,0.006,0.0002200000000000000,0.001574,3,0.029500000000000002,0.007,0.00003500000000000000,0.0005000000000000000,0.001,18.83783783783784,-11.415374797042237,1.734771506322625,0.00927812413778831,-0.5531119790503672,5.327160761474668,7.2649580299242675,-28.14346821980041,86.29752571749795,5.034823916991165,0.16526960880050928,18837837837.83784
0.0037,0.006,0.0002200000000000000,0.001574,3,0.029500000000000002,0.007,0.00003500000000000000,0.0005000000000000000,0.001,18.878378378378383,-11.612998980678253,1.7123552324826037,0.009310236670388784,-0.3824470534563662,5.1690284631940315,7.134089236116977,-27.826929078752407,85.34253729240419,3.9308925852608922,0.1771521269710852,18878378378.37838
0.0037,0.006,0.0002200000000000000,0.001574,3,0.029500000000000002,0.007,0.00003500000000000000,0.0005000000000000000,0.001,18.91891891891892,-11.843781765642525,1.6872590041123678,0.009345933624333634,0.02546013478399988,5.272538967021024,7.2201979810325865,-27.488510923242693,84.20593255437974,2.927247578684282,0.19077708795399007,18918918918.91892
0.0037,0.006,0.0002200000000000000,0.001574,3,0.029500000000000002,0.007,0.00003500000000000000,0.0005000000000000000,0.001,18.959459459459463,-12.110285917558354,1.6596431854185685,0.009384863626096134,0.37552107821475866,5.291640991745107,7.23590372062529,-27.13610298084305,82.90055066376364,2.0752781546154693,0.206044836602596,18959459459.45946
0.0037,0.006,0.0002200000000000000,0.001574,3,0.029500000000000002,0.007,0.00003500000000000000,0.0005000000000000000,0.001,19,-12.412756830444502,1.6299568095582047,0.009426247861901002,0.6585617627857496,5.226240559391994,7.181893960556889,-26.779943644891823,81.45778089200007,1.4262926616944018,0.22267260005309342,19000000000.00000
0.0037,0.006,0.0002200000000000000,0.0018000000000000002,3,0.029500000000000002,0.007,0.00003500000000000000,0.0005000000000000000,0.001,16,-6.6506448708734105,2.7384285156705017,0.00783760258803034,-2.5889281369808437,7.2756603650581955,8.618724175734426,-32.26581992823482,105.55947752630665,52.32517678158631,0.0757242130545163,16000000000.00000
0.0037,0.006,0.0002200000000000000,0.0018000000000000002,3,0.029500000000000002,0.007,0.00003500000000000000,0.0005000000000000000,0.001,16.04054054054054,-6.671240589972367,2.730748348757177,0.007847833133326279,-2.4661789422179146,7.257246239773116,8.60771859027582,-32.12639993082987,106.01243465509788,51.740847820461596,0.07809266551810513,16040540540.54054
0.0037,0.006,0.0002200000000000000,0.0018000000000000002,3,0.029500000000000002,0.007,0.00003500000000000000,0.0005000000000000000,0.001,16.08108108108108,-6.693283605346247,2.7225833879766212,0.007858728979132756,-2.338711550725663,7.228215744453713,8.590311067039785,-31.975499500862078,106.44932697773946,51.13053494270636,0.08074167194014978,16081081081.08108
0.0037,0.006,0.0002200000000000000,0.0018000000000000002,3,0.029500000000000002,0.007,0.00003500000000000000,0.0005000000000000000,0.001,16.121621621621625,-6.716891332768196,2.713901175341094,0.007870337092973993,-2.2067756343367138,7.188215863996008,8.566211106092577,-31.813053400975313,106.86706364694919,50.494018748466935,0.08369534924942272,16121621621.62162
0.0037,0.006,0.0002200000000000000,0.0018000000000000002,3,0.029500000000000002,0.007,0.00003500000000000000,0.0005000000000000000,0.001,16.162162162162165,-6.742183123716831,2.7046703934220715,0.007882703460885675,-2.070746948121143,7.137009821943886,8.535162944328563,-31.639158000818416,107.26220664561822,49.83143519963168,0.08697791861206229,16162162162.16216
0.0037,0.006,0.0002200000000000000,0.0018000000000000002,3,0.029500000000000002,0.007,0.00003500000000000000,0.0005000000000000000,0.001,16.202702702702705,-6.769276770606255,2.694862298176277,0.007895871189421862,-1.9311445538994734,7.074483603070494,8.496947443345736,-31.45409144938643,107.63097777717937,49.14338222381683,0.09061306073294385,16202702702.70270
0.0037,0.006,0.0002200000000000000,0.0018000000000000002,3,0.029500000000000002,0.007,0.00003500000000000000,0.0005000000000000000,0.001,16.243243243243246,-6.798283522038324,2.684452622014048,0.007909877945790634,-1.7886488293322018,7.0006498596943265,8.451383567827337,-31.258334575934445,107.96928855525846,48.43104343927973,0.09462301027262708,16243243243.24324
0.0037,0.006,0.0002200000000000000,0.0018000000000000002,3,0.029500000000000002,0.007,0.00003500000000000000,0.0005000000000000000,0.001,16.283783783783782,-6.829301240618253,2.673424026747774,0.007924752611867116,-1.6441197194385073,6.91564917481534,8.398329537594428,-31.052592120345746,108.2728018612696,47.69632669239742,0.0990273310595814,16283783783.78378
0.0037,0.006,0.0002200000000000000,0.0018000000000000002,3,0.029500000000000002,0.007,0.00003500000000000000,0.0005000000000000000,0.001,16.324324324324326,-6.862405333840882,2.661769167903026,0.007940511047701819,-1.4986143425703915,6.8197487138346755,8.337683725735548,-30.837813525073372,108.53703552342513,46.942011892461544,0.10384131833957794,16324324324.32432
0.0037,0.006,0.0002200000000000000,0.0018000000000000002,3,0.029500000000000002,0.007,0.00003500000000000000,0.0005000000000000000,0.001,16.364864864864867,-6.89763714878834,2.6494943908346262,0.007957150911672864,-1.3534026149388967,6.713338343112547,8.26938535587111,-30.61521202311845,108.75751841054101,46.17189817755305,0.10907399068019477,16364864864.86486
0.0037,0.006,0.0002200000000000000,0.0018000000000000002,3,0.029500000000000002,0.007,0.00003500000000000000,0.0005000000000000000,0.001,16.405405405405407,-6.934989683368533,2.636624005805191,0.007974645581967145,-1.2099790155806287,6.5969243363891374,8.193415029561352,-30.38628013752433,108.93000848488023,45.3909347831053,0.11472566810435379,16405405405.40541
0.0037,0.006,0.0002200000000000000,0.0018000000000000002,3,0.029500000000000002,0.007,0.00003500000000000000,0.0005000000000000000,0.001,16.445945945945947,-6.97439077826632,2.6232049748786594,0.00799293738201859,-1.0700680159359155,6.4711208352176,8.10979509477324,-30.152799004217584,109.05077858946782,44.605313517701,0.12078519059071206,16445945945.94595
0.0037,0.006,0.0002200000000000000,0.0018000000000000002,3,0.029500000000000002,0.007,0.00003500000000000000,0.0005000000000000000,0.001,16.486486486486488,-7.015684461914522,2.6093116835348473,0.008011930540364266,-0.9356201203874932,6.336639285492518,8.018589855252863,-29.91683822053146,109.11696859469156,43.82249446254087,0.12722691673061892,16486486486.48649
0.0037,0.006,0.0002200000000000000,0.0018000000000000002,3,0.029500000000000002,0.007,0.00003500000000000000,0.0005000000000000000,0.001,16.527027027027028,-7.058611852698215,2.595050269831322,0.008031484608893864,-0.8087950363665501,6.194276140301437,7.919905622632535,-29.68074234462302,109.12699123443231,43.05113213667687,0.1340077557651337,16527027027.02703
0.0037,0.006,0.0002200000000000000,0.0018000000000000002,3,0.029500000000000002,0.007,0.00003500000000000000,0.0005000000000000000,0.001,16.56756756756757,-7.10279395295204,2.5805617668424077,0.008051409393169793,-0.691928396626063,6.044899198123038,7.813890631680172,-29.447099928849987,109.08096368490777,42.300869383770895,0.14106461800953868,16567567567.56757
0.0037,0.006,0.0002200000000000000,0.0018000000000000002,3,0.029500000000000002,0.007,0.00003500000000000000,0.0005000000000000000,0.001,16.60810810810811,-7.147719676977957,2.566023127903217,0.008071462747544443,-0.5874789150549617,5.889433026143414,7.70073487406909,-29.218691322174116,108.98111930436524,41.58197348579657,0.14831279557934768,16608108108.10811
0.0037,0.006,0.0002200000000000000,0.0018000000000000002,3,0.029500000000000002,0.007,0.00003500000000000000,0.0005000000000000000,0.001,16.64864864864865,-7.192743283422724,2.5516451235848345,0.008091352746718425,-0.4979540878848544,5.728843989354032,7.580669954935964,-28.998412694036126,108.83213754385905,40.904805831043326,0.15564586798383137,16648648648.64865
0.0037,0.006,0.0002200000000000000,0.0018000000000000002,3,0.029500000000000002,0.007,0.00003500000000000000,0.0005000000000000000,0.001,16.68918918918919,-7.2370956319818625,2.5376662158889576,0.008110745624117895,-0.42581469058648563,5.56412544960162,7.453969130985055,-28.78917601243699,108.64132033654406,40.27914329706887,0.1629377136000886,16689189189.18919
0.0037,0.006,0.0002200000000000000,0.0018000000000000002,3,0.029500000000000002,0.007,0.00003500000000000000,0.0005000000000000000,0.001,16.729729729729733,-7.2799128842312655,2.524341909636868,0.008129280334969718,-0.3733613117468749,5.396283702870466,7.320947740896119,-28.593788049820375,108.41854655285599,39.713403406877795,0.1700470471037227,16729729729.72973
0.0037,0.006,0.0002200000000000000,0.0018000000000000002,3,0.029500000000000002,0.007,0.00003500000000000000,0.0005000000000000000,0.001,16.770270270270274,-7.3202840541469705,2.5119297784329615,0.008146589604495796,-0.3426096709329974,5.22632517525816,7.181964274783446,-28.41481555883636,108.17595715208057,39.2138591766463,0.17682456787670292,16770270270.27027
0.0037,0.006,0.0002200000000000000,0.0018000000000000002,3,0.029500000000000002,0.007,0.00003500000000000000,0.0005000000000000000,0.001,16.81081081081081,-7.357315196965608,2.500671284046075,0.008162325959946672,-0.33516482745431675,5.055245296605891,7.0374223379006935,-28.25444782336914,107.92736282071505,38.783953069064566,0.1831223206877366,16810810810.81081
0.0037,0.006,0.0002200000000000000,0.0018000000000000002,3,0.029500000000000002,0.007,0.00003500000000000000,0.0005000000000000000,0.001,16.85135135135135,-7.390203635328607,2.4907724484798828,0.008176189815896405,-0.35210671378531433,4.884019323478734,6.887773735495819,-28.11437079573876,107.68741690732936,38.423822195238834,0.18880433216262427,16851351351.35135
0.0037,0.006,0.0002200000000000000,0.0018000000000000002,3,0.029500000000000002,0.007,0.00003500000000000000,0.0005000000000000000,0.001,16.89189189189189,-7.4183117289282485,2.4823861009772616,0.008187955632361497,-0.3938998514150909,4.71359520542331,6.733522834069237,-27.99566787839876,107.47064678908275,38.13012297162302,0.1937571471900175,16891891891.89189
0.0037,0.006,0.0002200000000000000,0.0018000000000000002,3,0.029500000000000002,0.007,0.00003500000000000000,0.0005000000000000000,0.001,16.93243243243243,-7.441227844276671,2.475598522586962,0.008197491939135802,-0.4603381097329253,4.54488840635838,6.57523224170141,-27.898760368578493,107.2904712697415,37.89619533387659,0.19789871072157092,16932432432.43243
0.0037,0.006,0.0002200000000000000,0.0018000000000000002,3,0.029500000000000002,0.007,0.00003500000000000000,0.0005000000000000000,0.001,16.972972972972975,-7.458803499132846,2.470422710695548,0.00820477184784728,-0.5505310786354413,4.378778432634262,6.4135297033056204,-27.82339569172833,107.15833841813817,37.712545876258126,0.20118422380953674,16972972972.97297
0.0037,0.006,0.0002200000000000000,0.0018000000000000002,3,0.029500000000000002,0.007,0.00003500000000000000,0.0005000000000000000,0.001,17.013513513513516,-7.471160157646014,2.4667992899793214,0.008209872417670067,-0.6629328859660892,4.216106707447591,6.249115941089518,-27.768684745181446,107.08309435215016,37.56757278378955,0.20360813096566416,17013513513.51351
0.0037,0.006,0.0002200000000000000,0.0018000000000000002,3,0.029500000000000002,0.007,0.00003500000000000000,0.0005000000000000000,0.001,17.054054054054056,-7.478665542784746,2.4646046391531335,0.008212963406535977,-0.79540843827664,4.057675384415258,6.082773003621326,-27.733182563892,107.0706461823569,37.44841872986134,0.20520212592061912,17054054054.05405
0.0037,0.006,0.0002200000000000000,0.0018000000000000002,3,0.029500000000000002,0.007,0.00003500000000000000,0.0005000000000000000,0.001,17.094594594594597,-7.481885519282932,2.463664517342401,0.008214287872637609,-0.9453274681037628,3.9042467178021982,5.9153725387030685,-27.715000818918384,107.12392621047698,37.34182922893301,0.206029780250582,17094594594.59460
0.0037,0.006,0.0002200000000000000,0.0018000000000000002,3,0.029500000000000002,0.007,0.00003500000000000000,0.0005000000000000000,0.001,17.135135135135137,-7.481521659258723,2.463770708857683,0.008214138256074574,-1.1096743701684908,3.7565426960367345,5.747883292992362,-27.71193757919535,107.24311515256646,37.234911704038886,0.20617890732307292,17135135135.13514
0.0037,0.006,0.0002200000000000000,0.0018000000000000002,3,0.029500000000000002,0.007,0.00003500000000000000,0.0005000000000000000,0.001,17.175675675675677,-7.478345611827491,2.4646980948464705,0.00821283175637439,-1.285161836073615,3.6152447787982975,5.581377075731368,-27.721609649836665,107.42605051102908,37.11572550494198,0.20575296807757706,17175675675.67568
0.0037,0.006,0.0002200000000000000,0.0018000000000000002,3,0.029500000000000002,0.007,0.00003500000000000000,0.0005000000000000000,0.001,17.216216216216218,-7.473139665351189,2.4662200077270606,0.008210688169201686,-1.3404008254626463,3.585064634878957,5.544969899391682,-27.741575139576607,107.66873565780632,36.9736731627489,0.2048627166449691,17216216216.21622
0.0037,0.006,0.0002200000000000000,0.0018000000000000002,3,0.029500000000000002,0.007,0.00003500000000000000,0.0005000000000000000,0.001,17.256756756756758,-7.466649558746795,2.4681204868758697,0.008208012218561232,-1.2850344537488192,3.653240949753377,5.626783170784261,-27.769437681882184,107.96587246804383,36.799697987814525,0.20361897060754547,17256756756.75676
0.0037,0.006,0.0002200000000000000,0.0018000000000000002,3,0.029500000000000002,0.007,0.00003500000000000000,0.0005000000000000000,0.001,17.2972972972973,-7.459551981896402,2.470202866069025,0.008205081218931135,-1.2421961326411097,3.716687561666631,5.701560542495418,-27.80292783189804,108.31135858422523,36.586316871120786,0.20212700107370976,17297297297.29730
0.0037,0.006,0.0002200000000000000,0.0018000000000000002,3,0.029500000000000002,0.007,0.00003500000000000000,0.0005000000000000000,0.001,17.33783783783784,-7.45243627073025,2.47229478941779,0.008202137918215889,-1.2105826472853152,3.7745473322071663,5.768648757235323,-27.839960728162506,108.698712340439,36.327528655767615,0.2004826801496041,17337837837.83784
0.0037,0.006,0.0002200000000000000,0.0018000000000000002,3,0.029500000000000002,0.007,0.00003500000000000000,0.0005000000000000000,0.001,17.378378378378383,-7.445797974415571,2.4742501829018675,0.008199387741170348,-1.189101883572003,3.825942193516485,5.827384039488659,-27.878671680391875,109.12140855057325,36.01863976836394,0.19877026086898422,17378378378.37838
0.0037,0.006,0.0002200000000000000,0.0018000000000000002,3,0.029500000000000002,0.007,0.00003500000000000000,0.0005000000000000000,0.001,17.41891891891892,-7.440041219410116,2.4759489034707847,0.008196999371716843,-1.1768966764155697,3.869978181931887,5.87708516571031,-27.917432824136874,109.57312376844123,35.65604341103913,0.1970615143123704,17418918918.91892
0.0037,0.006,0.0002200000000000000,0.0018000000000000002,3,0.029500000000000002,0.007,0.00003500000000000000,0.0005000000000000000,0.001,17.459459459459463,-7.435486838751375,2.477294800151837,0.008195107600418356,-1.1636519056037051,3.914487596070282,5.926749212436841,-27.954854516447426,110.04789943799602,35.23697993340854,0.19541589596730807,17459459459.45946
0.0037,0.006,0.0002200000000000000,0.0018000000000000002,3,0.029500000000000002,0.007,0.00003500000000000000,0.0005000000000000000,0.001,17.5,-7.4323837386442415,2.4782128206620775,0.008193817516518286,-1.0910321857565037,4.011996709524994,6.033605681580206,-27.98977499126694,110.54023613029553,34.75929662490326,0.19388142955500642,17500000000.00000
0.0037,0.006,0.0002200000000000000,0.0018000000000000002,3,0.029500000000000002,0.007,0.00003500000000000000,0.0005000000000000000,0.001,17.540540540540544,-7.430921660050302,2.4786456434561295,0.00819320935191497,-1.0219840768403867,4.105629599283507,6.133797657254164,-28.02124121367056,111.0451329860093,34.221216664516476,0.19249605192126962,17540540540.54054
0.0037,0.006,0.0002200000000000000,0.0018000000000000002,3,0.029500000000000002,0.007,0.00003500000000000000,0.0005000000000000000,0.001,17.581081081081084,-7.4312441811287,2.4785501512086796,0.00819334352502917,-0.9561353584331511,4.194651999938428,6.22695936374364,-28.048483081678242,111.55808477097574,33.6211200458899,0.19128923387221516,17581081081.08108
0.0037,0.006,0.0002200000000000000,0.0018000000000000002,3,0.029500000000000002,0.007,0.00003500000000000000,0.0005000000000000000,0.001,17.62162162162162,-7.433461409423822,2.477893910647003,0.008194265652215335,-0.893320857335361,4.278250206209496,6.3126617995466985,-28.070882263271745,112.07504557797998,32.95733408834947,0.19028376430975583,17621621621.62162
0.0037,0.006,0.0002200000000000000,0.0018000000000000002,3,0.029500000000000002,0.007,0.00003500000000000000,0.0005000000000000000,0.001,17.662162162162165,-7.4376623099186965,2.476651693508438,0.008196011482063805,-0.8335718505931934,4.355509671828081,6.390389824691038,-28.087936093812612,112.59236376547311,32.22792747538965,0.18949765170642288,17662162162.16216
0.0037,0.006,0.0002200000000000000,0.0018000000000000002,3,0.029500000000000002,0.007,0.00003500000000000000,0.0005000000000000000,0.001,17.7027027027027,-7.443927025806073,2.474801962424344,0.008198611866988075,-0.7529157333357877,4.450106086705112,6.483703643115969,-28.099216108150916,113.10668743250939,31.43049938534987,0.18894615664448822,17702702702.70270
0.0037,0.006,0.0002200000000000000,0.0018000000000000002,3,0.029500000000000002,0.007,0.00003500000000000000,0.0005000000000000000,0.001,17.743243243243246,-7.452339913825466,2.472323146128828,0.008202098028612314,-0.6592601912755623,4.554397454011852,6.584309280253178,-28.104319916342916,113.61483346129323,30.561954040530058,0.18864402442684994,17743243243.24324
0.0037,0.006,0.0002200000000000000,0.0018000000000000002,3,0.029500000000000002,0.007,0.00003500000000000000,0.0005000000000000000,0.001,17.783783783783782,-7.463004386070739,2.469189430126923,0.00820650751444027,-0.5703617811317148,4.649471760781027,6.674036143072746,-28.102814209172816,114.11360548144013,29.618250991509044,0.18860804244960933,17783783783.78378
0.0037,0.006,0.0002200000000000000,0.0018000000000000002,3,0.029500000000000002,0.007,0.00003500000000000000,0.0005000000000000000,0.001,17.824324324324326,-7.476061082317047,2.4653656801554407,0.008211891400739274,-0.4858991382329117,4.734453441502914,6.7526985006791564,-28.09416566540318,114.59953631206669,28.594123179314323,0.1888601090464978,17824324324.32433
0.0037,0.006,0.0002200000000000000,0.0018000000000000002,3,0.029500000000000002,0.007,0.00003500000000000000,0.0005000000000000000,0.001,17.864864864864867,-7.491711454962368,2.4608009845602576,0.008218323488770685,-0.4055772892249504,4.808294361422045,6.8199104710368115,-28.077655441108412,115.06851756665243,27.482759465572638,0.1894310750567513,17864864864.86486
0.0037,0.006,0.0002200000000000000,0.0018000000000000002,3,0.029500000000000002,0.007,0.00003500000000000000,0.0005000000000000000,0.001,17.905405405405407,-7.510249605625971,2.4554201375247113,0.008225912485625314,-0.3291087449658087,4.86967972293682,6.875003987638708,-28.052271884631384,115.5152620810463,26.2754582018477,0.19036571166518196,17905405405.40541
0.0037,0.006,0.0002200000000000000,0.0018000000000000002,3,0.029500000000000002,0.007,0.00003500000000000000,0.0005000000000000000,0.001,17.945945945945947,-7.5321062524946285,2.4491121818791046,0.008234818469196898,-0.25619264539812875,4.916910654556237,6.916923167738415,-28.01657551419847,115.93252277420271,24.961277699195442,0.191729269986928,17945945945.94595
0.0037,0.006,0.0002200000000000000,0.0018000000000000002,3,0.029500000000000002,0.007,0.00003500000000000000,0.0005000000000000000,0.001,17.986486486486488,-7.5579101198348875,2.4417148950358603,0.00824527530549967,-0.1864899523362618,4.947767258744513,6.944092623757826,-27.968530965174416,116.30996473264321,23.526745370603546,0.1936162223717259,17986486486.48649
0.0037,0.006,0.0002200000000000000,0.0018000000000000002,3,0.029500000000000002,0.007,0.00003500000000000000,0.0005000000000000000,0.001,18.027027027027028,-7.588573892518385,2.432993874097908,0.008257621069674159,-0.11959224497593152,4.959365896291935,6.954261512187998,-27.905304258680545,116.63255935465327,21.955751740111165,0.19616188414698144,18027027027.02703
0.0037,0.006,0.0002200000000000000,0.0018000000000000002,3,0.029500000000000002,0.007,0.00003500000000000000,0.0005000000000000000,0.001,18.06756756756757,-7.62541412984303,2.4226147718470115,0.008272338771801203,-0.05498167728437504,4.948043300178665,6.944334914717109,-27.82303347701763,116.8783523464723,20.229866683809362,0.19955763151632938,18067567567.56757
0.0037,0.006,0.0002200000000000000,0.0018000000000000002,3,0.029500000000000002,0.007,0.00003500000000000000,0.0005000000000000000,0.001,18.10810810810811,-7.670316824242123,2.4101075341520657,0.00829010942850366,0.008019277767661473,4.909331743053099,6.910223800952715,-27.716601890924636,117.01548209400013,18.329497501152137,0.20407018006184485,18108108108.10811
0.0037,0.006,0.0002200000000000000,0.0018000000000000002,3,0.029500000000000002,0.007,0.00003500000000000000,0.0005000000000000000,0.001,18.14864864864865,-7.725961434854822,2.3948228039832684,0.008311877895916971,0.07030640161642465,4.838135051437605,6.846779870675127,-27.57948192231452,116.99846017231978,16.236583617994555,0.21006449438577723,18148648648.64865
0.0037,0.006,0.0002200000000000000,0.0018000000000000002,3,0.029500000000000002,0.007,0.00003500000000000000,0.0005000000000000000,0.001,18.18918918918919,-7.796113105695791,2.3758842120324433,0.008338927113196285,0.13305129066711688,4.729264249032778,6.7479358102548055,-27.403782740777842,116.76410610669338,13.939878065113174,0.2180276370721719,18189189189.18919
0.0037,0.006,0.0002200000000000000,0.0018000000000000002,3,0.029500000000000002,0.007,0.00003500000000000000,0.0005000000000000000,0.001,18.22972972972973,-7.885978155336182,2.352148244979832,0.008372945184890585,0.19773409880161502,4.57850604288932,6.607237917218304,-27.18072133817067,116.22837390287737,11.444166235107774,0.228585994802881,18229729729.72973
0.0037,0.006,0.0002200000000000000,0.0018000000000000002,3,0.029500000000000002,0.007,0.00003500000000000000,0.0005000000000000000,0.001,18.270270270270274,-8.002576730537909,2.322198910398995,0.008416046868165316,0.26610337794054384,4.384297840408941,6.419000495941004,-26.901815664388977,115.28685984682181,8.784579921905431,0.24249918770910406,18270270270.27027
0.0037,0.006,0.0002200000000000000,0.0018000000000000002,3,0.029500000000000002,0.007,0.00003500000000000000,0.0005000000000000000,0.001,18.31081081081081,-8.154991613536314,2.2844299463985305,0.008470671300366812,0.37618076135122497,4.184505197148295,6.216441115879114,-26.56108205937581,113.82396135204795,6.0455049644039525,0.2605997318785415,18310810810.81081
0.0037,0.006,0.0002200000000000000,0.0018000000000000002,3,0.029500000000000002,0.007,0.00003500000000000000,0.0005000000000000000,0.001,18.351351351351354,-8.354166660420088,2.237298161440783,0.008539224978782256,1.1405227167385221,4.584548099910326,6.612965335965337,-26.158258060711226,111.73717462985908,3.37904392248384,0.2836323335460421,18351351351.35135
0.0037,0.006,0.0002200000000000000,0.0018000000000000002,3,0.029500000000000002,0.007,0.00003500000000000000,0.0005000000000000000,0.001,18.39189189189189,-8.611638104376006,2.1798410668487085,0.008623309899307867,1.9321083247172552,5.001820298835648,6.991280847103597,-25.702432584444743,108.98019126668339,1.0102700085741707,0.31194838944753317,18391891891.89189
0.0037,0.006,0.0002200000000000000,0.0018000000000000002,3,0.029500000000000002,0.007,0.00003500000000000000,0.0005000000000000000,0.001,18.432432432432435,-8.936307500383224,2.1124759433633558,0.008722475463819606,2.6326139052342796,5.313201663257154,7.253562999258646,-25.21455152943792,105.61618797269924,-0.7896536373329357,0.3450683209081973,18432432432.43243
0.0037,0.006,0.0002200000000000000,0.0018000000000000002,3,0.029500000000000002,0.007,0.00003500000000000000,0.0005000000000000000,0.001,18.472972972972975,-9.328577803825297,2.0378603307020136,0.008832808221990134,3.2136213332758516,5.497021126264929,7.401274060584449,-24.72666471597175,101.85233477729427,-1.7735228198496467,0.38127183733174064,18472972972.97297
0.0037,0.006,0.0002200000000000000,0.0018000000000000002,3,0.029500000000000002,0.007,0.00003500000000000000,0.0005000000000000000,0.001,18.513513513513516,-9.772777337513878,1.9612495216849466,0.008946287174370102,3.6508553763115903,5.551033632523018,7.443738586370148,-24.27645486162872,98.01724553072634,-1.8111512185476872,0.417553067954916,18513513513.51352
0.0037,0.006,0.0002200000000000000,0.0018000000000000002,3,0.029500000000000002,0.007,0.00003500000000000000,0.0005000000000000000,0.001,18.554054054054056,-10.23222452521022,1.889693905864922,0.00905206720728208,3.9307476642911334,5.490675210518995,7.3962575468166145,-23.8980321852845,94.47140323187912,-0.9508001340199638,0.4502451172513593,18554054054.05405
0.0037,0.006,0.0002200000000000000,0.0018000000000000002,3,0.029500000000000002,0.007,0.00003500000000000000,0.0005000000000000000,0.001,18.594594594594597,-10.654019417007683,1.8300199370013615,0.009139802733178415,4.054897677854869,5.342216559941056,7.277214892415288,-23.61294899115691,91.49543023515653,0.5976856863403787,0.4761768508686905,18594594594.59460
0.0037,0.006,0.0002200000000000000,0.0018000000000000002,3,0.029500000000000002,0.007,0.00003500000000000000,0.0005000000000000000,0.001,18.635135135135137,-10.986544448089742,1.7865835170522868,0.009203206917200332,4.039776668630704,5.1347914381266655,7.105228083792159,-23.42605955066214,89.22323095232103,2.5471027418171137,0.4936906003043749,18635135135.13514
0.0037,0.006,0.0002200000000000000,0.0018000000000000002,3,0.029500000000000002,0.007,0.00003500000000000000,0.0005000000000000000,0.001,18.675675675675677,-11.200449032975904,1.7601764096440033,0.009241500853030904,3.9117995930198073,4.894476398627944,6.897062386622583,-23.327837714238857,87.64747357730249,4.6267304944440095,0.5028908347723905,18675675675.67567
0.0037,0.006,0.0002200000000000000,0.0018000000000000002,3,0.029500000000000002,0.007,0.00003500000000000000,0.0005000000000000000,0.001,18.716216216216218,-11.29718986027784,1.7486052740694566,0.009258209932323387,3.743143947125978,4.687160963336564,6.709098680259753,-23.30068449014337,86.67153215390731,6.638154166432437,0.505131586914671,18716216216.21622
0.0037,0.006,0.0002200000000000000,0.0018000000000000002,3,0.029500000000000002,0.007,0.00003500000000000000,0.0005000000000000000,0.001,18.756756756756758,-11.300315047779728,1.7482352240486303,0.009258743533196454,3.789804447129026,4.765037547025007,6.780663270942879,-23.325338280561894,86.16676574188364,8.465815109798699,0.5022432603478207,18756756756.75676
0.0037,0.006,0.0002200000000000000,0.0018000000000000002,3,0.029500000000000002,0.007,0.00003500000000000000,0.0005000000000000000,0.001,18.7972972972973,-11.239949736374024,1.755424411382281,0.009248368406927995,3.7602515239010352,4.7928642784680635,6.805951310683691,-23.38504857222341,86.01183291882138,10.060580059122861,0.49594100905951655,18797297297.29730
0.0037,0.006,0.0002200000000000000,0.0018000000000000002,3,0.029500000000000002,0.007,0.00003500000000000000,0.0005000000000000000,0.001,18.83783783783784,-11.141763228634098,1.76730704892645,0.009231181762057988,3.707245220791362,4.816274826156708,6.827112606579796,-23.46729436264972,86.11143088922735,11.415835141770751,0.48754337728159103,18837837837.83784
0.0037,0.006,0.0002200000000000000,0.0018000000000000002,3,0.029500000000000002,0.007,0.00003500000000000000,0.0005000000000000000,0.001,18.878378378378383,-11.0231133159035,1.7819867424560072,0.009209887980678929,3.6224515105061332,4.818237945762629,6.82888243561869,-23.563887445802774,86.40118087490522,12.546612278840515,0.477921873223732,18878378378.37838
0.0037,0.006,0.0002200000000000000,0.0018000000000000002,3,0.029500000000000002,0.007,0.00003500000000000000,0.0005000000000000000,0.001,18.91891891891892,-10.893643878832567,1.798418185970436,0.009185978993974577,3.5011527064349024,4.78934284033903,6.80275926693492,-23.67035208089277,86.84586438443064,13.474490315073792,0.467562146726574,18918918918.91892
0.0037,0.006,0.0002200000000000000,0.0018000000000000002,3,0.029500000000000002,0.007,0.00003500000000000000,0.0005000000000000000,0.001,18.959459459459463,-10.757366463347902,1.8161962436591723,0.009160030815421988,3.346815294256192,4.732524655125622,6.7509288519412625,-23.785144210804138,87.43569075689933,14.217202840155023,0.4566554490387705,18959459459.45946
0.0037,0.006,0.0002200000000000000,0.0018000000000000002,3,0.029500000000000002,0.007,0.00003500000000000000,0.0005000000000000000,0.001,19,-10.614711404848208,1.8353571698336606,0.00913198174351807,3.1820182751701402,4.673723461338465,6.696630121281526,-23.90896150025209,88.18288923103776,14.780692497717313,0.44518324972259554,19000000000.00000
0.0038,0.0057,0.0002000000000000000,0.001574,3,0.029500000000000002,0.007,0.00003500000000000000,0.0005000000000000000,0.001,16,-9.190279778674292,2.0633739838071654,0.008795041687254732,-5.707948666394871,5.917319435244539,7.7212501447211945,-33.98681978818534,82.00589875718993,34.966472383332494,0.04540253677779693,16000000000.00000
0.0038,0.0057,0.0002000000000000000,0.001574,3,0.029500000000000002,0.007,0.00003500000000000000,0.0005000000000000000,0.001,16.04054054054054,-9.209959866082936,2.0596922313469346,0.008800489612015336,-5.648508907394257,5.894881076824443,7.704750480740459,-33.90819104176536,82.24498562073632,34.673708191991416,0.04620341337720336,16040540540.54054
0.0038,0.0057,0.0002000000000000000,0.001574,3,0.029500000000000002,0.007,0.00003500000000000000,0.0005000000000000000,0.001,16.08108108108108,-9.230322242356165,2.0559008784544224,0.008806100485025637,-5.5893921220746,5.862312266847552,7.680689482130952,-33.82224523602611,82.48063855294501,34.372866335871706,0.04709684767865914,16081081081.08108
0.0038,0.0057,0.0002000000000000000,0.001574,3,0.029500000000000002,0.007,0.00003500000000000000,0.0005000000000000000,0.001,16.121621621621625,-9.251423628874827,2.0519911581976737,0.008811887302909509,-5.530380034042723,5.819636637484885,7.648958693128361,-33.7286493848662,82.71229808180719,34.06371266367328,0.048091256840024986,16121621621.62162
0.0038,0.0057,0.0002000000000000000,0.001574,3,0.029500000000000002,0.007,0.00003500000000000000,0.0005000000000000000,0.001,16.162162162162165,-9.273322791889179,2.0479541802838166,0.008817863244502917,-5.47126738138965,5.766998615221294,7.609498471275918,-33.627132261602796,82.93934325480357,33.74604703422837,0.04919527750658391,16162162162.16216
0.0038,0.0057,0.0002000000000000000,0.001574,3,0.029500000000000002,0.007,0.00003500000000000000,0.0005000000000000000,0.001,16.202702702702705,-9.296080341194683,2.0437809911291556,0.00882404158047679,-5.411864293299961,5.704662378247869,7.562299464575128,-33.517488298763425,83.16108832562418,33.419712033340645,0.05041776901113367,16202702702.70270
0.0038,0.0057,0.0002000000000000000,0.001574,3,0.029500000000000002,0.007,0.00003500000000000000,0.0005000000000000000,0.001,16.243243243243246,-9.319758372103546,2.039462662788909,0.008830435539873635,-5.351999096393425,5.633007816989272,7.507403539111808,-33.399581389196356,83.37677974663974,33.084603637300724,0.051767803276533055,16243243243.24324
0.0038,0.0057,0.0002000000000000000,0.001574,3,0.029500000000000002,0.007,0.00003500000000000000,0.0005000000000000000,0.001,16.283783783783782,-9.344419893614727,2.0349904198076105,0.008837058120070383,-5.291521692595158,5.5525238922418625,7.444904359726911,-33.27334893936293,83.58559386048539,32.740684157720835,0.05325463283345539,16283783783.78378
0.0038,0.0057,0.0002000000000000000,0.001574,3,0.029500000000000002,0.007,0.00003500000000000000,0.0005000000000000000,0.001,16.324324324324326,-9.370127970063994,2.030355815173085,0.00884392182353613,-5.230307675207753,5.4637998692203205,7.374947834104728,-33.13880655983774,83.78663584490582,32.38799780618875,0.054887626251379225,16324324324.32432
0.0038,0.0057,0.0002000000000000000,0.001574,3,0.029500000000000002,0.007,0.00003500000000000000,0.0005000000000000000,0.001,16.364864864864867,-9.396944487060079,2.0255509685748394,0.008851038301773294,-5.16826336194062,5.367514924795201,7.297732606997513,-32.9960537678554,83.97894066716327,32.02668917502919,0.05667615810019366,16364864864.86486
0.0038,0.0057,0.0002000000000000000,0.001574,3,0.029500000000000002,0.007,0.00003500000000000000,0.0005000000000000000,0.001,16.405405405405407,-9.42492843658895,2.020568881790361,0.008858417884449745,-5.105331913843453,5.264426585777302,7.2135107368014095,-32.84528101349715,84.16147704240379,31.657024821257895,0.05862943850168951,16405405405.40541
0.0038,0.0057,0.0002000000000000000,0.001574,3,0.029500000000000002,0.007,0.00003500000000000000,0.0005000000000000000,0.001,16.445945945945947,-9.454133603326904,2.0154038467822204,0.008866068970652627,-5.041500665052492,5.1553583770744105,7.1225886084669305,-32.68677821924954,84.33315565223782,31.279417936933196,0.06075626569269941,16445945945.94595
0.0038,0.0057,0.0002000000000000000,0.001574,3,0.029500000000000002,0.007,0.00003500000000000000,0.0005000000000000000,0.001,16.486486486486488,-9.484605527907629,2.010051961400616,0.008873997260294942,-4.976809697378869,5.0411869656917805,7.025328046911764,-32.52094484129826,84.49284314132878,30.894455763029075,0.06306468423663744,16486486486.48649
0.0038,0.0057,0.0002000000000000000,0.001574,3,0.029500000000000002,0.007,0.00003500000000000000,0.0005000000000000000,0.001,16.527027027027028,-9.516377628463331,2.004511764619925,0.008882204808228263,-4.9113615427392165,4.92282900875565,6.922147511000853,-32.348301223436735,84.63938363072693,30.502928926413066,0.06556153219518153,16527027027.02703
0.0038,0.0057,0.0002000000000000000,0.001574,3,0.029500000000000002,0.007,0.00003500000000000000,0.0005000000000000000,0.001,16.56756756756757,-9.549466386172815,1.998784997007725,0.008890688893026409,-4.8453316758702005,4.801227873734622,6.813523187492074,-32.16950072851947,84.77162960755828,30.10586122924021,0.06825186351942442,16567567567.56757
0.0038,0.0057,0.0002000000000000000,0.001574,3,0.029500000000000002,0.007,0.00003500000000000000,0.0005000000000000000,0.001,16.60810810810811,-9.58386555281994,1.9928774814746633,0.008899440708424512,-4.778979167252361,4.6773404087801635,6.699989782632189,-31.985341810262412,84.88848398708944,29.704537592098095,0.0711382381520201,16608108108.10811
0.0038,0.0057,0.0002000000000000000,0.001574,3,0.029500000000000002,0.007,0.00003500000000000000,0.0005000000000000000,0.001,16.64864864864865,-9.61953942888792,1.9868001031360831,0.008908443909709915,-4.712656511472156,4.552123997292378,6.582140834850825,-31.796778847418544,84.98895478822854,29.300526873000397,0.07421988299571228,16648648648.64865
0.0038,0.0057,0.0002000000000000000,0.001574,3,0.029500000000000002,0.007,0.00003500000000000000,0.0005000000000000000,0.001,16.68918918918919,-9.656415399706544,1.9805698444932782,0.008917673081172785,-4.646817258642734,4.426524212900942,6.460628441346557,-31.604930227796743,85.07222309415339,28.895695232009913,0.07749174309536894,16689189189.18919
0.0038,0.0057,0.0002000000000000000,0.001574,3,0.029500000000000002,0.007,0.00003500000000000000,0.0005000000000000000,0.001,16.729729729729733,-9.694376111738693,1.974210803053844,0.008927092234046205,-4.5820197056837575,4.301463469389808,6.336162389629195,-31.411081876361653,85.13772366647994,28.492204736012873,0.08094346479246069,16729729729.72973
0.0038,0.0057,0.0002000000000000000,0.001574,3,0.029500000000000002,0.007,0.00003500000000000000,0.0005000000000000000,0.001,16.770270270270274,-9.733251919696198,1.9677550844526708,0.0089366534948618,-4.518924628737327,4.177831096023798,6.209508780694649,-31.21668421789483,85.18523566792385,28.09249124009028,0.08455838098292842,16770270270.27027
0.0038,0.0057,0.0002000000000000000,0.001574,3,0.029500000000000002,0.007,0.00003500000000000000,0.0005000000000000000,0.001,16.81081081081081,-9.772814520867586,1.961243428931944,0.008946296195992657,-4.429752197714887,4.083213648937184,6.110021044213983,-31.02334051398415,85.21497844549776,27.699215568718298,0.08831260098514508,16810810810.81081
0.0038,0.0057,0.0002000000000000000,0.001574,3,0.029500000000000002,0.007,0.00003500000000000000,0.0005000000000000000,0.001,16.85135135135135,-9.812772975096372,1.9547253996393015,0.008955946622888554,-4.3413152887136075,3.9926242196593384,6.0125843691405585,-30.83278469249683,85.22770442393374,27.315183034154728,0.09217433949556386,16851351351.35135
0.0038,0.0057,0.0002000000000000000,0.001574,3,0.029500000000000002,0.007,0.00003500000000000000,0.0005000000000000000,0.001,16.89189189189189,-9.852773517410169,1.9482589477762349,0.00896551869096294,-4.208106251242157,3.9486580196519485,5.964495225414782,-30.646847273751145,85.22477827854182,26.94322872112569,0.09610364334440932,16891891891.89189
0.0038,0.0057,0.0002000000000000000,0.001574,3,0.029500000000000002,0.007,0.00003500000000000000,0.0005000000000000000,0.001,16.93243243243243,-9.89240460809867,1.9419091845250782,0.008974915801036697,-4.080907272696837,3.905535060485934,5.916805408760918,-30.46740885248145,85.20822937138882,26.5860699159202,0.10005268132752247,16932432432.43243
0.0038,0.0057,0.0002000000000000000,0.001574,3,0.029500000000000002,0.007,0.00003500000000000000,0.0005000000000000000,0.001,16.972972972972975,-9.931208423665375,1.9357462445117264,0.008984034038820305,-3.8793642474820693,3.9370338331838646,5.951691469471822,-30.29634182978414,85.18076380255523,26.246132394305235,0.10396674046340725,16972972972.97297
0.0038,0.0057,0.0002000000000000000,0.001574,3,0.029500000000000002,0.007,0.00003500000000000000,0.0005000000000000000,0.001,17.013513513513516,-9.968699385988108,1.9298422264782567,0.008992766732667457,-3.6847014821008583,3.971617753156664,5.989674433270689,-30.135442633331184,85.1457241973041,25.92536333981661,0.10778601319251695,17013513513.51351
0.0038,0.0057,0.0002000000000000000,0.001574,3,0.029500000000000002,0.007,0.00003500000000000000,0.0005000000000000000,0.001,17.054054054054056,-10.004389343151132,1.9242673388350144,0.009001010173042131,-3.500730171670483,4.007320415009741,6.028540688882239,-29.98635833509303,85.10699004837025,25.625049241619244,0.11144816288327541,17054054054.05405
0.0038,0.0057,0.0002000000000000000,0.001574,3,0.029500000000000002,0.007,0.00003500000000000000,0.0005000000000000000,0.001,17.094594594594597,-10.03781776147952,1.9190855404482925,0.009008670057767508,-3.3290840163819606,4.043929614054085,6.068035879442014,-29.850513083929226,85.06881891647527,25.34566066622112,0.11489152933356275,17094594594.59460
0.0038,0.0057,0.0002000000000000000,0.001574,3,0.029500000000000002,0.007,0.00003500000000000000,0.0005000000000000000,0.001,17.135135135135137,-10.068584012073922,1.9143501150481312,0.009015668011733225,-3.1712313353625534,4.081115197102032,6.1077885371952165,-29.729040761571785,85.03563801727304,25.086745824356594,0.11805870436411954,17135135135.13514
0.0038,0.0057,0.0002000000000000000,0.001574,3,0.029500000000000002,0.007,0.00003500000000000000,0.0005000000000000000,0.001,17.175675675675677,-10.096377886422319,1.9100997080412319,0.009021947401266123,-3.0284087145460226,4.118437322793515,6.147324609784269,-29.62273041638271,85.01180480422505,24.846890512929914,0.12090010208464526,17175675675.67568
0.0038,0.0057,0.0002000000000000000,0.001574,3,0.029500000000000002,0.007,0.00003500000000000000,0.0005000000000000000,0.001,17.216216216216218,-10.121004200906903,1.9063553506528572,0.009027477674479666,-2.901565244723694,4.155362465011301,6.186089125216956,-29.531990139313677,85.00136181826541,24.62375357979522,0.12337710146152538,17216216216.21622
0.0038,0.0057,0.0002000000000000000,0.001574,3,0.029500000000000002,0.007,0.00003500000000000000,0.0005000000000000000,0.001,17.256756756756758,-10.142397951027762,1.903118883483198,0.009032256629458254,-2.791322328799394,4.191286532217832,6.223473518640095,-29.456833162372416,85.0078133803993,24.414176086489764,0.12546437145932218,17256756756.75676
0.0038,0.0057,0.0002000000000000000,0.001574,3,0.029500000000000002,0.007,0.00003500000000000000,0.0005000000000000000,0.001,17.2972972972973,-10.160627897292368,1.9003729868053807,0.00903631031544504,-2.6979521082037228,4.225563805654829,6.258846639007832,-29.39688738133285,85.03394879432702,24.214351291882913,0.12715110105845054,17297297297.29730
0.0038,0.0057,0.0002000000000000000,0.001574,3,0.029500000000000002,0.007,0.00003500000000000000,0.0005000000000000000,0.001,17.33783783783784,-10.175888377238833,1.898082774857223,0.00903969063914963,-2.6213752130687413,4.257539828075964,6.291587193551814,-29.351426725770043,85.08172920478123,24.02003404710252,0.12844102400106788,17337837837.83784
0.0038,0.0057,0.0002000000000000000,0.001574,3,0.029500000000000002,0.007,0.00003500000000000000,0.0005000000000000000,0.001,17.378378378378383,-10.18848104633075,1.896198677122357,0.009042471089605165,-2.561176276773544,4.2865859695471435,6.321115381351984,-29.319420368936065,85.15224501134024,23.826764039649756,0.12935131083793516,17378378378.37838
0.0038,0.0057,0.0002000000000000000,0.001574,3,0.029500000000000002,0.007,0.00003500000000000000,0.0005000000000000000,0.001,17.41891891891892,-10.19878967467178,1.8946601655312811,0.009044741232196606,-2.5166339148935175,4.3121332010434905,6.346921676667847,-29.29959412839901,85.24574026934839,23.630078102770106,0.12991055580412814,17418918918.91892
0.0038,0.0057,0.0002000000000000000,0.001574,3,0.029500000000000002,0.007,0.00003500000000000000,0.0005000000000000000,0.001,17.459459459459463,-10.207251773038386,1.8933998224462563,0.009046600713236425,-2.486760916474034,4.333702634500876,6.368591080391711,-29.29049777255822,85.36169208879858,23.425691708075934,0.1301561819362528,17459459459.45946
0.0038,0.0057,0.0002000000000000000,0.001574,3,0.029500000000000002,0.007,0.00003500000000000000,0.0005000000000000000,0.001,17.5,-10.214330660404134,1.892347278984195,0.009048153463520262,-2.470350271133977,4.35093062666145,6.3858215874702315,-29.290572279178726,85.49892805498455,23.20963707008608,0.13013161335288292,17500000000.00000
0.0038,0.0057,0.0002000000000000000,0.001574,3,0.029500000000000002,0.007,0.00003500000000000000,0.0005000000000000000,0.001,17.540540540540544,-10.220490812620906,1.8914326601668052,0.009049502631716673,-2.4660232051970583,4.3635866577312274,6.3984360516828,-29.298212150171427,85.65576341248611,22.978353061259178,0.12988352726568775,17540540540.54054
0.0038,0.0057,0.0002000000000000000,0.001574,3,0.029500000000000002,0.007,0.00003500000000000000,0.0005000000000000000,0.001,17.581081081081084,-10.226178257793908,1.8905893143858017,0.00905074657187743,-2.472276358947119,4.371582735515082,6.406387021542725,-29.311819335758727,85.83014152814202,22.728728780233,0.12945942148364553,17581081081.08108
0.0038,0.0057,0.0002000000000000000,0.001574,3,0.029500000000000002,0.007,0.00003500000000000000,0.0005000000000000000,0.001,17.62162162162162,-10.231806708808106,1.8897557435722088,0.009051976006279598,-2.468914518135588,4.3937629828284015,6.4283662563272514,-29.32984683329461,86.01976483114615,22.45810722715134,0.12890564092804652,17621621621.62162
0.0038,0.0057,0.0002000000000000000,0.001574,3,0.029500000000000002,0.007,0.00003500000000000000,0.0005000000000000000,0.001,17.662162162162165,-10.237749256240969,1.8888767623146925,0.009053272321383608,-2.440969308894157,4.4441815163505956,6.477917887790764,-29.350831355736847,86.22220781722746,22.164257911057025,0.1282659199439791,17662162162.16216
0.0038,0.0057,0.0002000000000000000,0.001574,3,0.029500000000000002,0.007,0.00003500000000000000,0.0005000000000000000,0.001,17.7027027027027,-10.244334878821368,1.8879039877462653,0.009054706847176784,-2.3682143627504972,4.543541565034529,6.573945054010971,-29.373415474030615,86.43500784469086,21.845327646411192,0.12758042904552483,17702702702.70270
0.0038,0.0057,0.0002000000000000000,0.001574,3,0.029500000000000002,0.007,0.00003500000000000000,0.0005000000000000000,0.001,17.743243243243246,-10.25184876089728,1.8867957975350917,0.009056340918226356,-2.3006668089675393,4.640044124433368,6.665221104916941,-29.396360285912447,86.65573275761236,21.499777848198672,0.1268852701335624,17743243243.24324
0.0038,0.0057,0.0002000000000000000,0.001574,3,0.029500000000000002,0.007,0.00003500000000000000,0.0005000000000000000,0.001,17.783783783783782,-10.26053537697617,1.8855168980107084,0.00905822650785901,-2.237364785029637,4.733274544761981,6.7516169564000865,-29.41854997795581,86.88202661306494,21.126314905898443,0.12621234207677412,17783783783.78378
0.0038,0.0057,0.0002000000000000000,0.001574,3,0.029500000000000002,0.007,0.00003500000000000000,0.0005000000000000000,0.001,17.824324324324326,-10.270603433252536,1.88403762807751,0.009060407250822619,-2.177436712000516,4.822841803859578,6.8330301667253135,-29.438989689142268,87.11163598026009,20.7238182093152,0.1255894944215221,17824324324.32433
0.0038,0.0057,0.0002000000000000000,0.001574,3,0.029500000000000002,0.007,0.00003500000000000000,0.0005000000000000000,0.001,17.864864864864867,-10.28223197225487,1.882333096350169,0.009062919711087409,-2.120106975302911,4.908369257612392,6.909372273457384,-29.456797923050637,87.34241957616433,20.291268469550474,0.12504089545209118,17864864864.86486
0.0038,0.0057,0.0002000000000000000,0.001574,3,0.029500000000000002,0.007,0.00003500000000000000,0.0005000000000000000,0.001,17.905405405405407,-10.295577195498904,1.8803822159591184,0.009065794799765289,-2.0646978931042543,4.989482927793708,6.9805554096578115,-29.471194455047183,87.57234360347388,19.82767733982555,0.12458755693139913,17905405405.40541
0.0038,0.0057,0.0002000000000000000,0.001574,3,0.029500000000000002,0.007,0.00003500000000000000,0.0005000000000000000,0.001,17.945945945945947,-10.310779807702012,1.8781666682557763,0.009069059296794291,-2.010629606535011,5.065796155039082,7.046477100256224,-29.481484291976617,87.79946424620289,19.332018100356912,0.12424797786435561,17945945945.94595
0.0038,0.0057,0.0002000000000000000,0.001574,3,0.029500000000000002,0.007,0.00003500000000000000,0.0005000000000000000,0.001,17.986486486486488,-10.327972920246902,1.875669795496072,0.009072737475637008,-1.957419440361329,5.136888993046807,7.107001808249561,-29.487037803379298,88.02189749225052,18.803156374259295,0.12403889113485102,17986486486.48649
0.0038,0.0057,0.0002000000000000000,0.001574,3,0.029500000000000002,0.007,0.00003500000000000000,0.0005000000000000000,0.001,18.027027027027028,-10.347290770134398,1.8728753941160916,0.00907685287180829,-1.9046820734061074,5.202280405843943,7.161937572079293,-29.487266685962364,88.23777487182151,18.239779513403068,0.12397611858842396,18027027027.02703
0.0038,0.0057,0.0002000000000000000,0.001574,3,0.029500000000000002,0.007,0.00003500000000000000,0.0005000000000000000,0.001,18.06756756756757,-10.368878720908455,1.8697663540407485,0.00908143027407526,-1.8521315462705128,5.261391219078977,7.211005956519979,-29.481594974383512,88.44518185851688,17.64032347893738,0.12407556163179154,18067567567.56757
0.0038,0.0057,0.0002000000000000000,0.001574,3,0.029500000000000002,0.007,0.00003500000000000000,0.0005000000000000000,0.001,18.10810810810811,-10.392905226409939,1.8663230646448936,0.009086498052932074,-1.7995857496707937,5.313495942282,7.253803532604765,-29.469423903656384,88.64207357292554,17.00289683810452,0.12435437576556353,18108108108.10811
0.0038,0.0057,0.0002000000000000000,0.001574,3,0.029500000000000002,0.007,0.00003500000000000000,0.0005000000000000000,0.001,18.14864864864865,-10.419576671386137,1.8625214835542627,0.00909209097568859,-1.7469736170525856,5.357662124879352,7.289753218277544,-29.450089108968594,88.82616004483047,16.325203091679498,0.12483239891488117,18148648648.64865
0.0038,0.0057,0.0002000000000000000,0.001574,3,0.029500000000000002,0.007,0.00003500000000000000,0.0005000000000000000,0.001,18.18918918918919,-10.449156270989599,1.8583307397715343,0.00909825369193914,-1.6943448288154617,5.392677004253107,7.318044088897976,-29.422808494209605,88.99475064169204,15.604465244977199,0.12553392509986858,18189189189.18919
0.0038,0.0057,0.0002000000000000000,0.001574,3,0.029500000000000002,0.007,0.00003500000000000000,0.0005000000000000000,0.001,18.22972972972973,-10.481988529704898,1.8537101178713489,0.009105045106542881,-1.5969852189698794,5.473252748921059,7.382455038573256,-29.38661924115971,89.14454445625331,14.837360829695934,0.12648993641067774,18229729729.72973
0.0038,0.0057,0.0002000000000000000,0.001574,3,0.029500000000000002,0.007,0.00003500000000000000,0.0005000000000000000,0.001,18.270270270270274,-10.518531143078835,1.8486052470841698,0.009112543886143194,-1.4882907408101649,5.557006017876629,7.448408670983534,-29.340303082797107,89.27135075473271,14.019982202305393,0.1277409256370566,18270270270.27027
0.0038,0.0057,0.0002000000000000000,0.001574,3,0.029500000000000002,0.007,0.00003500000000000000,0.0005000000000000000,0.001,18.31081081081081,-10.559396679324909,1.8429433030388587,0.009120855361125462,-1.3773330871646814,5.630309999525525,7.505323073516891,-29.282300473451976,89.36972169403656,13.147846928491932,0.1293404548618982,18310810810.81081
0.0038,0.0057,0.0002000000000000000,0.001574,3,0.029500000000000002,0.007,0.00003500000000000000,0.0005000000000000000,0.001,18.351351351351354,-10.605406888604364,1.8366270319618703,0.009130120069423632,-1.2636929529290275,5.690742208586568,7.551689124534946,-29.210617188050904,89.43247983472318,12.215997805349252,0.13135959241898865,18351351351.35135
0.0038,0.0057,0.0002000000000000000,0.001574,3,0.029500000000000002,0.007,0.00003500000000000000,0.0005000000000000000,0.001,18.39189189189189,-10.657662991719212,1.82952745005239,0.009140524105143471,-1.146996025146223,5.735148780413451,7.585446887890667,-29.12273193004569,89.45012826758382,11.219253224916327,0.13389233291631336,18391891891.89189
0.0038,0.0057,0.0002000000000000000,0.001574,3,0.029500000000000002,0.007,0.00003500000000000000,0.0005000000000000000,0.001,18.432432432432435,-10.717635616720429,1.8214751990927727,0.009152311213266196,-1.0269516094036064,5.759539833701699,7.603877862587244,-29.01552167840724,89.41014655315121,10.152697583100997,0.1370619962367601,18432432432.43243
0.0038,0.0057,0.0002000000000000000,0.001574,3,0.029500000000000002,0.007,0.00003500000000000000,0.0005000000000000000,0.001,18.472972972972975,-10.787277752481316,1.8122508357862213,0.009165796082981053,-0.9034189327513298,5.75906083364344,7.603516660583179,-28.88523368329607,89.29621005398717,9.012538097944509,0.14102835515565154,18472972972.97297
0.0038,0.0057,0.0002000000000000000,0.001574,3,0.029500000000000002,0.007,0.00003500000000000000,0.0005000000000000000,0.001,18.513513513513516,-10.869162235042056,1.8015749427498182,0.009181377312723855,-0.7765139896824906,5.728110454142952,7.580113838043888,-28.72754947492001,89.08743789117449,7.7974935294943055,0.14599474276482896,18513513513.51352
0.0038,0.0057,0.0002000000000000000,0.001574,3,0.029500000000000002,0.007,0.00003500000000000000,0.0005000000000000000,0.001,18.554054054054056,-10.96663996471296,1.7891001116438707,0.009199546692410496,-0.6467727681922508,5.660693862745088,7.528696683423577,-28.53780517145851,88.75789551279391,6.510904708093357,0.15221345885000562,18554054054.05405
0.0038,0.0057,0.0002000000000000000,0.001574,3,0.029500000000000002,0.007,0.00003500000000000000,0.0005000000000000000,0.001,18.594594594594597,-11.084002626873946,1.7744089052097745,0.009220888280140633,-0.5153871572463544,5.551096862250819,7.443788054932762,-28.31144761055613,88.27677173576691,5.163725146814249,0.1599861836588374,18594594594.59460
0.0038,0.0057,0.0002000000000000000,0.001574,3,0.029500000000000002,0.007,0.00003500000000000000,0.0005000000000000000,0.001,18.635135135135137,-11.226607789637576,1.7570252230662464,0.009246055771440019,-0.3845234741992144,5.394914661796329,7.319845792869414,-28.044804179686157,87.60991701187957,3.7783811609662687,0.16965359750448392,18635135135.13514
0.0038,0.0057,0.0002000000000000000,0.001574,3,0.029500000000000002,0.007,0.00003500000000000000,0.0005000000000000000,0.001,18.675675675675677,-11.400875208516956,1.7364511374694567,0.00927571001659903,-0.1558930151314467,5.31347074297708,7.253782936098917,-27.73620432147052,86.7236997356821,2.39305843501257,0.18156511325040225,18675675675.67567
0.0038,0.0057,0.0002000000000000000,0.001574,3,0.029500000000000002,0.007,0.00003500000000000000,0.0005000000000000000,0.001,18.716216216216218,-11.613980282595493,1.7122460986205805,0.009310392506956316,0.23317587541176832,5.382999659597064,7.310243523523549,-27.387387744837042,85.59218555726538,1.0651512072599558,0.19601677300337303,18716216216.21622
0.0038,0.0057,0.0002000000000000000,0.001574,3,0.029500000000000002,0.007,0.00003500000000000000,0.0005000000000000000,0.001,18.756756756756758,-11.872953683712478,1.6841664203871005,0.009350312319561394,0.5808571767037451,5.3629953241017665,7.29407418309761,-27.004955832003212,84.20801793640912,-0.12854572551411833,0.2131465459909061,18756756756.75676
0.0038,0.0057,0.0002000000000000000,0.001574,3,0.029500000000000002,0.007,0.00003500000000000000,0.0005000000000000000,0.001,18.7972972972973,-12.182788403092166,1.6523714057934404,0.009395047661753255,0.8939305809418081,5.2775419395183505,7.224316932405222,-26.601396474969874,82.59552444234703,-1.0982381746291237,0.23278841582210444,18797297297.29730
0.0038,0.0057,0.0002000000000000000,0.001574,3,0.029500000000000002,0.007,0.00003500000000000000,0.0005000000000000000,0.001,18.83783783783784,-12.543207093296795,1.6176663380602354,0.00944322555886094,1.267229206436697,5.264378982846182,7.213471466078491,-26.19503862689211,80.82148353182815,-1.75677951872522,0.25431722379225236,18837837837.83784
0.0038,0.0057,0.0002000000000000000,0.001574,3,0.029500000000000002,0.007,0.00003500000000000000,0.0005000000000000000,0.001,18.878378378378383,-12.94426861523448,1.5816883817216705,0.009492339774346725,1.5249963068502863,5.136980979148498,7.107079576522831,-25.80835051753681,78.99629901391063,-2.043410484493312,0.27656146878884474,18878378378.37838
0.0038,0.0057,0.0002000000000000000,0.001574,3,0.029500000000000002,0.007,0.00003500000000000000,0.0005000000000000000,0.001,18.91891891891892,-13.362339908585287,1.5468791125117354,0.009538930908958933,1.6481530253132344,4.906389080858587,6.907619851605756,-25.464469794510585,77.25950723645188,-1.9480254842120102,0.2978882117735013,18918918918.91892
0.0038,0.0057,0.0002000000000000000,0.001574,3,0.029500000000000002,0.007,0.00003500000000000000,0.0005000000000000000,0.001,18.959459459459463,-13.759828909192361,1.5161038769186947,0.009579256796715452,1.6234501911035193,4.591447643335929,6.619496363847071,-25.18272801474073,75.75089355065964,-1.5239789224718232,0.31651579161420934,18959459459.45946
0.0038,0.0057,0.0002000000000000000,0.001574,3,0.029500000000000002,0.007,0.00003500000000000000,0.0005000000000000000,0.001,19,-14.092430607131273,1.4919455243241486,0.009610276190306376,1.5779426504706342,4.345158349866953,6.380056079930436,-24.974754738827745,74.57837479676664,-0.8810155676186435,0.3309700206524109,19000000000.00000
0.0038,0.0057,0.0002000000000000000,0.0018000000000000002,3,0.029500000000000002,0.007,0.00003500000000000000,0.0005000000000000000,0.001,16,-6.706395649896823,2.717753254071659,0.007865184069210895,-2.1532686398726955,6.326639002490752,8.011730543581425,-31.207910274562725,107.36825809888725,50.37252859162389,0.09627201939807134,16000000000.00000
0.0038,0.0057,0.0002000000000000000,0.0018000000000000002,3,0.029500000000000002,0.007,0.00003500000000000000,0.0005000000000000000,0.001,16.04054054054054,-6.731629195283405,2.708513425337326,0.007877551894218139,-2.0713964585286284,6.235409828758173,7.948650032065265,-31.0561337624232,107.76359270205715,49.702257457481714,0.0995394761738052,16040540540.54054
0.0038,0.0057,0.0002000000000000000,0.0018000000000000002,3,0.029500000000000002,0.007,0.00003500000000000000,0.0005000000000000000,0.001,16.08108108108108,-6.758250136912625,2.698844055436141,0.007890522068600674,-1.9892064864990617,6.138226425380954,7.880429045389131,-30.898578143631145,108.13557699550392,49.01141018227322,0.10304725960147518,16081081081.08108
0.0038,0.0057,0.0002000000000000000,0.0018000000000000002,3,0.029500000000000002,0.007,0.00003500000000000000,0.0005000000000000000,0.001,16.121621621621625,-6.7863114020988,2.688737738902385,0.007904108193887769,-1.8981107447832746,6.047780438879668,7.815960159729999,-30.73554214073207,108.4815809087471,48.30119575583665,0.10680532590212886,16121621621.62162
0.0038,0.0057,0.0002000000000000000,0.0018000000000000002,3,0.029500000000000002,0.007,0.00003500000000000000,0.0005000000000000000,0.001,16.162162162162165,-6.815856155445868,2.678191582407517,0.007918318011934516,-1.7952599541703942,5.968293701741502,7.758501867680883,-30.567432424784897,108.7989340182895,47.57323720069321,0.11082144734545815,16162162162.16216
0.0038,0.0057,0.0002000000000000000,0.0018000000000000002,3,0.029500000000000002,0.007,0.00003500000000000000,0.0005000000000000000,0.001,16.202702702702705,-6.846914138335628,2.6672083581878727,0.007933151775270491,-1.6928827011256784,5.883479183995553,7.696342212397579,-30.39476728162486,109.08498380666639,46.82962083233968,0.11510057909137994,16202702702.70270
0.0038,0.0057,0.0002000000000000000,0.0018000000000000002,3,0.029500000000000002,0.007,0.00003500000000000000,0.0005000000000000000,0.001,16.243243243243246,-6.879497300144038,2.6557978064397387,0.007948600383524743,-1.5912388323375066,5.7940824925467735,7.629846741267741,-30.218178940152256,109.33717057203067,46.072941009877155,0.11964414283641106,16243243243.24324
0.0038,0.0057,0.0002000000000000000,0.0018000000000000002,3,0.029500000000000002,0.007,0.00003500000000000000,0.0005000000000000000,0.001,16.283783783783782,-6.91359471352675,2.6439780634708905,0.007964643311667734,-1.4906931737665006,5.700834707394167,7.559384490540713,-30.038414352882143,109.55312033731906,45.30633596226923,0.12444923564803427,16283783783.78378
0.0038,0.0057,0.0002000000000000000,0.0018000000000000002,3,0.029500000000000002,0.007,0.00003500000000000000,0.0005000000000000000,0.001,16.324324324324326,-6.949166825534991,2.6317771720589476,0.007981246384648387,-1.3837260767114818,5.614764242542401,7.493315254572357,-29.856334152478308,109.73075614022159,44.53350923524782,0.12950778239542926,16324324324.32432
0.0038,0.0057,0.0002000000000000000,0.0018000000000000002,3,0.029500000000000002,0.007,0.00003500000000000000,0.0005000000000000000,0.001,16.364864864864867,-6.986139182771228,2.6192346045899724,0.007998359490647894,-1.275977989816305,5.52960441754785,7.426940634166086,-29.672909425586287,109.86842663181079,43.758730387771514,0.1348056632815246,16364864864.86486
0.0038,0.0057,0.0002000000000000000,0.0018000000000000002,3,0.029500000000000002,0.007,0.00003500000000000000,0.0005000000000000000,0.001,16.405405405405407,-7.0243958857159585,2.6064026987092626,0.008015914371177263,-1.1732606959175589,5.439369796049262,7.35548585368634,-29.489215856990903,109.96504892946886,42.98680797216517,0.14032186397471316,16405405405.40541
0.0038,0.0057,0.0002000000000000000,0.0018000000000000002,3,0.029500000000000002,0.007,0.00003500000000000000,0.0005000000000000000,0.001,16.445945945945947,-7.063773174368546,2.593347871302234,0.008033822678247832,-1.0765760703192968,5.344500311255152,7.279071066993138,-29.30642471935255,110.02026018889389,42.2230278105432,0.1460277138978527,16445945945.94595
0.0038,0.0057,0.0002000000000000000,0.0018000000000000002,3,0.029500000000000002,0.007,0.00003500000000000000,0.0005000000000000000,0.001,16.486486486486488,-7.104053717426751,2.5801514433040817,0.008051974541779847,-0.9870291410899021,5.2453985621096955,7.197784928629758,-29.12579013877727,110.03456952241592,41.473050414194574,0.15188629662455266,16486486486.48649
0.0038,0.0057,0.0002000000000000000,0.0018000000000000002,3,0.029500000000000002,0.007,0.00003500000000000000,0.0005000000000000000,0.001,16.527027027027028,-7.144962353311421,2.566909880949957,0.008070237935797546,-0.9058136679470878,5.142427537134045,7.111681806886766,-28.94863208215936,110.0094989859889,40.7427633485365,0.15785213219350716,16527027027.02703
0.0038,0.0057,0.0002000000000000000,0.0018000000000000002,3,0.029500000000000002,0.007,0.00003500000000000000,0.0005000000000000000,0.001,16.56756756756757,-7.186164183834385,2.553734246505962,0.008088459157901805,-0.8341914599705833,5.035911770040383,7.020781125954229,-28.77631461696529,109.94769983461313,40.03808759537718,0.16387124053357716,16567567567.56757
0.0038,0.0057,0.0002000000000000000,0.0018000000000000002,3,0.029500000000000002,0.007,0.00003500000000000000,0.0005000000000000000,0.001,16.60810810810811,-7.227266007138082,2.5407486625938844,0.008106464728461516,-0.7734651406703472,4.9261417522311115,6.925069047272051,-28.61021921384417,109.8530286910118,39.36474149501805,0.16988169330958408,16608108108.10811
0.0038,0.0057,0.0002000000000000000,0.0018000000000000002,3,0.029500000000000002,0.007,0.00003500000000000000,0.0005000000000000000,0.001,16.64864864864865,-7.267822042843265,2.528087638021818,0.008124064959180683,-0.7249444409060144,4.813381277444573,6.824502643642179,-28.451713211344742,109.73056832740183,38.727971372262836,0.17581474355925464,16648648648.64865
0.0038,0.0057,0.0002000000000000000,0.0018000000000000002,3,0.029500000000000002,0.007,0.00003500000000000000,0.0005000000000000000,0.001,16.68918918918919,-7.30734469594695,2.515892185841345,0.008141059324150959,-0.6899065590958149,4.697877272944931,6.719016671076173,-28.302114035455837,109.5865799833711,38.132263840622784,0.1815965849209523,16689189189.18919
0.0038,0.0057,0.0002000000000000000,0.0018000000000000002,3,0.029500000000000002,0.007,0.00003500000000000000,0.0005000000000000000,0.001,16.729729729729733,-7.345320689846847,2.50430478639384,0.008157243588072832,-0.6695516396722828,4.579871580225166,6.608533005406607,-28.16265033293423,109.4283788284588,37.58106010308373,0.18715073432207283,16729729729.72973
0.0038,0.0057,0.0002000000000000000,0.0018000000000000002,3,0.029500000000000002,0.007,0.00003500000000000000,0.0005000000000000000,0.001,16.770270270270274,-7.381232273165495,2.493463400443417,0.008172418417956826,-0.6565323626539556,4.468271306865619,6.5013953496671935,-28.034421773492426,109.2641311749663,37.07649620518353,0.192400957392202,16770270270.27027
0.0038,0.0057,0.0002000000000000000,0.0018000000000000002,3,0.029500000000000002,0.007,0.00003500000000000000,0.0005000000000000000,0.001,16.81081081081081,-7.414582427026454,2.483494900395311,0.008186398955260573,-0.6505947922190182,4.363845915109671,6.398694074985631,-27.91835981025594,109.1025806480126,36.61919407322326,0.1972745735691649,16810810810.81081
0.0038,0.0057,0.0002000000000000000,0.0018000000000000002,3,0.029500000000000002,0.007,0.00003500000000000000,0.0005000000000000000,0.001,16.85135135135135,-7.444922191285809,2.4745084319488617,0.008199024599358362,-0.6592231658882215,4.25950446779602,6.293590781122434,-27.81519205282273,108.952719488723,36.2081255641782,0.20170590165632582,16851351351.35135
0.0038,0.0057,0.0002000000000000000,0.0018000000000000002,3,0.029500000000000002,0.007,0.00003500000000000000,0.0005000000000000000,0.001,16.89189189189189,-7.4718775640084125,2.4665893108788595,0.008210168102488695,-0.6826872689042905,4.155512781397489,6.186246224379516,-27.725412999755292,108.82342893485126,35.84056556308293,0.2056395527652684,16891891891.89189
0.0038,0.0057,0.0002000000000000000,0.0018000000000000002,3,0.029500000000000002,0.007,0.00003500000000000000,0.0005000000000000000,0.001,16.93243243243243,-7.495173094498969,2.459794070733228,0.008219743047338255,-0.595947303783803,4.170516788539151,6.201898737998187,-27.649263626560145,108.72311764187765,35.51214106079683,0.20903326102321632,16932432432.43243
0.0038,0.0057,0.0002000000000000000,0.0018000000000000002,3,0.029500000000000002,0.007,0.00003500000000000000,0.0005000000000000000,0.001,16.972972972972975,-7.514649426743229,2.4541471916260384,0.00822770889691381,-0.5263933131106964,4.181304136210148,6.213117580488517,-27.586721717601836,108.65938825381873,35.21697251143524,0.21185997204434015,16972972972.97297
0.0038,0.0057,0.0002000000000000000,0.0018000000000000002,3,0.029500000000000002,0.007,0.00003500000000000000,0.0005000000000000000,0.001,17.013513513513516,-7.530272694632626,2.4496398634440295,0.008234073065805739,-0.4738149283558268,4.18777766016519,6.219836158132387,-27.537503922181163,108.63875914064818,34.947893401299744,0.2141089843472013,17013513513.51351
0.0038,0.0057,0.0002000000000000000,0.0018000000000000002,3,0.029500000000000002,0.007,0.00003500000000000000,0.0005000000000000000,0.001,17.054054054054056,-7.542134727328945,2.4462308964852237,0.008238889820944494,-0.4378357054829713,4.189797828956428,6.221930673846852,-27.501079428766438,108.66646150715441,34.69672564187079,0.2157860484137392,17054054054.05405
0.0038,0.0057,0.0002000000000000000,0.0018000000000000002,3,0.029500000000000002,0.007,0.00003500000000000000,0.0005000000000000000,0.001,17.094594594594597,-7.55044428046419,2.443849632955878,0.008242256211299209,-0.4179396730105499,4.1871792027370685,6.21921548207785,-27.476694050261152,108.74632282070044,34.45458344658097,0.2169124524020275,17094594594.59460
0.0038,0.0057,0.0002000000000000000,0.0018000000000000002,3,0.029500000000000002,0.007,0.00003500000000000000,0.0005000000000000000,0.001,17.135135135135137,-7.555510698291144,2.442400482736181,0.008244305574660316,-0.4135027379476979,4.179689913784624,6.211440631799191,-27.46340256471861,108.8807374909,34.212177321557,0.2175232397989884,17135135135.13514
0.0038,0.0057,0.0002000000000000000,0.0018000000000000002,3,0.029500000000000002,0.007,0.00003500000000000000,0.0005000000000000000,0.001,17.175675675675677,-7.557722291478141,2.4417685466260766,0.008245199413634385,-0.4004947120762732,4.189501417567769,6.2216234170542855,-27.460106492097548,109.07071662744583,33.960092420310495,0.21766479246801554,17175675675.67568
0.0038,0.0057,0.0002000000000000000,0.0018000000000000002,3,0.029500000000000002,0.007,0.00003500000000000000,0.0005000000000000000,0.001,17.216216216216218,-7.557522139411587,2.441825721498252,0.008245118538773683,-0.3149805524324523,4.278172250028038,6.312582663810678,-27.46559417815313,109.31600176428897,33.68902084174467,0.21739206022638746,17216216216.21622
0.0038,0.0057,0.0002000000000000000,0.0018000000000000002,3,0.029500000000000002,0.007,0.00003500000000000000,0.0005000000000000000,0.001,17.256756756756758,-7.555383976618074,2.4424367038320907,0.00824425434495554,-0.2452573311544477,4.35997158145112,6.394836585210665,-27.478580098263773,109.61522330592804,33.38993419714025,0.21676572286337345,17256756756.75676
0.0038,0.0057,0.0002000000000000000,0.0018000000000000002,3,0.029500000000000002,0.007,0.00003500000000000000,0.0005000000000000000,0.001,17.2972972972973,-7.551790394809106,2.4434644016599036,0.008242800947087951,-0.1906454202064935,4.433884057636491,6.467843324891074,-27.49774062185726,109.96608311675203,33.054189631752266,0.21584953901992596,17297297297.29730
0.0038,0.0057,0.0002000000000000000,0.0018000000000000002,3,0.029500000000000002,0.007,0.00003500000000000000,0.0005000000000000000,0.001,17.33783783783784,-7.547214945231988,2.4447743999391327,0.008240948698742838,-0.15051225337132676,4.498838301797765,6.531003839415251,-27.52174398684339,110.36554161820152,32.673568415152026,0.21470808118362963,17337837837.83784
0.0038,0.0057,0.0002000000000000000,0.0018000000000000002,3,0.029500000000000002,0.007,0.00003500000000000000,0.0005000000000000000,0.001,17.378378378378383,-7.542109030777234,2.4462382689740667,0.008238879400689443,-0.12430813284190334,4.5537020682076985,6.583646129356797,-27.549272804441042,110.80999216595428,32.2402505624192,0.21340499175156272,17378378378.37838
0.0038,0.0057,0.0002000000000000000,0.0018000000000000002,3,0.029500000000000002,0.007,0.00003500000000000000,0.0005000000000000000,0.001,17.41891891891892,-7.536893871266557,2.4477356333131306,0.008236763315410288,-0.11160119527389034,4.597272647649602,6.6250026095249375,-27.57903793831838,111.29540844804708,31.746731478140926,0.2120018347569461,17418918918.91892
0.0038,0.0057,0.0002000000000000000,0.0018000000000000002,3,0.029500000000000002,0.007,0.00003500000000000000,0.0005000000000000000,0.001,17.459459459459463,-7.531957393376459,2.449155012027687,0.008234757964659006,-0.11211253752028352,4.628261450179564,6.654178842388959,-27.60978299045844,111.81745333477011,31.185687426695957,0.21055757104056708,17459459459.45946
0.0038,0.0057,0.0002000000000000000,0.0018000000000000002,3,0.029500000000000002,0.007,0.00003500000000000000,0.0005000000000000000,0.001,17.5,-7.527655671851966,2.450393492053275,0.008233008612095572,-0.12575311634062838,4.645271905476519,6.670111399856221,-27.640278819164017,112.37153931139376,30.549796063338267,0.20912865695378371,17500000000.00000
0.0038,0.0057,0.0002000000000000000,0.0018000000000000002,3,0.029500000000000002,0.007,0.00003500000000000000,0.0005000000000000000,0.001,17.540540540540544,-7.524318527282886,2.45135530288279,0.008231650323636533,-0.15266464232436952,4.646770214649694,6.671511969081633,-27.669307476053845,112.95283074842531,29.831516793216448,0.20776976035556707,17540540540.54054
0.0038,0.0057,0.0002000000000000000,0.0018000000000000002,3,0.029500000000000002,0.007,0.00003500000000000000,0.0005000000000000000,0.001,17.581081081081084,-7.522259046141824,2.451949325745769,0.008230811550266896,-0.19326732174684963,4.631049173920576,6.656793924922688,-27.695634663165457,113.55617628708028,29.02283395792572,0.2065351028854236,17581081081.08108
0.0038,0.0057,0.0002000000000000000,0.0018000000000000002,3,0.029500000000000002,0.007,0.00003500000000000000,0.0005000000000000000,0.001,17.62162162162162,-7.521787109571006,2.4520854965903003,0.008230619286691795,-0.24831801672341516,4.596186470154096,6.623976399718996,-27.717969280996595,114.17595499553684,28.114964524796903,0.20548047375244313,17621621621.62162
0.0038,0.0057,0.0002000000000000000,0.0018000000000000002,3,0.029500000000000002,0.007,0.00003500000000000000,0.0005000000000000000,0.001,17.662162162162165,-7.523227490454846,2.4516699511829643,0.008231206022116083,-0.31898326353569567,4.540000855404943,6.570559346847716,-27.73490789085146,114.8058120331033,27.098032106278087,0.20466601752264135,17662162162.16216
0.0038,0.0057,0.0002000000000000000,0.0018000000000000002,3,0.029500000000000002,0.007,0.00003500000000000000,0.0005000000000000000,0.001,17.7027027027027,-7.526943718644033,2.4505986107427384,0.008232718919649468,-0.40693268359207696,4.460012975140225,6.493361221703493,-27.744861024869905,115.43824753741394,25.960712356106317,0.20415997763725077,17702702702.70270
0.0038,0.0057,0.0002000000000000000,0.0018000000000000002,3,0.029500000000000002,0.007,0.00003500000000000000,0.0005000000000000000,0.001,17.743243243243246,-7.533369766778985,2.4487487125036926,0.00823533194743858,-0.392077192350502,4.477845776363006,6.510691317557558,-27.745957417126167,116.06400541190561,24.68986370696118,0.20404368066935916,17743243243.24324
0.0038,0.0057,0.0002000000000000000,0.0018000000000000002,3,0.029500000000000002,0.007,0.00003500000000000000,0.0005000000000000000,0.001,17.783783783783782,-7.543052754542401,2.4459675441823916,0.008239262051371722,-0.26897558521168813,4.598147880650622,6.625829344664892,-27.735921770876896,116.67118592677316,23.27017649423853,0.2044181751544104,17783783783.78378
0.0038,0.0057,0.0002000000000000000,0.0018000000000000002,3,0.029500000000000002,0.007,0.00003500000000000000,0.0005000000000000000,0.001,17.824324324324326,-7.556711426748687,2.442057340289901,0.008244790918350058,-0.1502493080522296,4.702696519334588,6.723469531813321,-27.71192237245279,117.24397795021441,21.68391028384385,0.20541309016411746,17824324324.32433
0.0038,0.0057,0.0002000000000000000,0.0018000000000000002,3,0.029500000000000002,0.007,0.00003500000000000000,0.0005000000000000000,0.001,17.864864864864867,-7.575317282697896,2.4367549537403983,0.008252294424443925,-0.035846985121799804,4.786618668936414,6.80028830328561,-27.67038814552866,117.76087693415144,19.910856019039368,0.2071984351732985,17864864864.86486
0.0038,0.0057,0.0002000000000000000,0.0018000000000000002,3,0.029500000000000002,0.007,0.00003500000000000000,0.0005000000000000000,0.001,17.905405405405407,-7.600208071276381,2.429704587950725,0.008262282427610061,0.07412006816495287,4.843868663309182,6.851923591668524,-27.60680316072336,118.19223559287846,17.92877539744796,0.21000017064995072,17905405405.40541
0.0038,0.0057,0.0002000000000000000,0.0018000000000000002,3,0.029500000000000002,0.007,0.00003500000000000000,0.0005000000000000000,0.001,17.945945945945947,-7.633246955161111,2.4204217381513926,0.008275451929600159,0.17932520376429406,4.867149326546916,6.872746708172635,-27.5155043014744,118.49701638853,15.71476042013048,0.21412030313831604,17945945945.94595
0.0038,0.0057,0.0002000000000000000,0.0018000000000000002,3,0.029500000000000002,0.007,0.00003500000000000000,0.0005000000000000000,0.001,17.986486486486488,-7.677044607370561,2.4082469779711655,0.008292756219471752,0.27914818949521947,4.848057514536657,6.855677634061124,-27.389540457562816,118.61874733318582,13.248246408199556,0.21996169393456913,17986486486.48649
0.0038,0.0057,0.0002000000000000000,0.0018000000000000002,3,0.029500000000000002,0.007,0.00003500000000000000,0.0005000000000000000,0.001,18.027027027027028,-7.735264293159969,2.3922902914619386,0.008315490088457679,0.4279369683589611,4.838960033455444,6.847520351440774,-27.22070488067018,118.48106158623506,10.516796515609059,0.2280560834774397,18027027027.02703
0.0038,0.0057,0.0002000000000000000,0.0018000000000000002,3,0.029500000000000002,0.007,0.00003500000000000000,0.0005000000000000000,0.001,18.06756756756757,-7.81302723391536,2.3713721909657948,0.008345383782816795,0.7301310666632682,4.948254086243142,6.944519919716663,-26.9999257174035,117.98405667537132,7.5261355479807825,0.2390898363157859,18067567567.56757
0.0038,0.0057,0.0002000000000000000,0.0018000000000000002,3,0.029500000000000002,0.007,0.00003500000000000000,0.0005000000000000000,0.001,18.10810810810811,-7.917416609558403,2.3439801804344933,0.008384680860136806,1.0426335078934943,5.006995639638756,6.995772131920683,-26.71827325373417,117.00432093205798,4.3158324427035915,0.25391370209598396,18108108108.10811
0.0038,0.0057,0.0002000000000000000,0.0018000000000000002,3,0.029500000000000002,0.007,0.00003500000000000000,0.0005000000000000000,0.001,18.14864864864865,-8.058020537465524,2.3082826424165286,0.008436139730885884,1.4008548311874853,5.047948092964897,7.031148804962167,-26.36885632871131,115.40387573328536,0.9805416745721423,0.2735083582333731,18148648648.64865
0.0038,0.0057,0.0002000000000000000,0.0018000000000000002,3,0.029500000000000002,0.007,0.00003500000000000000,0.0005000000000000000,0.001,18.18918918918919,-8.247314931049093,2.2622789849249045,0.008502838995264201,1.9318490340835637,5.220609344527328,7.177211963971329,-25.949723373780635,113.05539501722471,-2.307754094566646,0.29885718884597734,18189189189.18919
0.0038,0.0057,0.0002000000000000000,0.0018000000000000002,3,0.029500000000000002,0.007,0.00003500000000000000,0.0005000000000000000,0.001,18.22972972972973,-8.500407332403551,2.204202783493334,0.008587594933535602,2.413561078402858,5.271940925871862,7.21970535176315,-25.46742876234006,109.88931033432264,-5.289423255233785,0.3306629779364188,18229729729.72973
0.0038,0.0057,0.0002000000000000000,0.0018000000000000002,3,0.029500000000000002,0.007,0.00003500000000000000,0.0005000000000000000,0.001,18.270270270270274,-8.833218195677258,2.133284383820007,0.008691787843631034,2.8330581234594336,5.2051206374159,7.164307994674759,-24.94015869963679,105.95681874110154,-7.640276354391364,0.3688714245007953,18270270270.27027
0.0038,0.0057,0.0002000000000000000,0.0018000000000000002,3,0.029500000000000002,0.007,0.00003500000000000000,0.0005000000000000000,0.001,18.31081081081081,-9.257754212449692,2.050822008425487,0.008813617918380062,3.188520384993292,5.05660936058172,7.038594042758691,-24.398531464163074,101.47984409117048,-9.045562509041531,0.41209052984781286,18310810810.81081
0.0038,0.0057,0.0002000000000000000,0.0018000000000000002,3,0.029500000000000002,0.007,0.00003500000000000000,0.0005000000000000000,0.001,18.351351351351354,-9.773464797564023,1.961136884808848,0.008946453957088384,3.407282712428427,4.79281720462228,6.805908655580866,-23.88211663137141,96.84161237955793,-9.31140007915101,0.4572328298416697,18351351351.35135
0.0038,0.0057,0.0002000000000000000,0.0018000000000000002,3,0.029500000000000002,0.007,0.00003500000000000000,0.0005000000000000000,0.001,18.39189189189189,-10.356159316894315,1.8715964189348766,0.009078736068662434,3.4648199572560405,4.442512045085759,6.476286139916189,-23.431212275217295,92.4930291152201,-8.454989625338065,0.49986575129346733,18391891891.89189
0.0038,0.0057,0.0002000000000000000,0.0018000000000000002,3,0.029500000000000002,0.007,0.00003500000000000000,0.0005000000000000000,0.001,18.432432432432435,-10.951246863001426,1.791053402746208,0.009196704537706844,3.5755475894233193,4.254335754088316,6.288317616348209,-23.07644768551297,88.81384269699429,-6.707652646967817,0.5354550234352425,18432432432.43243
0.0038,0.0057,0.0002000000000000000,0.0018000000000000002,3,0.029500000000000002,0.007,0.00003500000000000000,0.0005000000000000000,0.001,18.472972972972975,-11.4822097493182,1.7270918531014219,0.00928914826939563,4.114195511154046,4.597484724554022,6.625202949404755,-22.831248488690154,86.01153423275346,-4.424398567304756,0.5609178441374945,18472972972.97297
0.0038,0.0057,0.0002000000000000000,0.0018000000000000002,3,0.029500000000000002,0.007,0.00003500000000000000,0.0005000000000000000,0.001,18.513513513513516,-11.878358748108507,1.683595336070596,0.009351120393252907,4.465308283162603,4.858533215038715,6.865051761013056,-22.69110699323569,84.10894011795301,-1.9630898878117926,0.5754739275109638,18513513513.51352
0.0038,0.0057,0.0002000000000000000,0.0018000000000000002,3,0.029500000000000002,0.007,0.00003500000000000000,0.0005000000000000000,0.001,18.554054054054056,-12.105827717966378,1.6600936209764352,0.009384231840771418,4.664956405575115,5.044372473203131,7.028071471088929,-22.639127779123545,83.00168226422326,0.39822659753372686,0.5803480017883585,18554054054.05405
0.0038,0.0057,0.0002000000000000000,0.0018000000000000002,3,0.029500000000000002,0.007,0.00003500000000000000,0.0005000000000000000,0.001,18.594594594594597,-12.176231255667659,1.6530249437784916,0.00939413359124916,4.747909361100698,5.164423467122455,7.130218458899548,-22.65374177912858,82.5332047061024,2.4843359793303335,0.5777887615528648,18594594594.59460
0.0038,0.0057,0.0002000000000000000,0.0018000000000000002,3,0.029500000000000002,0.007,0.00003500000000000000,0.0005000000000000000,0.001,18.635135135135137,-12.128911868746016,1.657765450320666,0.009387496163755957,4.743058455997512,5.227938360870837,7.183304584625474,-22.714748403269816,82.55083100352998,4.204577990603749,0.5701319601562798,18635135135.13514
0.0038,0.0057,0.0002000000000000000,0.0018000000000000002,3,0.029500000000000002,0.007,0.00003500000000000000,0.0005000000000000000,0.001,18.675675675675677,-12.006948513083477,1.6701833990824475,0.009370051351265101,4.6713821740672055,5.242220824047486,7.195153112777617,-22.806351228861313,82.93437520129426,5.5193033695857,0.5592717801084812,18675675675.67567
0.0038,0.0057,0.0002000000000000000,0.0018000000000000002,3,0.029500000000000002,0.007,0.00003500000000000000,0.0005000000000000000,0.001,18.716216216216218,-11.843450934679726,1.6872941768171212,0.009345883797854188,4.545543100139453,5.211377164321574,7.169525056089227,-22.91777818678165,83.60424507541751,6.4064803692006755,0.5465146451720744,18716216216.21622
0.0038,0.0057,0.0002000000000000000,0.0018000000000000002,3,0.029500000000000002,0.007,0.00003500000000000000,0.0005000000000000000,0.001,18.756756756756758,-11.659018997693373,1.7072598236357073,0.009317507158967899,4.3699034916399935,5.135063417929135,7.105458114944662,-23.042557272207436,84.51787603020523,6.832035334352388,0.5326531965784411,18756756756.75676
0.0038,0.0057,0.0002000000000000000,0.0018000000000000002,3,0.029500000000000002,0.007,0.00003500000000000000,0.0005000000000000000,0.001,18.7972972972973,-11.46472437771781,1.7290911398587736,0.009286280500552293,4.16239581990433,5.032626776704747,7.017947239938391,-23.177133442151042,85.6586794012352,6.7200811225675725,0.5181373003753366,18797297297.29730
0.0038,0.0057,0.0002000000000000000,0.0018000000000000002,3,0.029500000000000002,0.007,0.00003500000000000000,0.0005000000000000000,0.001,18.83783783783784,-11.266628720877637,1.752236289471671,0.00925297157405924,3.9216076936988915,4.901451319396513,6.9032469363673385,-23.318826962880767,87.01353920696592,5.914920538942746,0.5033105985598978,18837837837.83784
0.0038,0.0057,0.0002000000000000000,0.0018000000000000002,3,0.029500000000000002,0.007,0.00003500000000000000,0.0005000000000000000,0.001,18.878378378378383,-11.071015647692983,1.776017257036446,0.00921855496670866,3.6363601442818427,4.726194701654727,6.745116089832962,-23.462127449948106,88.51901702392527,4.124796234962153,0.48879235587615866,18878378378.37838
0.0038,0.0057,0.0002000000000000000,0.0018000000000000002,3,0.029500000000000002,0.007,0.00003500000000000000,0.0005000000000000000,0.001,18.91891891891892,-10.892314246458277,1.7985892229810885,0.009185729735825923,3.4397213911617515,4.635687593782255,6.661141604951618,-23.59028357998578,89.91786901417943,0.8485774835095103,0.4762752115739828,18918918918.91892
0.0038,0.0057,0.0002000000000000000,0.0018000000000000002,3,0.029500000000000002,0.007,0.00003500000000000000,0.0005000000000000000,0.001,18.959459459459463,-10.770079327920099,1.8145163580723513,0.009162486015983504,3.2023815096031534,4.443662892864619,6.477411048768769,-23.654896290980055,90.38562178417544,-4.623261391977023,0.4704322060025896,18959459459.45946
0.0038,0.0057,0.0002000000000000000,0.0018000000000000002,3,0.029500000000000002,0.007,0.00003500000000000000,0.0005000000000000000,0.001,19,-10.812682726395597,1.8089191128298143,0.009170661690089503,2.9898592232446264,4.118801159430283,6.1477082632237225,-23.533842315789993,87.79455630497264,-12.628997888050144,0.48329810913737425,19000000000.00000
0.0038,0.0057,0.0002200000000000000,0.001574,3,0.029500000000000002,0.007,0.00003500000000000000,0.0005000000000000000,0.001,16,-9.235764743088719,2.0548906096267423,0.008807595721436148,-5.457922042193495,6.34953913915912,8.027422045701583,-34.03677036973948,81.36147438824868,34.92077132423372,0.04481935385896961,16000000000.00000
0.0038,0.0057,0.0002200000000000000,0.001574,3,0.029500000000000002,0.007,0.00003500000000000000,0.0005000000000000000,0.001,16.04054054054054,-9.25548653875024,2.051240607794399,0.0088129982858364,-5.381294886789161,6.35527745624178,8.031345155642072,-33.96140318592777,81.5996406778979,34.63459102621576,0.0455759778894619,16040540540.54054
0.0038,0.0057,0.0002200000000000000,0.001574,3,0.029500000000000002,0.007,0.00003500000000000000,0.0005000000000000000,0.001,16.08108108108108,-9.275854829447999,2.0474887582409362,0.00881855225677501,-5.304212623583449,6.351067151175376,8.028467046507014,-33.87870674224128,81.83440216624084,34.34080105727329,0.04642287498798646,16081081081.08108
0.0038,0.0057,0.0002200000000000000,0.001574,3,0.029500000000000002,0.007,0.00003500000000000000,0.0005000000000000000,0.001,16.121621621621625,-9.29691634863128,2.043628112806784,0.008824267928129709,-5.2264252998331715,6.336899967070166,8.018768515007595,-33.788406955215926,82.0652565465997,34.03923294672552,0.047367516875661514,16121621621.62162
0.0038,0.0057,0.0002200000000000000,0.001574,3,0.029500000000000002,0.007,0.00003500000000000000,0.0005000000000000000,0.001,16.162162162162165,-9.318718839730192,2.0396517457644636,0.008830155558043543,-5.147708659137473,6.312890537431368,8.002282589294952,-33.69030770370222,82.29165484872884,33.729751246860175,0.048417334325191054,16162162162.16216
0.0038,0.0057,0.0002200000000000000,0.001574,3,0.029500000000000002,0.007,0.00003500000000000000,0.0005000000000000000,0.001,16.202702702702705,-9.341310808459616,2.0355528131450353,0.008836225279678131,-5.067871035992003,6.279268764722459,7.979090720912958,-33.584293960062816,82.51299997423219,33.41226045074424,0.04957969197746318,16202702702.70270
0.0038,0.0057,0.0002200000000000000,0.001574,3,0.029500000000000002,0.007,0.00003500000000000000,0.0005000000000000000,0.001,16.243243243243246,-9.364741149980226,2.0313246338906876,0.008842486979386877,-4.986760530055345,6.236368334876327,7.949317577483958,-33.47033381767587,82.7286456832023,33.086713203148385,0.05086185427575454,16243243243.24324
0.0038,0.0057,0.0002200000000000000,0.001574,3,0.029500000000000002,0.007,0.00003500000000000000,0.0005000000000000000,0.001,16.283783783783782,-9.389058617423263,2.026960797763941,0.008848950134973626,-4.904272369748043,6.184612195255035,7.913124724791088,-33.34847961652407,82.93789630687908,32.753119949769534,0.05227093763656653,16283783783.78378
0.0038,0.0057,0.0002200000000000000,0.001574,3,0.029500000000000002,0.007,0.00003500000000000000,0.0005000000000000000,0.001,16.324324324324326,-9.414311089914737,2.0224553060190926,0.008855623605117269,-4.82035637659769,6.124495989778158,7.870703546097033,-33.21886843036192,83.14000754332834,32.41156016415016,0.05381384304573054,16324324324.32432
0.0038,0.0057,0.0002200000000000000,0.001574,3,0.029500000000000002,0.007,0.00003500000000000000,0.0005000000000000000,0.001,16.364864864864867,-9.4405445895634,2.0178027518400383,0.008862515359577373,-4.735024445282762,6.056570511689254,7.822267777219569,-33.081722213848465,83.33418879609404,32.06219526102978,0.05549716237082852,16364864864.86486
0.0038,0.0057,0.0002200000000000000,0.001574,3,0.029500000000000002,0.007,0.00003500000000000000,0.0005000000000000000,0.001,16.405405405405407,-9.467801988600645,2.0129985483334347,0.008869632138659074,-4.648357954742278,5.981424204002934,7.768046037705291,-32.93734791077259,83.51960763531608,31.7052832402621,0.05732705090035873,16405405405.40541
0.0038,0.0057,0.0002200000000000000,0.001574,3,0.029500000000000002,0.007,0.00003500000000000000,0.0005000000000000000,0.001,16.445945945945947,-9.496121341186006,2.008039212222557,0.008876979029924141,-4.560515017185358,5.899666626269788,7.708274715638408,-32.78613779333968,83.69539709243996,31.341194993501922,0.059309058066442356,16445945945.94595
0.0038,0.0057,0.0002200000000000000,0.001574,3,0.029500000000000002,0.007,0.00003500000000000000,0.0005000000000000000,0.001,16.486486486486488,-9.52553377104235,2.002922711033734,0.008884558950718381,-4.471737446247873,5.811913639819875,7.6431915242083335,-32.62857023713751,83.86066663064142,30.970432034208258,0.06144790815253502,16486486486.48649
0.0038,0.0057,0.0002200000000000000,0.001574,3,0.029500000000000002,0.007,0.00003500000000000000,0.0005000000000000000,0.001,16.527027027027028,-9.556060848485824,1.9976488801373906,0.008892372027283388,-4.382357274662446,5.7187748736782105,7.573030003683725,-32.46521103990076,84.01451774700278,30.5936451661897,0.06374722324655256,16527027027.02703
0.0038,0.0057,0.0002200000000000000,0.001574,3,0.029500000000000002,0.007,0.00003500000000000000,0.0005000000000000000,0.001,16.56756756756757,-9.587711401854795,1.9922199130409592,0.008900414865720569,-4.292802568357972,5.620843847766866,7.498015203587314,-32.29671526763611,84.15606523244371,30.211653276175408,0.0662091820769261,16567567567.56757
0.0038,0.0057,0.0002200000000000000,0.001574,3,0.029500000000000002,0.007,0.00003500000000000000,0.0005000000000000000,0.001,16.60810810810811,-9.620477733065385,1.9866409232873676,0.008908679717680827,-4.203602162443506,5.518690971153855,7.418360756597174,-32.123829463196145,84.28446510540422,29.825461015981563,0.06883411104273876,16608108108.10811
0.0038,0.0057,0.0002200000000000000,0.001574,3,0.029500000000000002,0.007,0.00003500000000000000,0.0005000000000000000,0.001,16.64864864864865,-9.654331250116941,1.980920568606884,0.008917153555219898,-4.115388785564146,5.412859510542763,7.334267552292775,-31.947393884389015,84.39895009769647,29.43627363559443,0.07162000816943888,16648648648.64865
0.0038,0.0057,0.0002200000000000000,0.001574,3,0.029500000000000002,0.007,0.00003500000000000000,0.0005000000000000000,0.001,16.68918918918919,-9.689217596352224,1.9750717170678833,0.008925817085561654,-4.028899849727032,5.303864535615288,7.245924233556032,-31.76834425615851,84.49887324826024,29.045506664463073,0.07456200737421517,16689189189.18919
0.0038,0.0057,0.0002200000000000000,0.001574,3,0.029500000000000002,0.007,0.00003500000000000000,0.0005000000000000000,0.001,16.729729729729733,-9.725051451983177,1.9691121205741535,0.008934643757956334,-3.944974980544043,5.1921947792023175,7.153509761548049,-31.587712332082706,84.58375959103836,28.654787567526544,0.07765179972974755,16729729729.72973
0.0038,0.0057,0.0002200000000000000,0.001574,3,0.029500000000000002,0.007,0.00003500000000000000,0.0005000000000000000,0.001,16.770270270270274,-9.76171131027195,1.9630650433427435,0.008943598841087507,-3.8645491765744233,5.078317280540776,7.057198310165332,-31.40662437671888,84.6533650516377,28.26594601518219,0.08087704057638628,16770270270.27027
0.0038,0.0057,0.0002200000000000000,0.001574,3,0.029500000000000002,0.007,0.00003500000000000000,0.0005000000000000000,0.001,16.81081081081081,-9.7990346857793,1.9569597730316057,0.008952638678919295,-3.7886403593275855,4.9626845848476115,6.957166734618328,-31.226296523133783,84.70774046438825,27.880989138725045,0.08422078607755742,16810810810.81081
0.0038,0.0057,0.0002200000000000000,0.001574,3,0.029500000000000002,0.007,0.00003500000000000000,0.0005000000000000000,0.001,16.85135135135135,-9.836814383244729,1.9508319222937827,0.008961710261960435,-3.718330059825643,4.845744135629371,6.853604788444273,-31.0480258605166,84.74729711302642,27.502058271095713,0.08766101909010195,16851351351.35135
0.0038,0.0057,0.0002200000000000000,0.001574,3,0.029500000000000002,0.007,0.00003500000000000000,0.0005000000000000000,0.001,16.89189189189189,-9.874796617797625,1.9447234126749446,0.008970751273719447,-3.6547361453781098,4.727949310597209,6.746728117298123,-30.87317610830086,84.7728684973689,27.1313643989092,0.09117033985782032,16891891891.89189
0.0038,0.0057,0.0002200000000000000,0.001574,3,0.029500000000000002,0.007,0.00003500000000000000,0.0005000000000000000,0.001,16.93243243243243,-9.912681889641458,1.93868202656302,0.008979690780296045,-3.5989768784934792,4.60977133080981,6.636793826064407,-30.70315688657335,84.78576136728329,26.771101057811556,0.0947159085523011,16932432432.43243
0.0038,0.0057,0.0002200000000000000,0.001574,3,0.029500000000000002,0.007,0.00003500000000000000,0.0005000000000000000,0.001,16.972972972972975,-9.950129524206506,1.932760423094313,0.008988450714687143,-3.552126261396155,4.491711045376971,6.524118100483057,-30.539395947378036,84.78778780514114,26.42333578529362,0.09825972940597097,16972972972.97297
0.0038,0.0057,0.0002200000000000000,0.001574,3,0.029500000000000002,0.007,0.00003500000000000000,0.0005000000000000000,0.001,17.013513513513516,-9.986766631518766,1.9270145469565683,0.008996948257185515,-3.515161558959025,4.374309408528138,6.409094987893987,-30.383304318922832,84.78126974020698,26.089884424362562,0.10175935494612633,17013513513.51351
0.0038,0.0057,0.0002200000000000000,0.001574,3,0.029500000000000002,0.007,0.00003500000000000000,0.0005000000000000000,0.001,17.054054054054056,-10.022201867404252,1.921501418692207,0.009005099123995462,-3.4889050610797865,4.258155374561999,6.292215042333021,-30.236235126451135,84.7690082152675,25.77217621725481,0.10516905938054615,17054054054.05405
0.0038,0.0057,0.0002200000000000000,0.001574,3,0.029500000000000002,0.007,0.00003500000000000000,0.0005000000000000000,0.001,17.094594594594597,-10.05604378258846,1.9162763795845927,0.009012821651036222,-3.4228432273489706,4.192955339801826,6.2252023665090395,-30.099437822099567,84.75421233355546,25.471121123085933,0.10844148111152982,17094594594.59460
0.0038,0.0057,0.0002200000000000000,0.001574,3,0.029500000000000002,0.007,0.00003500000000000000,0.0005000000000000000,0.001,17.135135135135137,-10.087922775383365,1.9113899636728975,0.009020041413803127,-3.292058825720501,4.201493571992403,6.234037034378917,-29.974010544828843,84.74038710973554,25.186993299951173,0.11152966917863974,17135135135.13514
0.0038,0.0057,0.0002200000000000000,0.001574,3,0.029500000000000002,0.007,0.00003500000000000000,0.0005000000000000000,0.001,17.175675675675677,-10.117514848152396,1.9068846655468294,0.009026695984356825,-3.174613931880205,4.208747170917746,6.241528374673717,-29.860854148200836,84.73118498952748,24.919345333772657,0.11438939666141862,17175675675.67568
0.0038,0.0057,0.0002200000000000000,0.001574,3,0.029500000000000002,0.007,0.00003500000000000000,0.0005000000000000000,0.001,17.216216216216218,-10.144564699952925,1.90279194130522,0.00903273932818187,-3.07108656208554,4.21477123834718,6.24774007758007,-29.760631866650446,84.73023165602636,24.666965939876384,0.11698154046107107,17216216216.21622
0.0038,0.0057,0.0002200000000000000,0.001574,3,0.029500000000000002,0.007,0.00003500000000000000,0.0005000000000000000,0.001,17.256756756756758,-10.168905377140387,1.8991297981870314,0.009038145320321957,-2.98184526866284,4.219574315207697,6.252686400893291,-29.673738470762324,84.74094164863834,24.427889404730013,0.11927428808183393,17256756756.75676
0.0038,0.0057,0.0002200000000000000,0.001574,3,0.029500000000000002,0.007,0.00003500000000000000,0.0005000000000000000,0.001,17.2972972972973,-10.190471903912542,1.8959012817735779,0.009042909931658426,-2.9070317074065577,4.223118196537792,6.256332366192709,-29.600282021161817,84.76634203080447,24.199458566147676,0.12124493154188354,17297297297.29730
0.0038,0.0057,0.0002200000000000000,0.001574,3,0.029500000000000002,0.007,0.00003500000000000000,0.0005000000000000000,0.001,17.33783783783784,-10.209307052731692,1.8930940603387147,0.009047051798545005,-2.8465527548461296,4.225321952760191,6.2585980606206535,-29.54008004686523,84.808922024565,23.978435872943486,0.12288105134945157,17337837837.83784
0.0038,0.0057,0.0002200000000000000,0.001574,3,0.029500000000000002,0.007,0.00003500000000000000,0.0005000000000000000,0.001,17.378378378378383,-10.225558558855294,1.8906811539075092,0.00905061111233613,-2.7923556364878137,4.233595658664521,6.267093771608911,-29.492670363275884,84.87052308720246,23.761150557255498,0.12418097323521596,17378378378.37838
0.0038,0.0057,0.0002200000000000000,0.001574,3,0.029500000000000002,0.007,0.00003500000000000000,0.0005000000000000000,0.001,17.41891891891892,-10.239468373153109,1.888622694001321,0.009053647001134533,-2.7028994735226224,4.288121886920363,6.322671213826158,-29.45733511251506,84.95227805655756,23.543665582360113,0.12515348035212878,17418918918.91892
0.0038,0.0057,0.0002200000000000000,0.001574,3,0.029500000000000002,0.007,0.00003500000000000000,0.0005000000000000000,0.001,17.459459459459463,-10.251355677825597,1.8868684647875862,0.00905623377232569,-2.6260433032350914,4.3416700975912725,6.376568204452283,-29.433135261558295,85.0546010489974,23.321946612750146,0.1258168619975522,17459459459.45946
0.0038,0.0057,0.0002200000000000000,0.001574,3,0.029500000000000002,0.007,0.00003500000000000000,0.0005000000000000000,0.001,17.5,-10.261596114063423,1.8853608946596305,0.00905845650205093,-2.561542472844318,4.393343410313096,6.427951516775591,-29.418951957386113,85.17722324779669,23.09201682003038,0.12619745627144802,17500000000.00000
0.0038,0.0057,0.0002200000000000000,0.001574,3,0.029500000000000002,0.007,0.00003500000000000000,0.0005000000000000000,0.001,17.540540540540544,-10.270599875976123,1.8840381501672403,0.00906040648120828,-2.508953772354641,4.442274539671149,6.476053951354251,-29.413530903026274,85.31926479217023,22.850085205102637,0.12632788571274586,17540540540.54054
0.0038,0.0057,0.0002200000000000000,0.001574,3,0.029500000000000002,0.007,0.00003500000000000000,0.0005000000000000000,0.001,17.581081081081084,-10.278791049766449,1.8828370252600164,0.009062176966597566,-2.4676460982413597,4.487666265355842,6.520205522357179,-29.41552623211703,85.4793303248454,22.592641177295427,0.1262451893181626,17581081081.08108
0.0038,0.0057,0.0002200000000000000,0.001574,3,0.029500000000000002,0.007,0.00003500000000000000,0.0005000000000000000,0.001,17.62162162162162,-10.286589971420234,1.8816953991095735,0.00906385956802702,-2.436815137886879,4.528827311041835,6.559857608923915,-29.423541065661016,85.6556154063811,22.31651323228575,0.1259890279813704,17621621621.62162
0.0038,0.0057,0.0002200000000000000,0.001574,3,0.029500000000000002,0.007,0.00003500000000000000,0.0005000000000000000,0.001,17.662162162162165,-10.294399635266732,1.8805541316707195,0.009065541461974469,-2.4155011241491264,4.565201162030646,6.594599191397692,-29.436162830320637,85.84601248699691,22.01889381203603,0.12560009516114448,17662162162.16216
0.0038,0.0057,0.0002200000000000000,0.001574,3,0.029500000000000002,0.007,0.00003500000000000000,0.0005000000000000000,0.001,17.7027027027027,-10.302596483940988,1.8793583566190257,0.009067303490214836,-2.402609130085381,4.596385758460567,6.624164703513992,-29.451992311879003,86.04820772071086,21.697335318452456,0.12511881330219427,17702702702.70270
0.0038,0.0057,0.0002200000000000000,0.001574,3,0.029500000000000002,0.007,0.00003500000000000000,0.0005000000000000000,0.001,17.743243243243246,-10.311525363092562,1.878058202288256,0.009069219098107987,-2.3969317718988794,4.622142532934538,6.648433336814993,-29.469666169736115,86.25976287562429,21.34972369285292,0.12458434955675735,17743243243.24324
0.0038,0.0057,0.0002200000000000000,0.001574,3,0.029500000000000002,0.007,0.00003500000000000000,0.0005000000000000000,0.001,17.783783783783782,-10.321498078956385,1.8766090167532283,0.009071354000666025,-2.3971744612007413,4.64239389535323,6.667419864690732,-29.487873173999503,86.47817935120352,20.97423616917819,0.12403394797138001,17783783783.78378
0.0038,0.0057,0.0002200000000000000,0.001574,3,0.029500000000000002,0.007,0.00003500000000000000,0.0005000000000000000,0.001,17.824324324324326,-10.332794846531764,1.8749711938750588,0.009073766434208892,-2.375206817676236,4.68601190153009,6.708033872831977,-29.505364730539245,86.70094349114338,20.569289115044157,0.1235025517722463,17824324324.32433
0.0038,0.0057,0.0002200000000000000,0.001574,3,0.029500000000000002,0.007,0.00003500000000000000,0.0005000000000000000,0.001,17.864864864864867,-10.345667921316872,1.8731096976245603,0.0090765078505775,-2.3514457261737096,4.730099221851152,6.748702508964749,-29.520960358895543,86.92555382114708,20.133480678413513,0.12302267795007589,17864864864.86486
0.0038,0.0057,0.0002200000000000000,0.001574,3,0.029500000000000002,0.007,0.00003500000000000000,0.0005000000000000000,0.001,17.905405405405407,-10.360346818211521,1.8709933685523452,0.009079623930430568,-2.3284002551697136,4.770706604617319,6.785827085493353,-29.53354873245702,87.14953154624246,19.665531595231194,0.12262450462293605,17905405405.40541
0.0038,0.0057,0.0002200000000000000,0.001574,3,0.029500000000000002,0.007,0.00003500000000000000,0.0005000000000000000,0.001,17.945945945945947,-10.377044691762887,1.868594074757568,0.009083155823517102,-2.3046977886641793,4.808121781397694,6.819754590610763,-29.542084732586602,87.37041570483385,19.164226233290563,0.12233613682590498,17945945945.94595
0.0038,0.0057,0.0002200000000000000,0.001574,3,0.029500000000000002,0.007,0.00003500000000000000,0.0005000000000000000,0.001,17.986486486486488,-10.395965648808435,1.8658857446744053,0.009087141560302872,-2.2790312305143483,4.842642909676077,6.850824459049188,-29.545582753728223,87.58574392329791,18.628354911537723,0.12218402596610715,17986486486.48649
0.0038,0.0057,0.0002200000000000000,0.001574,3,0.029500000000000002,0.007,0.00003500000000000000,0.0005000000000000000,0.001,18.027027027027028,-10.41731296890564,1.862843293257845,0.009091617616776255,-2.250193332534351,4.874526703893568,6.879324539081919,-29.543106256625315,87.79301886161024,18.056657834448544,0.12219353047605105,18027027027.02703
0.0038,0.0057,0.0002200000000000000,0.001574,3,0.029500000000000002,0.007,0.00003500000000000000,0.0005000000000000000,0.001,18.06756756756757,-10.441298413841889,1.8594414279749494,0.009096620650734343,-2.2171103813605355,4.903931306545204,6.905443780280363,-29.53375332119159,87.98965926905811,17.44777067923803,0.1223896192851252,18067567567.56757
0.0038,0.0057,0.0002200000000000000,0.001574,3,0.029500000000000002,0.007,0.00003500000000000000,0.0005000000000000000,0.001,18.10810810810811,-10.468153020390794,1.8556532963390984,0.009102189463325831,-2.1788741874188413,4.93085490907667,6.929222235584268,-29.516637711363796,88.17293311596686,16.800172031446223,0.12279773538665004,18108108108.10811
0.0038,0.0057,0.0002200000000000000,0.001574,3,0.029500000000000002,0.007,0.00003500000000000000,0.0005000000000000000,0.001,18.14864864864865,-10.498140003223968,1.851448911782252,0.009108367275088732,-2.1347716228405247,4.955070597811082,6.950498465148095,-29.490864745227235,88.33986853346154,16.112133592909963,0.12344485423574628,18148648648.64865
0.0038,0.0057,0.0002200000000000000,0.001574,3,0.029500000000000002,0.007,0.00003500000000000000,0.0005000000000000000,0.001,18.18918918918919,-10.531570666720064,1.846793268255256,0.009115204442651183,-2.084311387968131,4.976057431638275,6.968853841625959,-29.455501091762745,88.48713625885348,15.3816755881737,0.12436079137783045,18189189189.18919
0.0038,0.0057,0.0002200000000000000,0.001574,3,0.029500000000000002,0.007,0.00003500000000000000,0.0005000000000000000,0.001,18.22972972972973,-10.568824557768327,1.8416440251927433,0.009122761781568914,-2.027248175443816,4.992927635608571,6.983552717062959,-29.40953754768345,88.61089495864935,14.606532421425825,0.1255798357658076,18229729729.72973
0.0038,0.0057,0.0002200000000000000,0.001574,3,0.029500000000000002,0.007,0.00003500000000000000,0.0005000000000000000,0.001,18.270270270270274,-10.61037550999741,1.8359486135235814,0.009131114701583589,-1.9636048659896632,5.004350399975632,6.993477109830356,-29.351843993251478,88.70658829529603,13.784137955735522,0.12714280906842026,18270270270.27027
0.0038,0.0057,0.0002200000000000000,0.001574,3,0.029500000000000002,0.007,0.00003500000000000000,0.0005000000000000000,0.001,18.31081081081081,-10.656825751938982,1.8296405828485087,0.009140358398047133,-1.8936937476353686,5.008474630230852,6.997054782540766,-29.28111628044903,88.7686802805328,12.91164666415418,0.12909967441218773,18310810810.81081
0.0038,0.0057,0.0002200000000000000,0.001574,3,0.029500000000000002,0.007,0.00003500000000000000,0.0005000000000000000,0.001,18.351351351351354,-10.708950879027928,1.822634987374808,0.009150614364479878,-1.8181379136483962,5.002856798427705,6.992180718334941,-29.1958160999012,88.79031420002619,11.986017575054374,0.1315128340677506,18351351351.35135
0.0038,0.0057,0.0002200000000000000,0.001574,3,0.029500000000000002,0.007,0.00003500000000000000,0.0005000000000000000,0.001,18.39189189189189,-10.767759178508836,1.8148226111750625,0.009162038467879387,-1.7378938418206773,4.984406682205289,6.9761346957249435,-29.094107428749215,88.7628820853681,11.004204017389473,0.13446125060395872,18391891891.89189
0.0038,0.0057,0.0002200000000000000,0.001574,3,0.029500000000000002,0.007,0.00003500000000000000,0.0005000000000000000,0.001,18.432432432432435,-10.834569398625922,1.8060628979460687,0.009174830703346163,-1.6542754790651848,4.94937416654919,6.945502871765088,-28.973797758134197,88.6755000607856,9.96351543024503,0.1380454716530468,18432432432.43243
0.0038,0.0057,0.0002200000000000000,0.001574,3,0.029500000000000002,0.007,0.00003500000000000000,0.0005000000000000000,0.001,18.472972972972975,-10.911111190824448,1.796175646815188,0.009189246409026682,-1.4776053900209631,4.997460331016904,6.987493554487163,-28.83229997190933,88.51440673181804,8.862248994600908,0.14239348050335335,18472972972.97297
0.0038,0.0057,0.0002200000000000000,0.001574,3,0.029500000000000002,0.007,0.00003500000000000000,0.0005000000000000000,0.001,18.513513513513516,-10.99965127423128,1.7849319924702223,0.009205607980480512,-1.0512272297768255,5.316110682329327,7.255940144498645,-28.66664260845095,88.26234875661754,7.700726624144367,0.14766693564230501,18513513513.51352
0.0038,0.0057,0.0002200000000000000,0.001574,3,0.029500000000000002,0.007,0.00003500000000000000,0.0005000000000000000,0.001,18.554054054054056,-11.103144092103552,1.7720461255781845,0.00922431464717588,-0.6101248705608658,5.639997415066931,7.512789049368131,-28.473572833955195,87.8981076467333,6.482906741772608,0.1540666388483511,18554054054.05405
0.0038,0.0057,0.0002200000000000000,0.001574,3,0.029500000000000002,0.007,0.00003500000000000000,0.0005000000000000000,0.001,18.594594594594597,-11.225394855605673,1.7571709692693056,0.009245845174168927,-0.15958176302555555,5.9562108577726605,7.749700639535748,-28.249816235493167,87.39647680334627,5.218741697684895,0.16183474198163939,18594594594.59460
0.0038,0.0057,0.0002200000000000000,0.001574,3,0.029500000000000002,0.007,0.00003500000000000000,0.0005000000000000000,0.001,18.635135135135137,-11.371199074546908,1.7399040408424635,0.009270743863060912,0.2932410456224245,6.247353472379993,7.956960788228043,-27.992573919324343,86.72923199802632,3.927357735599632,0.17124899274796906,18635135135.13514
0.0038,0.0057,0.0002200000000000000,0.001574,3,0.029500000000000002,0.007,0.00003500000000000000,0.0005000000000000000,0.001,18.675675675675677,-11.546375849034561,1.7198142778955972,0.009299573747987112,0.7386779569458889,6.49178743963713,8.123642912983774,-27.700334527637274,85.86792145470481,2.640832908170976,0.18260114834134708,18675675675.67567
0.0038,0.0057,0.0002200000000000000,0.001574,3,0.029500000000000002,0.007,0.00003500000000000000,0.0005000000000000000,0.001,18.716216216216218,-11.757529925149345,1.6965060707995743,0.009332813872729441,1.1638869286136952,6.665061029842194,8.238041304644087,-27.374028329610102,84.78948096829592,1.407693974700045,0.19614830628108468,18716216216.21622
0.0038,0.0057,0.0002200000000000000,0.001574,3,0.029500000000000002,0.007,0.00003500000000000000,0.0005000000000000000,0.001,18.756756756756758,-12.011255541295709,1.6697399044567331,0.009370675780489026,1.5522936959151483,6.742825604337562,8.288419272795899,-27.01841645865942,83.48537876491773,0.29418721784203716,0.21202518084642352,18756756756.75676
0.0038,0.0057,0.0002200000000000000,0.001574,3,0.029500000000000002,0.007,0.00003500000000000000,0.0005000000000000000,0.001,18.7972972972973,-12.312370410731472,1.6396216613539152,0.009412831215920847,1.8834546659465605,6.705064611302225,8.264029671535875,-26.643372292554766,81.97362166610151,-0.6197611351310021,0.23011371268443168,18797297297.29730
0.0038,0.0057,0.0002200000000000000,0.001574,3,0.029500000000000002,0.007,0.00003500000000000000,0.0005000000000000000,0.001,18.83783783783784,-12.660788929531925,1.6068413297841286,0.009458097559311748,2.1337783504939885,6.5407041930164915,8.156245083666992,-26.264428839114583,80.31014881737342,-1.2530492418214378,0.24989256030174925,18837837837.83784
0.0038,0.0057,0.0002200000000000000,0.001574,3,0.029500000000000002,0.007,0.00003500000000000000,0.0005000000000000000,0.001,18.878378378378383,-13.047143665847756,1.5728777719605154,0.009504223846780869,2.278539725579904,6.25105563938737,7.9595336448772915,-25.90182735517657,78.59290445793458,-1.544753597552682,0.27033396113955316,18878378378.37838
0.0038,0.0057,0.0002200000000000000,0.001574,3,0.029500000000000002,0.007,0.00003500000000000000,0.0005000000000000000,0.001,18.91891891891892,-13.448642604189978,1.5400123592364017,0.009548002805102063,2.2952728881942113,5.850606728130088,7.672009062557836,-25.577610795104743,76.95147277031566,-1.478575182596614,0.28995218282561913,18918918918.91892
0.0038,0.0057,0.0002200000000000000,0.001574,3,0.029500000000000002,0.007,0.00003500000000000000,0.0005000000000000000,0.001,18.959459459459463,-13.828640994776556,1.5109907862691454,0.009585870755088374,2.3248464057027727,5.562091813365835,7.4523815347978495,-25.31121943744038,75.52108865392789,-1.0987118360402894,0.30707643292314385,18959459459.45946
0.0038,0.0057,0.0002200000000000000,0.001574,3,0.029500000000000002,0.007,0.00003500000000000000,0.0005000000000000000,0.001,19,-14.143848563116135,1.4883329964809127,0.009614863088223144,2.4273450808519357,5.460018952298671,7.3719415018906815,-25.115165376637734,74.41035875781445,-0.5067291558586452,0.3202877716187157,19000000000.00000
0.0038,0.0057,0.0002200000000000000,0.0018000000000000002,3,0.029500000000000002,0.007,0.00003500000000000000,0.0005000000000000000,0.001,16,-6.73531717531128,2.707169073791593,0.007879353488288202,-3.4033445144063617,5.0325037551481255,7.017841076221925,-31.45627974566495,106.72095080496732,50.27227668733769,0.09075727359602864,16000000000.00000
0.0038,0.0057,0.0002200000000000000,0.0018000000000000002,3,0.029500000000000002,0.007,0.00003500000000000000,0.0005000000000000000,0.001,16.04054054054054,-6.759648331347096,2.698338407225662,0.007891201097622097,-3.2784552678914087,5.016693759922234,7.00417590675904,-31.311200064773494,107.13893233564612,49.61229716799585,0.09369941566867912,16040540540.54054
0.0038,0.0057,0.0002200000000000000,0.0018000000000000002,3,0.029500000000000002,0.007,0.00003500000000000000,0.0005000000000000000,0.001,16.08108108108108,-6.785429521809501,2.689054013712271,0.0079036825579603,-3.144514334292272,5.003353351896313,6.992611751519981,-31.158831195742366,107.53667720623139,48.92837514033681,0.09689188195983423,16081081081.08108
0.0038,0.0057,0.0002200000000000000,0.0018000000000000002,3,0.029500000000000002,0.007,0.00003500000000000000,0.0005000000000000000,0.001,16.121621621621625,-6.812760085708521,2.679292233471874,0.00791683345923099,-3.008826359648968,4.984100683094148,6.975868068594908,-30.99917933731181,107.9113634930743,48.22079500509314,0.10035304555655154,16121621621.62162
0.0038,0.0057,0.0002200000000000000,0.0018000000000000002,3,0.029500000000000002,0.007,0.00003500000000000000,0.0005000000000000000,0.001,16.162162162162165,-6.841740830700132,2.6690305519197093,0.00793068828262072,-2.8715387394479928,4.958966402274405,6.953911658921869,-30.83234159660163,108.25992702040526,47.49017445237943,0.10410101408856523,16162162162.16216
0.0038,0.0057,0.0002200000000000000,0.0018000000000000002,3,0.029500000000000002,0.007,0.00003500000000000000,0.0005000000000000000,0.001,16.202702702702705,-6.872471338409614,2.658248661698674,0.007945278968971193,-2.7329060420485973,4.927995611805489,6.9267031243366,-30.658517661890503,108.57907545838965,46.73754580574634,0.10815312769091875,16202702702.70270
0.0038,0.0057,0.0002200000000000000,0.0018000000000000002,3,0.029500000000000002,0.007,0.00003500000000000000,0.0005000000000000000,0.001,16.243243243243246,-6.905046169571366,2.646929850401018,0.007960633020887847,-2.5933013598329033,4.891248446821764,6.894197230018938,-30.47802255248959,108.8653199491383,45.96444814893242,0.11252529003622233,16243243243.24324
0.0038,0.0057,0.0002200000000000000,0.0018000000000000002,3,0.029500000000000002,0.007,0.00003500000000000000,0.0005000000000000000,0.001,16.283783783783782,-6.9395497070594665,2.6350627659407406,0.007976771056169337,-2.4532268485765436,4.848802344272603,6.8563448097234,-30.291300384231622,109.11502990500504,45.173028259136785,0.11723109840830905,16283783783.78378
0.0038,0.0057,0.0002200000000000000,0.0018000000000000002,3,0.029500000000000002,0.007,0.00003500000000000000,0.0005000000000000000,0.001,16.324324324324326,-6.976049360310094,2.6226436036273086,0.007993703738162846,-2.313323133160457,4.800755916312224,6.813096257997321,-30.098938906713684,109.32451726021644,44.366146451534306,0.12228074073906324,16324324324.32432
0.0038,0.0057,0.0002200000000000000,0.0018000000000000002,3,0.029500000000000002,0.007,0.00003500000000000000,0.0005000000000000000,0.001,16.364864864864867,-7.014586869788928,2.60967873996451,0.008011428032218779,-2.174377122834298,4.747234169799688,6.764406549632547,-29.901684315324673,109.49015662416494,43.54748087998773,0.1276796350794074,16364864864.86486
0.0038,0.0057,0.0002200000000000000,0.0018000000000000002,3,0.029500000000000002,0.007,0.00003500000000000000,0.0005000000000000000,0.001,16.405405405405407,-7.055167515354325,2.5961878034160035,0.008029922783743636,-2.0373275841545215,4.688394657623821,6.710241623987175,-29.70045551719121,109.60854713023527,42.721620659733766,0.13342680270428384,16405405405.40541
0.0038,0.0057,0.0002200000000000000,0.0018000000000000002,3,0.029500000000000002,0.007,0.00003500000000000000,0.0005000000000000000,0.001,16.445945945945947,-7.097747174109623,2.5822071169023233,0.00804914369042658,-1.9032675680279951,4.62443402646478,6.650585880536404,-29.496356645262075,109.67671986166394,41.894134557707126,0.1395129927824992,16445945945.94595
0.0038,0.0057,0.0002200000000000000,0.0018000000000000002,3,0.029500000000000002,0.007,0.00003500000000000000,0.0005000000000000000,0.001,16.486486486486488,-7.142217421965883,2.567793366645012,0.008069017856118589,-1.7721958738472958,4.556902205009772,6.586697083541514,-29.290686192107604,109.69239110816855,41.07159835274414,0.1459186168154777,16486486486.48649
0.0038,0.0057,0.0002200000000000000,0.0018000000000000002,3,0.029500000000000002,0.007,0.00003500000000000000,0.0005000000000000000,0.001,16.527027027027028,-7.1883892573340695,2.553027246024983,0.0080894382699231,-1.6294451087206392,4.5026472686519226,6.534679262482474,-29.084940718420363,109.65425599545854,40.2615610297474,0.1526116060808507,16527027027.02703
0.0038,0.0057,0.0002200000000000000,0.0018000000000000002,3,0.029500000000000002,0.007,0.00003500000000000000,0.0005000000000000000,0.001,16.56756756756757,-7.235976560742991,2.5380166959849983,0.008110258746495284,-1.4933717413629486,4.444046665344768,6.477786106638171,-28.88081074808049,109.56230914432501,39.472428799571745,0.15954537356172652,16567567567.56757
0.0038,0.0057,0.0002200000000000000,0.0018000000000000002,3,0.029500000000000002,0.007,0.00003500000000000000,0.0005000000000000000,0.001,16.60810810810811,-7.284581074778264,2.5228992290649184,0.00813129007362821,-1.3656192842448311,4.381412617034346,6.416141545392778,-28.680166287090394,109.41816938728718,38.71324784385937,0.16665713708431606,16608108108.10811
0.0038,0.0057,0.0002200000000000000,0.0018000000000000002,3,0.029500000000000002,0.007,0.00003500000000000000,0.0005000000000000000,0.001,16.64864864864865,-7.333681423347254,2.5078427085451565,0.00815229830307451,-1.2479024809938573,4.315118892162648,6.349927660996288,-28.485029515164587,109.22537538820531,37.99337298407676,0.17386693001106854,16648648648.64865
0.0038,0.0057,0.0002200000000000000,0.0018000000000000002,3,0.029500000000000002,0.007,0.00003500000000000000,0.0005000000000000000,0.001,16.68918918918919,-7.38262933739093,2.4930438967676842,0.008173006230679666,-1.1419595804100815,4.245600679248174,6.279391441035484,-28.297532721417852,108.98961034989418,37.32202103733632,0.1810776701000438,16689189189.18919
0.0038,0.0057,0.0002200000000000000,0.0018000000000000002,3,0.029500000000000002,0.007,0.00003500000000000000,0.0005000000000000000,0.001,16.729729729729733,-7.430656576745978,2.4787241360712255,0.00819309906622808,-1.0494925731954106,4.173351916466428,6.204850079888198,-28.119860591787834,108.71880967035189,36.70772428077796,0.1881766508317833,16729729729.72973
0.0038,0.0057,0.0002200000000000000,0.0018000000000000002,3,0.029500000000000002,0.007,0.00003500000000000000,0.0005000000000000000,0.001,16.770270270270274,-7.476895732833971,2.465121728365144,0.008212235016056736,-0.9720965665202362,4.098920231670527,6.126694666740503,-27.954177538992408,108.42310841270094,36.157719434287316,0.19503873732505012,16770270270.27027
0.0038,0.0057,0.0002200000000000000,0.0018000000000000002,3,0.029500000000000002,0.007,0.00003500000000000000,0.0005000000000000000,0.001,16.81081081081081,-7.520416880118832,2.452480960387104,0.008230060946631436,-0.9111811186614495,4.022899845280554,6.045392204451273,-27.802542809765004,108.11459797705385,35.67732729135404,0.20153137486064798,16810810810.81081
0.0038,0.0057,0.0002200000000000000,0.0018000000000000002,3,0.029500000000000002,0.007,0.00003500000000000000,0.0005000000000000000,0.001,16.85135135135135,-7.560279789822879,2.4410382619776425,0.008246232486494205,-0.8678881179353268,3.9459229348598246,5.961485990885107,-27.666818361554,107.80688360589097,35.26939257745837,0.2075212568837697,16851351351.35135
0.0038,0.0057,0.0002200000000000000,0.0018000000000000002,3,0.029500000000000002,0.007,0.00003500000000000000,0.0005000000000000000,0.001,16.89189189189189,-7.59559832176706,2.4310066034007876,0.008260436975769534,-0.8430123342792226,3.868650040990442,5.875594451151844,-27.548576565076843,107.51446362598352,34.9338576347378,0.21288218614629792,16891891891.89189
0.0038,0.0057,0.0002200000000000000,0.0018000000000000002,3,0.029500000000000002,0.007,0.00003500000000000000,0.0005000000000000000,0.001,16.93243243243243,-7.625610285028548,2.42255979384597,0.008272416802278163,-0.8369317095656419,3.7917601026687575,5.788408525629331,-27.449016154715594,107.25198201212878,34.667533625824376,0.21750336307538864,16932432432.43243
0.0038,0.0057,0.0002200000000000000,0.0018000000000000002,3,0.029500000000000002,0.007,0.00003500000000000000,0.0005000000000000000,0.001,16.972972972972975,-7.649743472071087,2.415818666619323,0.008281990136882057,-0.8495544415390299,3.715940653240723,5.700687693216344,-27.368895045151433,107.03343062026329,34.46410902987428,0.22129713250749902,16972972972.97297
0.0038,0.0057,0.0002200000000000000,0.0018000000000000002,3,0.029500000000000002,0.007,0.00003500000000000000,0.0005000000000000000,0.001,17.013513513513516,-7.667667745532761,2.4108410854788342,0.008289066123406482,-0.8802887849723356,3.6418785972986423,5.613254644127538,-27.308487388129073,106.87138949113165,34.3144013433044,0.22420518766432018,17013513513.51351
0.0038,0.0057,0.0002200000000000000,0.0018000000000000002,3,0.029500000000000002,0.007,0.00003500000000000000,0.0005000000000000000,0.001,17.054054054054056,-7.679324619683003,2.407617231816573,0.008293652273970482,-0.9280393316883895,3.5702518441199476,5.526988521496961,-27.267569624724945,106.77638919099131,34.20682150715204,0.226202403238366,17054054054.05405
0.0038,0.0057,0.0002200000000000000,0.0018000000000000002,3,0.029500000000000002,0.007,0.00003500000000000000,0.0005000000000000000,0.001,17.094594594594597,-7.684929583208804,2.4060708148020735,0.008295853049758418,-0.991230699692358,3.5017219149684142,5.442816541431943,-27.245436736248692,106.75645900172908,34.127990126895824,0.2272978228447464,17094594594.59460
0.0038,0.0057,0.0002200000000000000,0.0018000000000000002,3,0.029500000000000002,0.007,0.00003500000000000000,0.0005000000000000000,0.001,17.135135135135137,-7.684947473633357,2.406065882653678,0.008295860069845227,-0.9615976233603425,3.5220560901106954,5.46796267994573,-27.24094612336095,106.8168940308375,34.06342673561882,0.22753277821815118,17135135135.13514
0.0038,0.0057,0.0002200000000000000,0.0018000000000000002,3,0.029500000000000002,0.007,0.00003500000000000000,0.0005000000000000000,0.001,17.175675675675677,-7.680046069420515,2.4074180481442418,0.008293935708811456,-0.8177292012815567,3.649606793757456,5.622460763742186,-27.252583319340097,106.96024062891492,33.99823102237787,0.22697655677533263,17175675675.67568
0.0038,0.0057,0.0002200000000000000,0.0018000000000000002,3,0.029500000000000002,0.007,0.00003500000000000000,0.0005000000000000000,0.001,17.216216216216218,-7.671036366931259,2.409908380067939,0.008290392701120532,-0.6933903260635603,3.776506499736356,5.770902364970296,-27.278541663105592,107.1864703927689,33.917686579792104,0.225720358256004,17216216216.21622
0.0038,0.0057,0.0002200000000000000,0.0018000000000000002,3,0.029500000000000002,0.007,0.00003500000000000000,0.0005000000000000000,0.001,17.256756756756758,-7.658809054639434,2.4132980508906097,0.008285572617578675,-0.5876248354847331,3.901582387547151,5.912407821036172,-27.316807376810964,107.49329363457805,33.807738532990236,0.223870430469827,17256756756.75676
0.0038,0.0057,0.0002200000000000000,0.0018000000000000002,3,0.029500000000000002,0.007,0.00003500000000000000,0.0005000000000000000,0.001,17.2972972972973,-7.644275608644483,2.41734203922897,0.008279825762316116,-0.4993408277932838,4.023567810000424,6.046113249772127,-27.365242100127727,107.8765552489246,33.65532036448082,0.22154124512596368,17297297297.29730
0.0038,0.0057,0.0002200000000000000,0.0018000000000000002,3,0.029500000000000002,0.007,0.00003500000000000000,0.0005000000000000000,0.001,17.33783783783784,-7.628319950694737,2.421800641568368,0.008273494345979024,-0.42738745851091076,4.141101483289489,6.171158736061173,-27.42165645012925,108.33065806456817,33.44852703728296,0.2188494102087564,17337837837.83784
0.0038,0.0057,0.0002200000000000000,0.0018000000000000002,3,0.029500000000000002,0.007,0.00003500000000000000,0.0005000000000000000,0.001,17.378378378378383,-7.611763681889406,2.426448094520388,0.008266899961889743,-0.37062383383258524,4.252725096270839,6.2866731005206455,-27.483870111918133,108.84896778831119,33.17664773944577,0.2159087815642872,17378378378.37838
0.0038,0.0057,0.0002200000000000000,0.0018000000000000002,3,0.029500000000000002,0.007,0.00003500000000000000,0.0005000000000000000,0.001,17.41891891891892,-7.595345320826611,2.4310781116921545,0.008260335633496221,-0.32797846804151365,4.356878351704206,6.3917543417923826,-27.549755870753035,109.42416577327855,32.830081007998345,0.21282699791031479,17418918918.91892
0.0038,0.0057,0.0002200000000000000,0.0018000000000000002,3,0.029500000000000002,0.007,0.00003500000000000000,0.0005000000000000000,0.001,17.459459459459463,-7.579712176544081,2.435506513672048,0.00825406214097737,-0.2984994495327797,4.451890198636196,6.485444443611286,-27.61726655160404,110.04852782854451,32.40015815049726,0.20970346701304302,17459459459.45946
0.0038,0.0057,0.0002200000000000000,0.0018000000000000002,3,0.029500000000000002,0.007,0.00003500000000000000,0.0005000000000000000,0.001,17.5,-7.565422572686726,2.4395713462772837,0.008248308015390081,-0.2813967990344684,4.535964819501043,6.566696775524389,-27.684444870806413,110.71411689717249,31.878899284731116,0.20662869961659316,17500000000.00000
0.0038,0.0057,0.0002200000000000000,0.0018000000000000002,3,0.029500000000000002,0.007,0.00003500000000000000,0.0005000000000000000,0.001,17.540540540540544,-7.552955979732899,2.443130952138908,0.008243272491163408,-0.2760794997751415,4.607160850356831,6.634333750924705,-27.749416688689934,111.41288345691122,31.25872179166565,0.20368482532272558,17540540540.54054
0.0038,0.0057,0.0002200000000000000,0.0018000000000000002,3,0.029500000000000002,0.007,0.00003500000000000000,0.0005000000000000000,0.001,17.581081081081084,-7.54272898418546,2.4460604156498467,0.008239130781915566,-0.28219040345482677,4.663362417099617,6.6869916832394996,-27.810368120850807,112.13666947853791,30.532115230483793,0.20094712237009976,17581081081.08108
0.0038,0.0057,0.0002200000000000000,0.0018000000000000002,3,0.029500000000000002,0.007,0.00003500000000000000,0.0005000000000000000,0.001,17.62162162162162,-7.535115715967198,2.448246676297429,0.008236041236100914,-0.29964278906734015,4.7022409885005985,6.723048828267916,-27.865506493622362,112.87710961450485,29.691291212224755,0.1984864381052117,17621621621.62162
0.0038,0.0057,0.0002200000000000000,0.0018000000000000002,3,0.029500000000000002,0.007,0.00003500000000000000,0.0005000000000000000,0.001,17.662162162162165,-7.530472223769876,2.449582427510557,0.008234154196420625,-0.1747000745136333,4.891582891702635,6.89449417384081,-27.913004293068326,113.6254168878566,28.727812576777858,0.19637245751640825,17662162162.16216
0.0038,0.0057,0.0002200000000000000,0.0018000000000000002,3,0.029500000000000002,0.007,0.00003500000000000000,0.0005000000000000000,0.001,17.7027027027027,-7.529165274225798,2.4499587013327724,0.008233622709431952,-0.030668103645461332,5.10054479323679,7.076165659136838,-27.95092413904036,114.37202913568126,27.63220475303576,0.1946778869469512,17702702702.70270
0.0038,0.0057,0.0002200000000000000,0.0018000000000000002,3,0.029500000000000002,0.007,0.00003500000000000000,0.0005000000000000000,0.001,17.743243243243246,-7.53160718208377,2.4492557828593777,0.008234615611337136,0.11176522367573362,5.303126741054505,7.2453200657978325,-27.977121529312008,115.10607600136278,26.39355526107515,0.19348375878693733,17743243243.24324
0.0038,0.0057,0.0002200000000000000,0.0018000000000000002,3,0.029500000000000002,0.007,0.00003500000000000000,0.0005000000000000000,0.001,17.783783783783782,-7.538299665334948,2.447331788408697,0.008237333975788994,0.2532512137154464,5.495710947407569,7.400238824854263,-27.98912086668091,115.81460306501046,24.999118177404537,0.1928862362559071,17783783783.78378
0.0038,0.0057,0.0002200000000000000,0.0018000000000000002,3,0.029500000000000002,0.007,0.00003500000000000000,0.0005000000000000000,0.001,17.824324324324326,-7.549891560755519,2.4440078526592663,0.008242032491795259,0.39442580785592146,5.673784825495492,7.538728614436316,-27.98395958387443,116.48145828769421,23.43396494753067,0.1930055152179464,17824324324.32433
0.0038,0.0057,0.0002200000000000000,0.0018000000000000002,3,0.029500000000000002,0.007,0.00003500000000000000,0.0005000000000000000,0.001,17.864864864864867,-7.567257835477611,2.4390483729320036,0.008249048097542613,0.5359271166018588,5.831713111727346,7.657961509309134,-27.95799603428163,117.08570584155852,21.680771951169543,0.19399769092388036,17864864864.86486
0.0038,0.0057,0.0002200000000000000,0.0018000000000000002,3,0.029500000000000002,0.007,0.00003500000000000000,0.0005000000000000000,0.001,17.905405405405407,-7.59161111917428,2.432134137215052,0.00825883917165583,0.6784115820007929,5.962498643362228,7.754282932338533,-27.906681260635338,117.59938726006526,19.719927639582682,0.1960707747783458,17905405405.40541
0.0038,0.0057,0.0002200000000000000,0.0018000000000000002,3,0.029500000000000002,0.007,0.00003500000000000000,0.0005000000000000000,0.001,17.945945945945947,-7.624662508762375,2.422825462616001,0.008272039744521845,0.8225635702878021,6.057586606147136,7.822996320217474,-27.824306625910765,117.98441534331569,17.530309454315326,0.19950635082501786,17945945945.94595
0.0038,0.0057,0.0002200000000000000,0.0018000000000000002,3,0.029500000000000002,0.007,0.00003500000000000000,0.0005000000000000000,0.001,17.986486486486488,-7.668856195213661,2.4105119274476854,0.008289534257521661,0.9690886912014169,6.106825682436024,7.858155233630485,-27.703765235804436,118.18840818086711,15.091370654753339,0.20468845397460791,17986486486.48649
0.0038,0.0057,0.0002200000000000000,0.0018000000000000002,3,0.029500000000000002,0.007,0.00003500000000000000,0.0005000000000000000,0.001,18.027027027027028,-7.727712480236589,2.3943456215755834,0.008312558397904074,1.1186729996020017,6.098787940654455,7.852435328814403,-27.536415235666073,118.13946277759042,12.387645647174034,0.2121405874172959,18027027027.02703
0.0038,0.0057,0.0002200000000000000,0.0018000000000000002,3,0.029500000000000002,0.007,0.00003500000000000000,0.0005000000000000000,0.001,18.06756756756757,-7.806323557995753,2.3731579725084817,0.008342827780736493,1.2888485370481408,6.045330909136499,7.814200782453712,-27.312219459150672,117.74047965578121,9.41744522215177,0.22256905172739616,18067567567.56757
0.0038,0.0057,0.0002200000000000000,0.0018000000000000002,3,0.029500000000000002,0.007,0.00003500000000000000,0.0005000000000000000,0.001,18.10810810810811,-7.91204614279922,2.345370578311977,0.00838268212792535,1.6302259536879964,6.144010899610077,7.884519774720742,-27.02046384118836,116.86514973658035,6.208179423217409,0.23690303136003063,18108108108.10811
0.0038,0.0057,0.0002200000000000000,0.0018000000000000002,3,0.029500000000000002,0.007,0.00003500000000000000,0.0005000000000000000,0.001,18.14864864864865,-8.055394292602646,2.3089371982159044,0.008435193754773689,1.9913923128669506,6.171410004830035,7.903844002338971,-26.651501062469542,115.3607501812974,2.8405946748572415,0.256303673648436,18148648648.64865
0.0038,0.0057,0.0002200000000000000,0.0018000000000000002,3,0.029500000000000002,0.007,0.00003500000000000000,0.0005000000000000000,0.001,18.18918918918919,-8.25097481430722,2.261411838513128,0.008504100150208603,2.3677457252541623,6.11512381840373,7.864052550117307,-26.200023163865037,113.06763112674366,-0.5189479878810828,0.282078066119024,18189189189.18919
0.0038,0.0057,0.0002200000000000000,0.0018000000000000002,3,0.029500000000000002,0.007,0.00003500000000000000,0.0005000000000000000,0.001,18.22972972972973,-8.517848561644662,2.2003374032377345,0.008593255765665025,2.7482950223639016,5.9703141111860045,7.759971809059406,-25.670099405458473,109.86905897300177,-3.589017435714235,0.31537867288682925,18229729729.72973
0.0038,0.0057,0.0002200000000000000,0.0018000000000000002,3,0.029500000000000002,0.007,0.00003500000000000000,0.0005000000000000000,0.001,18.270270270270274,-8.877654190944789,2.1242506984025855,0.008705104919550339,3.1129452356381604,5.7437272426202,7.59193808003475,-25.081252745569653,105.77829695752983,-5.975950492684881,0.3565338062212971,18270270270.27027
0.0038,0.0057,0.0002200000000000000,0.0018000000000000002,3,0.029500000000000002,0.007,0.00003500000000000000,0.0005000000000000000,0.001,18.31081081081081,-9.347118863734075,2.034502543040923,0.008837780618378224,3.4314440615681314,5.454829313700692,7.367811656892222,-24.472935427327084,101.03717688280881,-7.25268674862556,0.40398314000455576,18310810810.81081
0.0038,0.0057,0.0002200000000000000,0.0018000000000000002,3,0.029500000000000002,0.007,0.00003500000000000000,0.0005000000000000000,0.001,18.351351351351354,-9.920819554522776,1.937391008447925,0.00898160081158281,3.667072190248195,5.132373796637992,7.103182790172841,-23.902573111115903,96.14714758737762,-7.128342683388196,0.4533033619159076,18351351351.35135
0.0038,0.0057,0.0002200000000000000,0.0018000000000000002,3,0.029500000000000002,0.007,0.00003500000000000000,0.0005000000000000000,0.001,18.39189189189189,-10.54637508268328,1.8447421192136455,0.009118215436654538,3.828808636128276,4.853574910911332,6.860617369877212,-23.432710242844337,91.74712033225414,-5.627981061468974,0.49752983242200777,18391891891.89189
0.0038,0.0057,0.0002200000000000000,0.0018000000000000002,3,0.029500000000000002,0.007,0.00003500000000000000,0.0005000000000000000,0.001,18.432432432432435,-11.114770693658434,1.7706154625447916,0.009226388475818838,4.596197305643969,5.440128745123239,7.356091777560793,-23.109577106249624,88.36783566815159,-3.1300602926231273,0.5296763142018699,18432432432.43243
0.0038,0.0057,0.0002200000000000000,0.0018000000000000002,3,0.029500000000000002,0.007,0.00003500000000000000,0.0005000000000000000,0.001,18.472972972972975,-11.502959910092391,1.7247282693879407,0.009292536547777187,5.081605508954434,5.9002996767886975,7.708740700608757,-22.94579241303301,86.23568727553308,-0.2038906892532981,0.546117987118575,18472972972.97297
0.0038,0.0057,0.0002200000000000000,0.0018000000000000002,3,0.029500000000000002,0.007,0.00003500000000000000,0.0005000000000000000,0.001,18.513513513513516,-11.654870727779212,1.7077172368564568,0.00931685494780801,5.334475969929326,6.233621151645481,7.947404044936839,-22.920234734003323,85.26287044115105,2.624033710963959,0.5479074333987518,18513513513.51352
0.0038,0.0057,0.0002200000000000000,0.0018000000000000002,3,0.029500000000000002,0.007,0.00003500000000000000,0.0005000000000000000,0.001,18.554054054054056,-11.610876385260152,1.7125913656428555,0.009309899469161095,5.41391783626551,6.451727387452389,8.096760083408522,-22.993392333381305,85.1811969095079,5.0102269027609525,0.5391576544431427,18554054054.05405
0.0038,0.0057,0.0002200000000000000,0.0018000000000000002,3,0.029500000000000002,0.007,0.00003500000000000000,0.0005000000000000000,0.001,18.594594594594597,-11.456055386622065,1.7300849398232339,0.009284854415822889,5.374099403718203,6.571478542652998,8.176630941675684,-23.12478055294561,85.68932240799832,6.802849260908676,0.5245016348434146,18594594594.59460
0.0038,0.0057,0.0002200000000000000,0.0018000000000000002,3,0.029500000000000002,0.007,0.00003500000000000000,0.0005000000000000000,0.001,18.635135135135137,-11.26250740591459,1.7527276633532796,0.009252262331636741,5.256527837991442,6.609800483567634,8.20188350530518,-23.28287628801479,86.5385944261162,7.980257771880017,0.5075331726817622,18635135135.13514
0.0038,0.0057,0.0002200000000000000,0.0018000000000000002,3,0.029500000000000002,0.007,0.00003500000000000000,0.0005000000000000000,0.001,18.675675675675677,-11.071443776155716,1.7759641680626177,0.009218631997936268,5.08864105620353,6.5805271197860415,8.182606832864996,-23.447300991100377,87.55830088113686,8.582318172942683,0.4904598063585633,18675675675.67567
0.0038,0.0057,0.0002200000000000000,0.0018000000000000002,3,0.029500000000000002,0.007,0.00003500000000000000,0.0005000000000000000,0.001,18.716216216216218,-10.899840343910261,1.7976217255222517,0.009187139601870408,4.933289405761528,6.564598416662773,8.17208163668176,-23.60698907406709,88.64825403566387,8.660125786530774,0.47437388987369417,18716216216.21622
0.0038,0.0057,0.0002200000000000000,0.0018000000000000002,3,0.029500000000000002,0.007,0.00003500000000000000,0.0005000000000000000,0.001,18.756756756756758,-10.750939064595995,1.8170472648253413,0.009158786771550685,4.766372106928363,6.519407779856285,8.142081464033913,-23.7573298751401,89.76053569140207,8.243726132484086,0.45965190492096103,18756756756.75676
0.0038,0.0057,0.0002200000000000000,0.0018000000000000002,3,0.029500000000000002,0.007,0.00003500000000000000,0.0005000000000000000,0.001,18.7972972972973,-10.62157814699513,1.83442161028731,0.00913335310515404,4.565886769132908,6.4116396248949465,8.069691042438885,-23.897501790710894,90.87925399160908,7.318420708194501,0.4462924837012158,18797297297.29730
0.0038,0.0057,0.0002200000000000000,0.0018000000000000002,3,0.029500000000000002,0.007,0.00003500000000000000,0.0005000000000000000,0.001,18.83783783783784,-10.506514202815243,1.8502795854656664,0.00911008489218176,4.3204034398101285,6.228144092795059,7.943586517415978,-24.027958838024567,91.99638336596993,5.79913672487006,0.4341918749650586,18837837837.83784
0.0038,0.0057,0.0002200000000000000,0.0018000000000000002,3,0.029500000000000002,0.007,0.00003500000000000000,0.0005000000000000000,0.001,18.878378378378383,-10.40160904767879,1.8650800829671108,0.009088326995263782,4.033237774675354,5.97742999024574,7.765144982084715,-24.147067763084017,93.06984160519578,3.4932588115350773,0.42345696377412845,18878378378.37838
0.0038,0.0057,0.0002200000000000000,0.0018000000000000002,3,0.029500000000000002,0.007,0.00003500000000000000,0.0005000000000000000,0.001,18.91891891891892,-10.308375267059358,1.8785166082843365,0.009068543723916698,3.6706272782316454,5.610905955920465,7.490329895790449,-24.244327104670642,93.92579456425788,0.0491225673094906,0.41498245751788554,18918918918.91892
0.0038,0.0057,0.0002200000000000000,0.0018000000000000002,3,0.029500000000000002,0.007,0.00003500000000000000,0.0005000000000000000,0.001,18.959459459459463,-10.244642180112397,1.8878586297004425,0.009054773732560143,3.1307545647118356,4.9929653952612725,6.983585561013431,-24.28405497318912,94.0128782480849,-5.065982213631948,0.4118289763370646,18959459459.45946
0.0038,0.0057,0.0002200000000000000,0.0018000000000000002,3,0.029500000000000002,0.007,0.00003500000000000000,0.0005000000000000000,0.001,19,-10.273863868879399,1.8835592740301679,0.009061112378828083,3.0971122587823245,4.8279919767973665,6.837665397112423,-24.168737971349856,91.86730515584186,-12.28561822456294,0.4226147845870602,19000000000.00000
0.0038,0.005889999999999999,0.0002000000000000000,0.001574,3,0.029500000000000002,0.007,0.00003500000000000000,0.0005000000000000000,0.001,16,-9.214892594977126,2.0587721070397653,0.008801851245854836,-4.926859889147355,7.024163123958235,8.46594588748318,-33.94706553091684,82.60649693371464,34.4350423638371,0.04578459979318869,16000000000.00000
0.0038,0.005889999999999999,0.0002000000000000000,0.001574,3,0.029500000000000002,0.007,0.00003500000000000000,0.0005000000000000000,0.001,16.04054054054054,-9.237615040230269,2.0545474428623107,0.008808103633093584,-4.847955984758649,6.982696700245236,8.440231784765693,-33.839363612001414,82.83594586127151,34.11220010640615,0.04690090501123528,16040540540.54054
0.0038,0.005889999999999999,0.0002000000000000000,0.001574,3,0.029500000000000002,0.007,0.00003500000000000000,0.0005000000000000000,0.001,16.08108108108108,-9.261153917935001,2.0501948622924417,0.008814546268054045,-4.766823197553812,6.934329905696562,8.410044996819696,-33.724868576914034,83.06002151987234,33.78099952358439,0.048118621872774124,16081081081.08108
0.0038,0.005889999999999999,0.0002000000000000000,0.001574,3,0.029500000000000002,0.007,0.00003500000000000000,0.0005000000000000000,0.001,16.121621621621625,-9.28556103207604,2.0457072003498475,0.008821189768138778,-4.683390009403468,6.879138615022041,8.375340605955037,-33.60345896484316,83.27811566347398,33.44134190110795,0.04944551885013306,16121621621.62162
0.0038,0.005889999999999999,0.0002000000000000000,0.001574,3,0.029500000000000002,0.007,0.00003500000000000000,0.0005000000000000000,0.001,16.162162162162165,-9.310891122376496,2.041077031205108,0.008828045130797992,-4.597608685368303,6.817236961478255,8.33608389975258,-33.475047138131,83.48956259614127,33.09316213724681,0.050889799697084376,16162162162.16216
0.0038,0.005889999999999999,0.0002000000000000000,0.001574,3,0.029500000000000002,0.007,0.00003500000000000000,0.0005000000000000000,0.001,16.202702702702705,-9.337201604175258,2.036296744100627,0.00883512361908069,-4.509459406754935,6.748775391864501,8.29224974489433,-33.3395828472782,83.69363448995213,32.73643925428317,0.052460096463542195,16202702702.70270
0.0038,0.005889999999999999,0.0002000000000000000,0.001574,3,0.029500000000000002,0.007,0.00003500000000000000,0.0005000000000000000,0.001,16.243243243243246,-9.364552084472516,2.031358659463419,0.008842436587185346,-4.418955399533687,6.673938722439782,8.243822148107668,-33.19705800773526,83.88953751788233,32.371209314302355,0.05416543623988176,16243243243.24324
0.0038,0.005889999999999999,0.0002000000000000000,0.001574,3,0.029500000000000002,0.007,0.00003500000000000000,0.0005000000000000000,0.001,16.283783783783782,-9.393003587912204,2.0262551950392957,0.008849995231374507,-4.326149183573305,6.592944167361209,8.190793979172794,-33.04751279586567,84.07640935897655,31.997581010321106,0.05601517327326886,16283783783.78378
0.0038,0.005889999999999999,0.0002000000000000000,0.001574,3,0.029500000000000002,0.007,0.00003500000000000000,0.0005000000000000000,0.001,16.324324324324326,-9.422617413342426,2.0209790932892187,0.00885781024954216,-4.231140020305239,6.506039308534492,8.133166828972719,-32.891043122594546,84.25331879515083,31.615754149331586,0.0580188765495256,16324324324.32432
0.0038,0.005889999999999999,0.0002000000000000000,0.001574,3,0.029500000000000002,0.007,0.00003500000000000000,0.0005000000000000000,0.001,16.364864864864867,-9.45345352798867,2.0155237225161846,0.00886589139093595,-4.134082570986509,6.413499988614616,8.070950983036493,-32.72780948606424,84.41926830677347,31.22604114047554,0.060186161283901266,16364864864.86486
0.0038,0.005889999999999999,0.0002000000000000000,0.001574,3,0.029500000000000002,0.007,0.00003500000000000000,0.0005000000000000000,0.001,16.405405405405407,-9.485568393823073,2.009883464919005,0.008874246876517583,-4.035196690693303,6.315628134219338,8.004165507201996,-32.55804713414463,84.57320078013274,30.82889142896838,0.06252645119804866,16405405405.40541
0.0038,0.005889999999999999,0.0002000000000000000,0.001574,3,0.029500000000000002,0.007,0.00003500000000000000,0.0005000000000000000,0.001,16.445945945945947,-9.519012111871762,2.00405420457185,0.008882882670833068,-3.9347781717899837,6.212749548022634,7.932838464339551,-32.38207737825596,84.71401164979899,30.42491855154817,0.06504865728113585,16445945945.94595
0.0038,0.005889999999999999,0.0002000000000000000,0.001574,3,0.029500000000000002,0.007,0.00003500000000000000,0.0005000000000000000,0.001,16.486486486486488,-9.553824768915074,1.998033926581385,0.008891801588997167,-3.833210112437792,6.105211739493163,7.857007306394341,-32.200319785629226,84.84056798462804,30.014929107850786,0.06776075840073392,16486486486.48649
0.0038,0.005889999999999999,0.0002000000000000000,0.001574,3,0.029500000000000002,0.007,0.00003500000000000000,0.0005000000000000000,0.001,16.527027027027028,-9.590031882829816,1.99182343458161,0.008901002228661603,-3.7309744196316856,5.993381889058052,7.776719511532799,-32.01330483339727,84.95173614566343,29.5999524225064,0.07066927028058623,16527027027.02703
0.0038,0.005889999999999999,0.0002000000000000000,0.001574,3,0.029500000000000002,0.007,0.00003500000000000000,0.0005000000000000000,0.001,16.56756756756757,-9.627638875196991,1.9854271863110113,0.008910477728087363,-3.621419429048859,5.887456201617681,7.699276893146154,-31.821686432093827,85.04641963456767,29.181269003726523,0.07377859283947982,16567567567.56757
0.0038,0.005889999999999999,0.0002000000000000000,0.001574,3,0.029500000000000002,0.007,0.00003500000000000000,0.0005000000000000000,0.001,16.60810810810811,-9.666624561887097,1.9788542352325384,0.008920214369218873,-3.497998819612173,5.796966111883309,7.63200761563613,-31.626253521250067,85.12360853026158,28.760435095963047,0.07709023267631168,16608108108.10811
0.0038,0.005889999999999999,0.0002000000000000000,0.001574,3,0.029500000000000002,0.007,0.00003500000000000000,0.0005000000000000000,0.001,16.64864864864865,-9.706933754465478,1.9721192490204187,0.008930190070382982,-3.375975062136642,5.70239329859962,7.560571676421642,-31.427939713344454,85.18244138018277,28.33929972106908,0.0806019086762074,16648648648.64865
0.0038,0.005889999999999999,0.0002000000000000000,0.001574,3,0.029500000000000002,0.007,0.00003500000000000000,0.0005000000000000000,0.001,16.68918918918919,-9.74846921680068,1.965243552704522,0.008940372847649416,-3.2562984747921653,5.604137168266077,7.485087566444295,-31.227829732134815,85.22227946658106,27.92000970238614,0.08430656522854964,16689189189.18919
0.0038,0.005889999999999999,0.0002000000000000000,0.001574,3,0.029500000000000002,0.007,0.00003500000000000000,0.0005000000000000000,0.001,16.729729729729733,-9.791083427480142,1.95825611567949,0.008950719366358283,-3.1400410866192736,5.502625427041446,7.4056995066221525,-31.027161185013924,85.24279192236285,27.50499743403916,0.08819133984769355,16729729729.72973
0.0038,0.005889999999999999,0.0002000000000000000,0.001574,3,0.029500000000000002,0.007,0.00003500000000000000,0.0005000000000000000,0.001,16.770270270270274,-9.83457085552503,1.9511943695313538,0.00896117375189844,-3.0283885642854673,5.398312833035574,7.322580483798955,-30.827320066878446,85.24404819518743,27.096945832513658,0.0922365595310865,16770270270.27027
0.0038,0.005889999999999999,0.0002000000000000000,0.001574,3,0.029500000000000002,0.007,0.00003500000000000000,0.0005000000000000000,0.001,16.81081081081081,-9.878661744108681,1.944104711850645,0.008971666875178419,-2.922624213620997,5.291679774645697,7.2359355503318445,-30.62982836869631,85.22661192976268,26.698725291356634,0.09641487079761106,16810810810.81081
0.0038,0.005889999999999999,0.0002000000000000000,0.001574,3,0.029500000000000002,0.007,0.00003500000000000000,0.0005000000000000000,0.001,16.85135135135135,-9.923018670801415,1.9370425267835465,0.008982116362988629,-2.824103878734067,5.183230484006621,7.146005211502913,-30.436322319913394,85.19162769456702,26.313298872694485,0.10069063760978404,16851351351.35135
0.0038,0.005889999999999999,0.0002000000000000000,0.001574,3,0.029500000000000002,0.007,0.00003500000000000000,0.0005000000000000000,0.001,16.89189189189189,-9.967237341570982,1.930071545618788,0.008992427592350975,-2.7042282549951313,5.108649927119268,7.083061434477017,-30.248520194116967,85.14088955873432,25.943594665716642,0.10501976231828372,16891891891.89189
0.0038,0.005889999999999999,0.0002000000000000000,0.001574,3,0.029500000000000002,0.007,0.00003500000000000000,0.0005000000000000000,0.001,16.93243243243243,-10.010853082626888,1.9232623913600084,0.00900249589468939,-2.5832449461283247,5.044944204667222,7.028563674531796,-30.068179300691508,85.07687896194342,25.592348286944922,0.1093500882668082,16932432432.43243
0.0038,0.005889999999999999,0.0002000000000000000,0.001574,3,0.029500000000000002,0.007,0.00003500000000000000,0.0005000000000000000,0.001,16.972972972972975,-10.053354213811163,1.916690209981815,0.009012210105993184,-2.47374229972399,4.979220471361554,6.971613565176562,-29.89704278403792,85.0027593613439,25.261923626371253,0.11362251905135624,16972972972.97297
0.0038,0.005889999999999999,0.0002000000000000000,0.001574,3,0.029500000000000002,0.007,0.00003500000000000000,0.0005000000000000000,0.001,17.013513513513516,-10.094202838873095,1.9104313925370895,0.009021457447147696,-2.3770513703317793,4.911898438342136,6.912493784662587,-29.736778105380438,84.92231746209688,24.95412546358194,0.11777293129293523,17013513513.51351
0.0038,0.005889999999999999,0.0002000000000000000,0.001574,3,0.029500000000000002,0.007,0.00003500000000000000,0.0005000000000000000,0.001,17.054054054054056,-10.13286256264783,1.9045595308699423,0.00903012951364126,-2.2943197047985073,4.84343030138908,6.851530544723651,-29.588910457730222,84.83984578674475,24.67002237204084,0.12173486404209997,17054054054.05405
0.0038,0.005889999999999999,0.0002000000000000000,0.001574,3,0.029500000000000002,0.007,0.00003500000000000000,0.0005000000000000000,0.001,17.094594594594597,-10.168831351889827,1.899140906015095,0.009038128925423262,-2.2264510158015756,4.774292193809597,6.7890899495475265,-29.454755644521736,84.7599686519448,24.40980103989952,0.12544284741633194,17094594594.59460
0.0038,0.005889999999999999,0.0002000000000000000,0.001574,3,0.029500000000000002,0.007,0.00003500000000000000,0.0005000000000000000,0.001,17.135135135135137,-10.201676441945345,1.8942299496505524,0.009045375984322456,-2.174051512328546,4.704974333661892,6.725572586284373,-29.335357862029312,84.68742227347619,24.172672525657465,0.12883610603056944,17135135135.13514
0.0038,0.005889999999999999,0.0002000000000000000,0.001574,3,0.029500000000000002,0.007,0.00003500000000000000,0.0005000000000000000,0.001,17.175675675675677,-10.231067204837213,1.889865205497279,0.009051814565775917,-2.1373880021411775,4.635970434198346,6.661406575966802,-29.23143809333724,84.62680800537025,23.956846392221127,0.13186226828975442,17175675675.67568
0.0038,0.005889999999999999,0.0002000000000000000,0.001574,3,0.029500000000000002,0.007,0.00003500000000000000,0.0005000000000000000,0.001,17.216216216216218,-10.256801588764173,1.886066314746916,0.009057416482651577,-2.108255036854878,4.57630183110916,6.605146607286424,-29.143358262662172,84.58234363880496,23.75958045429824,0.13448066115571083,17216216216.21622
0.0038,0.005889999999999999,0.0002000000000000000,0.001574,3,0.029500000000000002,0.007,0.00003500000000000000,0.0005000000000000000,0.001,17.256756756756758,-10.278822332675652,1.8828324421319915,0.009062183721858899,-2.0926698163403143,4.519354097552645,6.550763702288501,-29.07110489276676,84.55763956150065,23.577303445422526,0.13666479307844434,17256756756.75676
0.0038,0.005889999999999999,0.0002000000000000000,0.001574,3,0.029500000000000002,0.007,0.00003500000000000000,0.0005000000000000000,0.001,17.2972972972973,-10.297220618190062,1.8801423607761982,0.00906614824740002,-2.0931989230659775,4.462028272815562,6.49532317783069,-29.014293938335666,84.55552365977046,23.405797457639643,0.13840372851316005,17297297297.29730
0.0038,0.005889999999999999,0.0002000000000000000,0.001574,3,0.029500000000000002,0.007,0.00003500000000000000,0.0005000000000000000,0.001,17.33783783783784,-10.312226830324775,1.8779561663814366,0.009069369424581003,-2.1088393827409053,4.404663784155387,6.439127635406299,-28.97219609346059,84.57793164546588,23.240418859402634,0.13970221699794086,17337837837.83784
0.0038,0.005889999999999999,0.0002000000000000000,0.001574,3,0.029500000000000002,0.007,0.00003500000000000000,0.0005000000000000000,0.001,17.378378378378383,-10.324190155234902,1.87621835261603,0.009071929465308742,-2.138286504174787,4.347593974245912,6.382489781515417,-28.943779636676318,84.6258696679939,23.076332284184385,0.1405796220677148,17378378378.37838
0.0038,0.005889999999999999,0.0002000000000000000,0.001574,3,0.029500000000000002,0.007,0.00003500000000000000,0.0005000000000000000,0.001,17.41891891891892,-10.333550336117955,1.874861804278485,0.009073927545846698,-2.179988247095835,4.291144124257068,6.325731011834325,-28.927766187351057,84.69944588517833,22.908732800344026,0.1410678586886561,17418918918.91892
0.0038,0.005889999999999999,0.0002000000000000000,0.001574,3,0.029500000000000002,0.007,0.00003500000000000000,0.0005000000000000000,0.001,17.459459459459463,-10.340805697806516,1.873812186371272,0.009075473359023277,-2.2322054548991748,4.2356310819467184,6.269181265884099,-28.922693858246017,84.79795925006853,22.733035897123823,0.1412086587366938,17459459459.45946
0.0038,0.005889999999999999,0.0002000000000000000,0.001574,3,0.029500000000000002,0.007,0.00003500000000000000,0.0005000000000000000,0.001,17.5,-10.346481466562958,1.8729922294191854,0.009076680828203188,-2.2930727549295287,4.1813643677708034,6.213180140027777,-28.92698225283833,84.92002852404275,22.54502193775946,0.1410505261481622,17500000000.00000
0.0038,0.005889999999999999,0.0002000000000000000,0.001574,3,0.029500000000000002,0.007,0.00003500000000000000,0.0005000000000000000,0.001,17.540540540540544,-10.35110163404054,1.8723255117718138,0.009077662563199718,-2.360655733222695,4.128648454011804,6.158079051603441,-28.93899443462363,85.06374284726051,22.34092941747944,0.14064572027903816,17540540540.54054
0.0038,0.005889999999999999,0.0002000000000000000,0.001574,3,0.029500000000000002,0.007,0.00003500000000000000,0.0005000000000000000,0.001,17.581081081081084,-10.355166464459442,1.8717394813987545,0.009078525431931564,-2.3446545951460953,4.161587862509577,6.192590682108897,-28.95709213210981,85.22681659063628,22.117498148225827,0.14004753601165262,17581081081.08108
0.0038,0.005889999999999999,0.0002000000000000000,0.001574,3,0.029500000000000002,0.007,0.00003500000000000000,0.0005000000000000000,0.001,17.62162162162162,-10.359136553126607,1.8711676053388073,0.009079367409961177,-2.2464086908935403,4.279400139679511,6.313828965166709,-28.97968174786807,85.40673463865731,21.871968395005464,0.13930805682446565,17621621621.62162
0.0038,0.005889999999999999,0.0002000000000000000,0.001574,3,0.029500000000000002,0.007,0.00003500000000000000,0.0005000000000000000,0.001,17.662162162162165,-10.363423356592286,1.8705506566610672,0.009080275693166662,-2.1593453768198807,4.392274699364186,6.426894937114703,-29.005249967265563,85.6008785416896,21.602044700561862,0.13847646505800953,17662162162.16216
0.0038,0.005889999999999999,0.0002000000000000000,0.001574,3,0.029500000000000002,0.007,0.00003500000000000000,0.0005000000000000000,0.001,17.7027027027027,-10.368385450396179,1.8698372323015595,0.009081325937246025,-2.0824472897835316,4.499284022011574,6.5314340932449335,-29.032388751133595,85.80662814570644,21.305833874565135,0.13759791770736937,17702702702.70270
0.0038,0.005889999999999999,0.0002000000000000000,0.001574,3,0.029500000000000002,0.007,0.00003500000000000000,0.0005000000000000000,0.001,17.743243243243246,-10.374329439488118,1.8689836386536571,0.009082582424194692,-2.014783432350592,4.5995148181867,6.627120223560617,-29.059810178274994,86.02143671682845,20.981765910228333,0.13671294363300138,17743243243.24324
0.0038,0.005889999999999999,0.0002000000000000000,0.001574,3,0.029500000000000002,0.007,0.00003500000000000000,0.0005000000000000000,0.001,17.783783783783782,-10.381514389021788,1.867953291723136,0.00908409894114503,-1.9555296731742162,4.692065723977239,6.713640868537071,-29.08635198398859,86.2428799404708,20.628505023566323,0.13585728954154128,17783783783.78378
0.0038,0.005889999999999999,0.0002000000000000000,0.001574,3,0.029500000000000002,0.007,0.00003500000000000000,0.0005000000000000000,0.001,17.824324324324326,-10.390158772356548,1.866715764924273,0.009085920176697971,-1.9039829586956745,4.7760415703469885,6.790680982079413,-29.110974770260604,86.46868047348991,20.244856112045824,0.1350621335560634,17824324324.32433
0.0038,0.005889999999999999,0.0002000000000000000,0.001574,3,0.029500000000000002,0.007,0.00003500000000000000,0.0005000000000000000,0.001,17.864864864864867,-10.400449165706952,1.8652455900784937,0.009088083479781833,-1.84376960849275,4.868223716066054,6.873705277380879,-29.13275180933138,86.69671010555092,19.829670080461263,0.13435459106573444,17864864864.86486
0.0038,0.005889999999999999,0.0002000000000000000,0.001574,3,0.029500000000000002,0.007,0.00003500000000000000,0.0005000000000000000,0.001,17.905405405405407,-10.412550192896452,1.8635208836075028,0.009090620874888539,-1.7647317644783767,4.979727616096474,6.972055881288983,-29.15085218722153,86.92497124100306,19.381749910427263,0.13375845244131893,17905405405.40541
0.0038,0.005889999999999999,0.0002000000000000000,0.001574,3,0.029500000000000002,0.007,0.00003500000000000000,0.0005000000000000000,0.001,17.945945945945947,-10.42661550202622,1.861521835235846,0.009093561278011668,-1.6919066347294889,5.081537240050986,7.059951126539273,-29.164517784387893,87.15155852687835,18.899758167294593,0.13329511199025945,17945945945.94595
0.0038,0.005889999999999999,0.0002000000000000000,0.001574,3,0.029500000000000002,0.007,0.00003500000000000000,0.0005000000000000000,0.001,17.986486486486488,-10.442799824622783,1.8592290629824821,0.009096932906386959,-1.625048704696395,5.172417239134825,7.136935504978283,-29.17303429344819,87.37460014909999,18.382125884408634,0.13298466972564885,17986486486.48649
0.0038,0.005889999999999999,0.0002000000000000000,0.001574,3,0.029500000000000002,0.007,0.00003500000000000000,0.0005000000000000000,0.001,18.027027027027028,-10.461272431149629,1.8566218059400665,0.009100765921953486,-1.5640047533021812,5.251061236181432,7.202470829186737,-29.175696140947252,87.5921766440705,17.82696245990424,0.13284721115476206,18027027027.02703
0.0038,0.005889999999999999,0.0002000000000000000,0.001574,3,0.029500000000000002,0.007,0.00003500000000000000,0.0005000000000000000,0.001,18.06756756756757,-10.482232572689007,1.8536758938531408,0.009105095395306753,-1.5087078371848408,5.316063966364084,7.255901980178376,-29.17176481419878,87.80221299178056,17.231966398183264,0.13290429567996215,18067567567.56757
0.0038,0.005889999999999999,0.0002000000000000000,0.001574,3,0.029500000000000002,0.007,0.00003500000000000000,0.0005000000000000000,0.001,18.10810810810811,-10.505927816941899,1.8503613971880677,0.009109964727431776,-1.4591720277478768,5.365886261359491,7.296414628593151,-29.160419701880727,88.00233715713483,16.594337563052136,0.13318071261729736,18108108108.10811
0.0038,0.005889999999999999,0.0002000000000000000,0.001574,3,0.029500000000000002,0.007,0.00003500000000000000,0.0005000000000000000,0.001,18.14864864864865,-10.532676588970295,1.8466398197853122,0.009115429725392924,-1.4154883171183108,5.398813582855117,7.322983318544463,-29.14070016305565,88.18969494723453,15.910693377674642,0.13370659725386105,18148648648.64865
0.0038,0.005889999999999999,0.0002000000000000000,0.001574,3,0.029500000000000002,0.007,0.00003500000000000000,0.0005000000000000000,0.001,18.18918918918919,-10.562896768212564,1.842460644385532,0.00912156360055571,-1.3778215985716504,5.412910571710169,7.334308520432825,-29.11143721281593,88.36070683611051,15.176994668602003,0.13452004009848798,18189189189.18919
0.0038,0.005889999999999999,0.0002000000000000000,0.001574,3,0.029500000000000002,0.007,0.00003500000000000000,0.0005000000000000000,0.001,18.22972972972973,-10.59714294495832,1.8377569755237466,0.009128463248351336,-1.3464078573124596,5.405977034817469,7.328741964361003,-29.07117310759545,88.51074709036278,14.38849260396196,0.1356703726313799,18229729729.72973
0.0038,0.005889999999999999,0.0002000000000000000,0.001574,3,0.029500000000000002,0.007,0.00003500000000000000,0.0005000000000000000,0.001,18.270270270270274,-10.636155990674212,1.8324399425248086,0.009136257278094643,-1.3215495163925441,5.375515562212752,7.304201234874386,-29.018067542682353,88.63371915172226,13.53971811440365,0.13722237284857705,18270270270.27027
0.0038,0.005889999999999999,0.0002000000000000000,0.001574,3,0.029500000000000002,0.007,0.00003500000000000000,0.0005000000000000000,0.001,18.31081081081081,-10.680930048125443,1.8263914312115936,0.009145116381324515,-1.3036050050877768,5.318728344404151,7.258078091701576,-28.949790729724473,88.72149448888287,12.624552082547286,0.139261699331508,18310810810.81081
0.0038,0.005889999999999999,0.0002000000000000000,0.001574,3,0.029500000000000002,0.007,0.00003500000000000000,0.0005000000000000000,0.001,18.351351351351354,-10.732803982228392,1.8194546244686465,0.009155266725182309,-1.292965636146567,5.232571531718652,7.187151740615313,-28.86340736325403,88.76317730698229,11.63644276184572,0.14190191693422613,18351351351.35135
0.0038,0.005889999999999999,0.0002000000000000000,0.001574,3,0.029500000000000002,0.007,0.00003500000000000000,0.0005000000000000000,0.001,18.39189189189189,-10.793586729146638,1.8114218003800946,0.009167007047514879,-1.2900081511672554,5.113909870264243,7.087530695659858,-28.75526319450625,88.74416040072879,10.568882560360306,0.14529347645798676,18391891891.89189
0.0038,0.005889999999999999,0.0002000000000000000,0.001574,3,0.029500000000000002,0.007,0.00003500000000000000,0.0005000000000000000,0.001,18.432432432432435,-10.865728479062026,1.8020189869268908,0.009180729811500823,-1.2950039299545475,4.9598306677762,6.954668496140391,-28.620900362982262,88.64496111488816,9.416327114058818,0.14963485164373566,18432432432.43243
0.0038,0.005889999999999999,0.0002000000000000000,0.001574,3,0.029500000000000002,0.007,0.00003500000000000000,0.0005000000000000000,0.001,18.472972972972975,-10.95255095745104,1.7908876806936682,0.009196945714127717,-0.8622638506407977,5.283509414350241,7.22922485601882,-28.455052476391746,88.43989771185943,8.17584100888542,0.15518549624828343,18472972972.97297
0.0038,0.005889999999999999,0.0002000000000000000,0.001574,3,0.029500000000000002,0.007,0.00003500000000000000,0.0005000000000000000,0.001,18.513513513513516,-11.058546726094988,1.777565474765305,0.009216308155336545,-0.4015133604473424,5.618062574640331,7.495865721154095,-28.25180920821737,88.0958357048759,6.849878426741421,0.16227891369191047,18513513513.51352
0.0038,0.005889999999999999,0.0002000000000000000,0.001574,3,0.029500000000000002,0.007,0.00003500000000000000,0.0005000000000000000,0.001,18.554054054054056,-11.189740798699246,1.7614711902920324,0.009239628342920442,0.07012859684116718,5.931665011873388,7.731766164624013,-28.005092543746805,87.57158211431722,5.450701254111414,0.1713311157880755,18554054054.05405
0.0038,0.005889999999999999,0.0002000000000000000,0.001574,3,0.029500000000000002,0.007,0.00003500000000000000,0.0005000000000000000,0.001,18.594594594594597,-11.354058627252632,1.7419077499318139,0.009267859996000846,0.5450318085442099,6.200783999978874,7.9244660326259195,-27.709639578667332,86.81912854755531,4.0068416411677426,0.1828338386899176,18594594594.59460
0.0038,0.005889999999999999,0.0002000000000000000,0.001574,3,0.029500000000000002,0.007,0.00003500000000000000,0.0005000000000000000,0.001,18.635135135135137,-11.56152375389574,1.7181096991821414,0.009302012532887826,1.0114343015713443,6.39720306615438,8.059901367282832,-27.362697862568808,85.7888461022195,2.5713650105637758,0.19731190673493604,18635135135.13514
0.0038,0.005889999999999999,0.0002000000000000000,0.001574,3,0.029500000000000002,0.007,0.00003500000000000000,0.0005000000000000000,0.001,18.675675675675677,-11.823851524477782,1.689381952946586,0.009342925145507998,1.4519371603723816,6.491252292328187,8.12328488970385,-26.966519035912874,84.4415180227954,1.229878703289993,0.2152113773911941,18675675675.67567
0.0038,0.005889999999999999,0.0002000000000000000,0.001574,3,0.029500000000000002,0.007,0.00003500000000000000,0.0005000000000000000,0.001,18.716216216216218,-12.152550656099862,1.6553919475249033,0.009390820984936085,1.8421656158821023,6.457364747516338,8.100553184423388,-26.531351950840882,82.76939625734809,0.10281939853636093,0.2366798269925215,18716216216.21622
0.0038,0.005889999999999999,0.0002000000000000000,0.001574,3,0.029500000000000002,0.007,0.00003500000000000000,0.0005000000000000000,0.001,18.756756756756758,-12.554098506524234,1.6166536682698205,0.00944462011100684,2.15046157054646,6.280884246075542,7.980207896222092,-26.077901384951115,80.82376053816563,-0.667242762051525,0.26123139369548837,18756756756.75676
0.0038,0.005889999999999999,0.0002000000000000000,0.001574,3,0.029500000000000002,0.007,0.00003500000000000000,0.0005000000000000000,0.001,18.7972972972973,-13.020871099052137,1.5751122357239524,0.009501215567742576,2.539011131055844,6.243314653006464,7.954152232255137,-25.63734938453009,78.73634274265973,-0.9515786550151324,0.2873994216739333,18797297297.29730
0.0038,0.005889999999999999,0.0002000000000000000,0.001574,3,0.029500000000000002,0.007,0.00003500000000000000,0.0005000000000000000,0.001,18.83783783783784,-13.519314792599538,1.5344670091069912,0.009555298575371844,2.9264204115801573,6.274444924198284,7.9757531150438865,-25.246890083001027,76.71257331097787,-0.6896183690912587,0.3126559728327764,18837837837.83784
0.0038,0.005889999999999999,0.0002000000000000000,0.001574,3,0.029500000000000002,0.007,0.00003500000000000000,0.0005000000000000000,0.001,18.878378378378383,-13.984332586666817,1.4996452292071476,0.009600454042145906,3.13943202258647,6.17010118773698,7.902922863858284,-24.94057311156795,74.98215591939126,0.0662934741305164,0.333926523351411,18878378378.37838
0.0038,0.005889999999999999,0.0002000000000000000,0.001574,3,0.029500000000000002,0.007,0.00003500000000000000,0.0005000000000000000,0.001,18.91891891891892,-14.335346579026416,1.4751546859398816,0.009631476368527627,3.169701787872788,5.950647521251593,7.745642261664807,-24.739011839762902,73.72442571193118,1.1518116710085464,0.3486630722412039,18918918918.91892
0.0038,0.005889999999999999,0.0002000000000000000,0.001574,3,0.029500000000000002,0.007,0.00003500000000000000,0.0005000000000000000,0.001,18.959459459459463,-14.515933955190617,1.4631138751962778,0.009646486010657542,3.0285010799398826,5.644284611637555,7.516089048249114,-24.643896580062275,73.01421608883653,2.3441559613491854,0.35582888779814587,18959459459.45946
0.0038,0.005889999999999999,0.0002000000000000000,0.001574,3,0.029500000000000002,0.007,0.00003500000000000000,0.0005000000000000000,0.001,19,-14.525159080888447,1.462508585991539,0.009647236135262284,2.7418639503796416,5.280116590937458,7.22643512352323,-24.640542084400813,72.82038906086622,3.4328536200355306,0.35607614762671813,19000000000.00000
0.0038,0.005889999999999999,0.0002000000000000000,0.0018000000000000002,3,0.029500000000000002,0.007,0.00003500000000000000,0.0005000000000000000,0.001,16,-6.7249477790297405,2.710952893249676,0.007874284094642428,-2.6574969848845753,5.595895926055249,7.4786962877185905,-31.174082477038972,108.04280821593545,49.642812533959884,0.09691269542588134,16000000000.00000
0.0038,0.005889999999999999,0.0002000000000000000,0.0018000000000000002,3,0.029500000000000002,0.007,0.00003500000000000000,0.0005000000000000000,0.001,16.04054054054054,-6.753841951413396,2.70043968697993,0.007888379814590188,-2.516217071483251,5.559275500450893,7.450181968593616,-30.996520908916644,108.43657601915665,48.89364411723921,0.1007766914145172,16040540540.54054
0.0038,0.005889999999999999,0.0002000000000000000,0.0018000000000000002,3,0.029500000000000002,0.007,0.00003500000000000000,0.0005000000000000000,0.001,16.08108108108108,-6.784734718159776,2.689303256759258,0.007903347152932706,-2.374904407615773,5.51222681292054,7.413270792865816,-30.810064613921536,108.79783049105272,48.11796450709123,0.10499835134497695,16081081081.08108
0.0038,0.005889999999999999,0.0002000000000000000,0.0018000000000000002,3,0.029500000000000002,0.007,0.00003500000000000000,0.0005000000000000000,0.001,16.121621621621625,-6.817716046358235,2.6775308972628182,0.007919209313264043,-2.234129099047923,5.455070956548208,7.3680040402370475,-30.615314919384584,109.1224741269481,47.31775445069316,0.10959397673825234,16121621621.62162
0.0038,0.005889999999999999,0.0002000000000000000,0.0018000000000000002,3,0.029500000000000002,0.007,0.00003500000000000000,0.0005000000000000000,0.001,16.162162162162165,-6.852860886908564,2.6651173084044033,0.007935979952025092,-2.0945929827323577,5.388215668098137,7.31444970419626,-30.413037066655694,109.40633953220609,46.49570679740483,0.11457654741002077,16162162162.16216
0.0038,0.005889999999999999,0.0002000000000000000,0.0018000000000000002,3,0.029500000000000002,0.007,0.00003500000000000000,0.0005000000000000000,0.001,16.202702702702705,-6.890222130944794,2.6520668165602017,0.007953660031207921,-1.9571376469060773,5.312141828192828,7.252696616873811,-30.204164026806374,109.64529997894063,45.655320320276225,0.11995450795251278,16202702702.70270
0.0038,0.005889999999999999,0.0002000000000000000,0.0018000000000000002,3,0.029500000000000002,0.007,0.00003500000000000000,0.0005000000000000000,0.001,16.243243243243246,-6.929821930002818,2.6383959316822043,0.007972234139459534,-1.8227498192232405,5.227390478138071,7.182849424483786,-29.9897987920141,109.8354150634724,44.80098343034249,0.1257303358470576,16243243243.24324
0.0038,0.005889999999999999,0.0002000000000000000,0.0018000000000000002,3,0.029500000000000002,0.007,0.00003500000000000000,0.0005000000000000000,0.001,16.283783783783782,-6.971641317175122,2.624136189718807,0.007991666334844685,-1.6925633027875555,5.134551082177833,7.1050247888644,-29.771214660744075,109.97311431168131,43.938037201915606,0.13189890521408484,16283783783.78378
0.0038,0.005889999999999999,0.0002000000000000000,0.0018000000000000002,3,0.029500000000000002,0.007,0.00003500000000000000,0.0005000000000000000,0.001,16.324324324324326,-7.015608226805286,2.609337174146052,0.008011895641918867,-1.5678564904540584,5.034251551818074,7.019349126102407,-29.549852778530354,110.05541882416941,43.07280446447664,0.13844568943319455,16324324324.32432
0.0038,0.005889999999999999,0.0002000000000000000,0.0018000000000000002,3,0.029500000000000002,0.007,0.00003500000000000000,0.0005000000000000000,0.001,16.364864864864867,-7.061584259351012,2.594069537563905,0.008032831443033073,-1.450044342683154,4.927150314821096,6.925958116967811,-29.32731591926874,110.08019683774748,42.212569559827095,0.14534488547492327,16364864864.86486
0.0038,0.005889999999999999,0.0002000000000000000,0.0018000000000000002,3,0.029500000000000002,0.007,0.00003500000000000000,0.0005000000000000000,0.001,16.405405405405407,-7.109350889108253,2.5784277567672365,0.008054349136697558,-1.3331503357391372,4.8222657622104865,6.83251141313313,-29.105357235846,110.0464433366162,41.36549242130539,0.15255759200456082,16405405405.40541
0.0038,0.005889999999999999,0.0002000000000000000,0.0018000000000000002,3,0.029500000000000002,0.007,0.00003500000000000000,0.0005000000000000000,0.001,16.445945945945947,-7.158596262453311,2.5625322603971346,0.008076286584078553,-1.215192016776865,4.7236615507343425,6.74278772956267,-28.885862533078384,109.95456683681631,40.54044177810348,0.1600302285065589,16445945945.94595
0.0038,0.005889999999999999,0.0002000000000000000,0.0018000000000000002,3,0.029500000000000002,0.007,0.00003500000000000000,0.0005000000000000000,0.001,16.486486486486488,-7.208904249555312,2.546530482606376,0.008098442006364101,-1.1083215924510423,4.620104266734747,6.646517768454273,-28.67082459572334,109.80665892873749,39.74673642421699,0.16769343619190857,16486486486.48649
0.0038,0.005889999999999999,0.0002000000000000000,0.0018000000000000002,3,0.029500000000000002,0.007,0.00003500000000000000,0.0005000000000000000,0.001,16.527027027027028,-7.259747914641752,2.5305963426813802,0.008120574095464255,-1.014325197509058,4.512165763799257,6.543850459799277,-28.4623083234196,109.60671540544138,38.99379127527407,0.17546174099417575,16527027027.02703
0.0038,0.005889999999999999,0.0002000000000000000,0.0018000000000000002,3,0.029500000000000002,0.007,0.00003500000000000000,0.0005000000000000000,0.001,16.56756756756757,-7.310489925172728,2.51492765953494,0.008142405110967683,-0.9349865906105176,4.400425197783506,6.434946428791941,-28.262405958052984,109.3607736541914,38.29067643002784,0.18323426821042751,16567567567.56757
0.0038,0.005889999999999999,0.0002000000000000000,0.0018000000000000002,3,0.029500000000000002,0.007,0.00003500000000000000,0.0005000000000000000,0.001,16.60810810810811,-7.3603924459622245,2.499741112824622,0.008163627606145333,-0.872027792192118,4.28547202412576,6.319986643415939,-28.073182579386675,109.07693149679037,37.645611745465445,0.19089675958543448,16608108108.10811
0.0038,0.005889999999999999,0.0002000000000000000,0.0018000000000000002,3,0.029500000000000002,0.007,0.00003500000000000000,0.0005000000000000000,0.001,16.64864864864865,-7.408638561882892,2.485264581690264,0.008183915115238452,-0.8270413598510705,4.1679097566173136,6.199183070699182,-27.896613268932295,108.76521955066919,37.06543442890956,0.19832504292001515,16648648648.64865
0.0038,0.005889999999999999,0.0002000000000000000,0.0018000000000000002,3,0.029500000000000002,0.007,0.00003500000000000000,0.0005000000000000000,0.001,16.68918918918919,-7.45436609631969,2.4717270280230945,0.008202936636515517,-0.8014172569298099,4.048359855441016,6.072791096336609,-27.73451478465113,108.43731310449347,36.5550896946388,0.2053899384092858,16689189189.18919
0.0038,0.005889999999999999,0.0002000000000000000,0.0018000000000000002,3,0.029500000000000002,0.007,0.00003500000000000000,0.0005000000000000000,0.001,16.729729729729733,-7.496712842981559,2.459346509305979,0.008220374108102215,-0.7962684745624831,3.9274651343643434,5.941123383280812,-27.588476031119495,108.10608938768928,36.117201027339114,0.21196336925913536,16729729729.72973
0.0038,0.005889999999999999,0.0002000000000000000,0.0018000000000000002,3,0.029500000000000002,0.007,0.00003500000000000000,0.0005000000000000000,0.001,16.770270270270274,-7.53486994047954,2.44831733248069,0.008235941407502808,-0.6594706044283012,3.9422618094047936,5.957454628161251,-27.459792749788544,107.78505889641451,35.75177405080588,0.2179252117976639,16770270270.27027
0.0038,0.005889999999999999,0.0002000000000000000,0.0018000000000000002,3,0.029500000000000002,0.007,0.00003500000000000000,0.0005000000000000000,0.001,16.81081081081081,-7.568137883727912,2.43879769148121,0.008249402872034977,-0.5028722262919756,3.9909522156104678,6.010765279291169,-27.34941237010238,107.48772049544351,35.456075215215925,0.22317022405353257,16810810810.81081
0.0038,0.005889999999999999,0.0002000000000000000,0.0018000000000000002,3,0.029500000000000002,0.007,0.00003500000000000000,0.0005000000000000000,0.001,16.85135135135135,-7.595978140265023,2.430899260848306,0.008260589105108348,-0.37761457094047607,4.027532221279097,6.050390235711403,-27.257894604664514,107.22690433324186,35.224704894531165,0.2276142873967918,16851351351.35135
0.0038,0.005889999999999999,0.0002000000000000000,0.0018000000000000002,3,0.029500000000000002,0.007,0.00003500000000000000,0.0005000000000000000,0.001,16.89189189189189,-7.618053129802668,2.424680075325349,0.00826940801893888,-0.28355802724260115,4.051891656658331,6.076578242636365,-27.185392061064363,107.01417036399403,35.04985802633356,0.23119922449650593,16891891891.89189
0.0038,0.005889999999999999,0.0002000000000000000,0.0018000000000000002,3,0.029500000000000002,0.007,0.00003500000000000000,0.0005000000000000000,0.001,16.93243243243243,-7.634248722628402,2.4201416085680107,0.008275849677439849,-0.2024727731714066,4.080661955110065,6.107306190047997,-27.131653027829188,106.8593221913994,34.92173971880032,0.23389562782122422,16932432432.43243
0.0038,0.005889999999999999,0.0002000000000000000,0.0018000000000000002,3,0.029500000000000002,0.007,0.00003500000000000000,0.0005000000000000000,0.001,16.972972972972975,-7.644676206652471,2.417230352031944,0.008279984425762506,-0.14211614768812564,4.106033694436764,6.134225089040121,-27.096046037733753,106.77007784446647,34.82908378899279,0.23570341579306842,16972972972.97297
0.0038,0.005889999999999999,0.0002000000000000000,0.0018000000000000002,3,0.029500000000000002,0.007,0.00003500000000000000,0.0005000000000000000,0.001,17.013513513513516,-7.649654171105354,2.415843527681958,0.008281954810272229,-0.10924068201504017,4.1206821753932426,6.14969119063332,-27.077603307800207,106.75191527136468,34.75971270132363,0.23665016561419733,17013513513.51351
0.0038,0.005889999999999999,0.0002000000000000000,0.0018000000000000002,3,0.029500000000000002,0.007,0.00003500000000000000,0.0005000000000000000,0.001,17.054054054054056,-7.649674023826558,2.4158380007035194,0.008281962663882076,-0.10265925647280469,4.124536586300735,6.153751603239533,-27.075078176539616,106.808086169276,34.70107878164086,0.23678757728881852,17054054054.05405
0.0038,0.005889999999999999,0.0002000000000000000,0.0018000000000000002,3,0.029500000000000002,0.007,0.00003500000000000000,0.0005000000000000000,0.001,17.094594594594597,-7.6453550799706,2.4170411097771076,0.008280253271320153,-0.12107114065790736,4.117537469363094,6.146375599155239,-27.087010530593663,106.9397720255111,34.6407370887246,0.23618663896814318,17094594594.59460
0.0038,0.005889999999999999,0.0002000000000000000,0.0018000000000000002,3,0.029500000000000002,0.007,0.00003500000000000000,0.0005000000000000000,0.001,17.135135135135137,-7.637395916365538,2.4192620504600746,0.008277098661640198,-0.1631336432693117,4.099625360865668,6.127441710751608,-27.111794034543077,107.1463438634685,34.566716317191236,0.23493215617364763,17135135135.13514
0.0038,0.005889999999999999,0.0002000000000000000,0.0018000000000000002,3,0.029500000000000002,0.007,0.00003500000000000000,0.0005000000000000000,0.001,17.175675675675677,-7.626528051804648,2.422302603878856,0.008272781842823472,-0.22753573729244253,4.070726841685579,6.096719608591814,-27.147739626612402,107.4256828475303,34.46777148298508,0.2331172790772703,17175675675.67568
0.0038,0.005889999999999999,0.0002000000000000000,0.0018000000000000002,3,0.029500000000000002,0.007,0.00003500000000000000,0.0005000000000000000,0.001,17.216216216216218,-7.6134764335272775,2.4259663172210284,0.008267583319565959,-0.31307115889208376,4.030737899782995,6.05384558912479,-27.193130944338723,107.7745213846532,34.33351747921912,0.23083854338286372,17216216216.21622
0.0038,0.005889999999999999,0.0002000000000000000,0.0018000000000000002,3,0.029500000000000002,0.007,0.00003500000000000000,0.0005000000000000000,0.001,17.256756756756758,-7.598929267619216,2.4300656154442772,0.008261770671904941,-0.41870990930378554,3.979504698029014,5.99829021747364,-27.246268769038032,108.1887713550714,34.15445378397563,0.22819177540678548,17256756756.75676
0.0038,0.005889999999999999,0.0002000000000000000,0.0018000000000000002,3,0.029500000000000002,0.007,0.00003500000000000000,0.0005000000000000000,0.001,17.2972972972973,-7.583517933633363,2.434426669627673,0.008255591450039956,-0.5436685944044215,3.9168020760509905,5.929316263217611,-27.305502931679065,108.66381505878716,33.92189696455473,0.22526904309304516,17297297297.29730
0.0038,0.005889999999999999,0.0002000000000000000,0.0018000000000000002,3,0.029500000000000002,0.007,0.00003500000000000000,0.0005000000000000000,0.001,17.33783783783784,-7.567806383661274,2.438892111892578,0.00824926924261127,-0.6874815067332679,3.8423104109388553,5.8459244754083475,-27.369251197196842,109.19474321290258,33.62783956615491,0.2221566929259402,17337837837.83784
0.0038,0.005889999999999999,0.0002000000000000000,0.0018000000000000002,3,0.029500000000000002,0.007,0.00003500000000000000,0.0005000000000000000,0.001,17.378378378378383,-7.552288647185231,2.44332184867487,0.008243002533435123,-0.75985649707683,3.834425610492195,5.837003166874387,-27.436005330736613,109.77653138879528,33.264752532780875,0.2189344142609339,17378378378.37838
0.0038,0.005889999999999999,0.0002000000000000000,0.0018000000000000002,3,0.029500000000000002,0.007,0.00003500000000000000,0.0005000000000000000,0.001,17.41891891891892,-7.537392796007049,2.4475922880227117,0.008236965867344953,-0.7713245697696904,3.882105124313139,5.8906729156006055,-27.504324821956935,110.4041508258834,32.825344718178386,0.21567522086894322,17418918918.91892
0.0038,0.005889999999999999,0.0002000000000000000,0.0018000000000000002,3,0.029500000000000002,0.007,0.00003500000000000000,0.0005000000000000000,0.001,17.459459459459463,-7.523489843101245,2.4515942814474543,0.008231312869839072,-0.7960474926010296,3.918737953414578,5.93146223112944,-27.57281862962209,111.07261129621426,32.30228843682338,0.21244622950015324,17459459459.45946
0.0038,0.005889999999999999,0.0002000000000000000,0.0018000000000000002,3,0.029500000000000002,0.007,0.00003500000000000000,0.0005000000000000000,0.001,17.5,-7.510906419017356,2.455230009288857,0.008226180772784383,-0.8335609315579304,3.943243914389059,5.958536417440117,-27.64011485870514,111.77693257474326,31.687915293435864,0.20931013851431926,17500000000.00000
0.0038,0.005889999999999999,0.0002000000000000000,0.0018000000000000002,3,0.029500000000000002,0.007,0.00003500000000000000,0.0005000000000000000,0.001,17.540540540540544,-7.4999405816695,2.4584089297224923,0.008221696260129389,-0.7898445436089846,4.04071973550106,6.064587288028498,-27.704817548675457,112.51203707630664,30.973882426062552,0.20632735786589393,17540540540.54054
0.0038,0.005889999999999999,0.0002000000000000000,0.0018000000000000002,3,0.029500000000000002,0.007,0.00003500000000000000,0.0005000000000000000,0.001,17.581081081081084,-7.490880708246673,2.4610427772236676,0.008217982645507764,-0.7404074592711007,4.142565195564399,6.1726935205843745,-27.76544878188887,113.27254915998945,30.150806444464724,0.20355880938180118,17581081081.08108
0.0038,0.005889999999999999,0.0002000000000000000,0.0018000000000000002,3,0.029500000000000002,0.007,0.00003500000000000000,0.0005000000000000000,0.001,17.62162162162162,-7.484028078078124,2.46303943984416,0.008215168622860421,-0.698869114525466,4.23415631748731,6.267668873558069,-27.820373167065732,114.05247596361785,29.207861556426018,0.2010695014939582,17621621621.62162
0.0038,0.005889999999999999,0.0002000000000000000,0.0018000000000000002,3,0.029500000000000002,0.007,0.00003500000000000000,0.0005000000000000000,0.001,17.662162162162165,-7.47972451585812,2.464295360846816,0.008213399100059457,-0.665515509229285,4.312622316157211,6.34741425873515,-27.86770050505978,114.84472947464825,28.132341002877226,0.19893308756483627,17662162162.16216
0.0038,0.005889999999999999,0.0002000000000000000,0.0018000000000000002,3,0.029500000000000002,0.007,0.00003500000000000000,0.0005000000000000000,0.001,17.7027027027027,-7.478387403563095,2.4646858864944363,0.00821284895403785,-0.5023652778475844,4.5162028266069285,6.547734382347997,-27.905161304113623,115.64042849798948,26.9091894644478,0.1972377474250277,17702702702.70270
0.0038,0.005889999999999999,0.0002000000000000000,0.0018000000000000002,3,0.029500000000000002,0.007,0.00003500000000000000,0.0005000000000000000,0.001,17.743243243243246,-7.4805556138029905,2.4640526996666745,0.008213740964469932,-0.2984553830226724,4.760914555111572,6.776903871925231,-27.929949230417705,116.42789064232718,25.520533175844857,0.1960938956937544,17743243243.24324
0.0038,0.005889999999999999,0.0002000000000000000,0.0018000000000000002,3,0.029500000000000002,0.007,0.00003500000000000000,0.0005000000000000000,0.001,17.783783783783782,-7.48695165306041,2.46218711839694,0.008216369727783926,-0.09220681861629748,5.0039371025775194,6.993118421534399,-27.938525502023758,117.19118735396617,23.945272434334072,0.19564442456844863,17783783783.78378
0.0038,0.005889999999999999,0.0002000000000000000,0.0018000000000000002,3,0.029500000000000002,0.007,0.00003500000000000000,0.0005000000000000000,0.001,17.824324324324326,-7.498567786521026,2.458807588629145,0.00822113405344123,0.11737600902543112,5.239716393061966,7.193077808269513,-27.926384500752228,117.90809101301281,22.15887257056263,0.19607842964494515,17824324324.32433
0.0038,0.005889999999999999,0.0002000000000000000,0.0018000000000000002,3,0.029500000000000002,0.007,0.00003500000000000000,0.0005000000000000000,0.001,17.864864864864867,-7.516787475059657,2.4535291876598326,0.00822858118785704,0.3314142693280839,5.460664118813858,7.372454642425859,-27.88779078817264,118.54720175978974,20.13361837053021,0.19764961043480778,17864864864.86486
0.0038,0.005889999999999999,0.0002000000000000000,0.0018000000000000002,3,0.029500000000000002,0.007,0.00003500000000000000,0.0005000000000000000,0.001,17.905405405405407,-7.54355843863555,2.445822508856029,0.008239467056356815,0.5511205692612913,5.656701181237223,7.525632374698711,-27.815520588913117,119.06403246017663,17.839819932506103,0.200700668687097,17905405405.40541
0.0038,0.005889999999999999,0.0002000000000000000,0.0018000000000000002,3,0.029500000000000002,0.007,0.00003500000000000000,0.0005000000000000000,0.001,17.945945945945947,-7.58164023168632,2.4349593040681032,0.008254837079985245,0.7777100446325431,5.814974275065064,7.645477977881125,-27.700682870114683,119.3959266365772,15.24882084528459,0.20569474973889015,17945945945.94595
0.0038,0.005889999999999999,0.0002000000000000000,0.0018000000000000002,3,0.029500000000000002,0.007,0.00003500000000000000,0.0005000000000000000,0.001,17.986486486486488,-7.634956714967304,2.419943676044571,0.0082761307276896,1.0122171594426843,5.920049784890301,7.723253589547149,-27.53276300955576,119.4560475401818,12.339191511872185,0.21325359294314294,17986486486.48649
0.0038,0.005889999999999999,0.0002000000000000000,0.0018000000000000002,3,0.029500000000000002,0.007,0.00003500000000000000,0.0005000000000000000,0.001,18.027027027027028,-7.709089044813321,2.3994325781849057,0.008305306766141043,1.2551583898892833,5.955029055860876,7.748838848396629,-27.300123675964656,119.12761349115127,9.108113402439729,0.22419811361189207,18027027027.02703
0.0038,0.005889999999999999,0.0002000000000000000,0.0018000000000000002,3,0.029500000000000002,0.007,0.00003500000000000000,0.0005000000000000000,0.001,18.06756756756757,-7.811937875742977,2.3716621609320043,0.008344968696774337,1.5059594516979244,5.904039144705917,7.711492282650898,-26.991285711804842,118.26152743102732,5.590256560487129,0.23957787963419366,18067567567.56757
0.0038,0.005889999999999999,0.0002000000000000000,0.0018000000000000002,3,0.029500000000000002,0.007,0.00003500000000000000,0.0005000000000000000,0.001,18.10810810810811,-7.954538528231748,2.3344242689698085,0.00839842918130274,1.7620589119043282,5.756204376359241,7.601362053391524,-26.59732249716141,116.68390620704578,1.8852287321274717,0.2606571760700524,18108108108.10811
0.0038,0.005889999999999999,0.0002000000000000000,0.0018000000000000002,3,0.029500000000000002,0.007,0.00003500000000000000,0.0005000000000000000,0.001,18.14864864864865,-8.151870723201643,2.2851881448614764,0.008469571912120881,2.1065081227634557,5.6242301552567024,7.500630846136083,-26.115508125262437,114.22391334996756,-1.810426384642366,0.2887937084743649,18148648648.64865
0.0038,0.005889999999999999,0.0002000000000000000,0.0018000000000000002,3,0.029500000000000002,0.007,0.00003500000000000000,0.0005000000000000000,0.001,18.18918918918919,-8.423150874210627,2.2215322600921663,0.008562244913975404,2.5900830797971364,5.584434442542481,7.469791969825229,-25.553832427917055,110.77236411822398,-5.182146503064515,0.32510908889552215,18189189189.18919
0.0038,0.005889999999999999,0.0002000000000000000,0.0018000000000000002,3,0.029500000000000002,0.007,0.00003500000000000000,0.0005000000000000000,0.001,18.22972972972973,-8.7903741464298,2.1420882825094263,0.00867881819105664,3.006392625417316,5.402710737720855,7.326117159429362,-24.935118627922442,106.3683327844075,-7.817566695628093,0.3698516381294091,18229729729.72973
0.0038,0.005889999999999999,0.0002000000000000000,0.0018000000000000002,3,0.029500000000000002,0.007,0.00003500000000000000,0.0005000000000000000,0.001,18.270270270270274,-9.272784521386535,2.0480531573476703,0.008817716719781507,3.3878287016877384,5.175933395269177,7.139886791264135,-24.298496664985983,101.27760040426837,-9.29928007289383,0.42149671190379884,18270270270.27027
0.0038,0.005889999999999999,0.0002000000000000000,0.0018000000000000002,3,0.029500000000000002,0.007,0.00003500000000000000,0.0005000000000000000,0.001,18.31081081081081,-9.874330508665514,1.9447980601562567,0.008970640803060566,3.75172503959116,4.983695036680433,6.97551459024497,-23.695554877968405,95.99316619558005,-9.360827772303402,0.47601544574714943,18310810810.81081
0.0038,0.005889999999999999,0.0002000000000000000,0.0018000000000000002,3,0.029500000000000002,0.007,0.00003500000000000000,0.0005000000000000000,0.001,18.351351351351354,-10.56388627364705,1.842324257570654,0.009121763722503527,4.482588572831933,5.324970266035379,7.263171870717494,-23.179795110989087,91.1099561729049,-8.023127130828751,0.5271590543034816,18351351351.35135
0.0038,0.005889999999999999,0.0002000000000000000,0.0018000000000000002,3,0.029500000000000002,0.007,0.00003500000000000000,0.0005000000000000000,0.001,18.39189189189189,-11.258511753734158,1.753204445086029,0.009251574071807964,5.3006120928953635,5.963138724984674,7.75474912782692,-22.791980731820054,87.12418350806531,-5.604867373824645,0.5683113066678738,18391891891.89189
0.0038,0.005889999999999999,0.0002000000000000000,0.0018000000000000002,3,0.029500000000000002,0.007,0.00003500000000000000,0.0005000000000000000,0.001,18.432432432432435,-11.835116077234984,1.688181053918751,0.009344627231053969,5.8615269084151915,6.480007624744353,8.115755168864036,-22.548608445381785,84.28633896215614,-2.590095696192649,0.5950824932842325,18432432432.43243
0.0038,0.005889999999999999,0.0002000000000000000,0.0018000000000000002,3,0.029500000000000002,0.007,0.00003500000000000000,0.0005000000000000000,0.001,18.472972972972975,-12.187471372287318,1.651905162245155,0.009395699626363246,6.2047101639237905,6.877767766028947,8.374475073925229,-22.440473667491926,82.58950596215426,0.5485988401475554,0.6067691740084677,18472972972.97297
0.0038,0.005889999999999999,0.0002000000000000000,0.0018000000000000002,3,0.029500000000000002,0.007,0.00003500000000000000,0.0005000000000000000,0.001,18.513513513513516,-12.289286588116825,1.6418700701049658,0.009409701960030893,6.376573054022172,7.167334044129349,8.553576458733849,-22.44124472534206,81.8600684882938,3.4641292288051253,0.6057586989818939,18513513513.51352
0.0038,0.005889999999999999,0.0002000000000000000,0.0018000000000000002,3,0.029500000000000002,0.007,0.00003500000000000000,0.0005000000000000000,0.001,18.554054054054056,-12.195508069726404,1.6511059835017052,0.009396816861014932,6.421491114383969,7.363102836447665,8.670608660735885,-22.519309918668426,81.86707330098879,5.958328488962504,0.5957831898836322,18554054054.05405
0.0038,0.005889999999999999,0.0002000000000000000,0.0018000000000000002,3,0.029500000000000002,0.007,0.00003500000000000000,0.0005000000000000000,0.001,18.594594594594597,-11.989177836355044,1.6720171355055775,0.009367468415292346,6.37585843321485,7.479248286923496,8.738579506389975,-22.64649869879108,82.39716892036068,7.948923838990579,0.5804006533987321,18594594594.59460
0.0038,0.005889999999999999,0.0002000000000000000,0.0018000000000000002,3,0.029500000000000002,0.007,0.00003500000000000000,0.0005000000000000000,0.001,18.635135135135137,-11.737096516577454,1.6987196248192764,0.009329667388306083,6.270760682229454,7.535762226726672,8.771271868589114,-22.80184957633089,83.2878733155801,9.421098952945869,0.5622751386948395,18635135135.13514
0.0038,0.005889999999999999,0.0002000000000000000,0.0018000000000000002,3,0.029500000000000002,0.007,0.00003500000000000000,0.0005000000000000000,0.001,18.675675675675677,-11.478293808773007,1.727538999705222,0.009288507020522559,6.139759732193985,7.5701555415589645,8.791048029012336,-22.971829159955224,84.43334564751429,10.385155653242736,0.5430892049047774,18675675675.67567
0.0038,0.005889999999999999,0.0002000000000000000,0.0018000000000000002,3,0.029500000000000002,0.007,0.00003500000000000000,0.0005000000000000000,0.001,18.716216216216218,-11.23028358731197,1.7565837573859533,0.00924669362756692,5.968509625797758,7.546234496157739,8.77730296598477,-23.148928657119868,85.77735874840216,10.844192811397074,0.5237459358751086,18716216216.21622
0.0038,0.005889999999999999,0.0002000000000000000,0.0018000000000000002,3,0.029500000000000002,0.007,0.00003500000000000000,0.0005000000000000000,0.001,18.756756756756758,-10.998077162440744,1.7851301032651592,0.009205319998813646,5.795742323885198,7.526489226642751,8.765924443221268,-23.32979321722187,87.30134579575959,10.766878222343694,0.5046401352745191,18756756756.75676
0.0038,0.005889999999999999,0.0002000000000000000,0.0018000000000000002,3,0.029500000000000002,0.007,0.00003500000000000000,0.0005000000000000000,0.001,18.7972972972973,-10.780984781563765,1.8130788557905737,0.00916458643689467,5.606723427797229,7.483377107768485,8.740976310571003,-23.513124166034544,89.00756499215191,10.056702267290385,0.48593111852581733,18797297297.29730
0.0038,0.005889999999999999,0.0002000000000000000,0.0018000000000000002,3,0.029500000000000002,0.007,0.00003500000000000000,0.0005000000000000000,0.001,18.83783783783784,-10.57750515544242,1.8404500262939782,0.009124513437901436,5.347465153044188,7.321914002655178,8.646246236998902,-23.696683932799196,90.88684230216249,8.506686092652204,0.467866436965103,18837837837.83784
0.0038,0.005889999999999999,0.0002000000000000000,0.0018000000000000002,3,0.029500000000000002,0.007,0.00003500000000000000,0.0005000000000000000,0.001,18.878378378378383,-10.390419194592509,1.8666785186413002,0.009085974987335538,4.9847625207671955,6.981866854690811,8.439715624924213,-23.87123773499157,92.83703149316075,5.728928059320558,0.4513408989689963,18878378378.37838
0.0038,0.005889999999999999,0.0002000000000000000,0.0018000000000000002,3,0.029500000000000002,0.007,0.00003500000000000000,0.0005000000000000000,0.001,18.91891891891892,-10.236067623326246,1.88912538278328,0.009052905667704945,4.461567638498779,6.361131103500794,8.035343465182406,-24.005895876716046,94.43921793368257,1.0765702833946615,0.4391596368996691,18918918918.91892
0.0038,0.005889999999999999,0.0002000000000000000,0.0018000000000000002,3,0.029500000000000002,0.007,0.00003500000000000000,0.0005000000000000000,0.001,18.959459459459463,-10.167338998546704,1.8993648788254858,0.009037798343702377,3.6928608387582287,5.329866644018329,7.26716342893082,-24.01367612129858,94.39624650664877,-6.239936971083849,0.43910637367774386,18959459459.45946
0.0038,0.005889999999999999,0.0002000000000000000,0.0018000000000000002,3,0.029500000000000002,0.007,0.00003500000000000000,0.0005000000000000000,0.001,19,-10.335942340466213,1.8745155764389207,0.0090744374669962,2.7768441781081474,4.029295631647804,6.052291329835963,-23.697250029579017,89.69170238960326,-15.944278314949347,0.47038697195938334,19000000000.00000
0.0038,0.005889999999999999,0.0002200000000000000,0.001574,3,0.029500000000000002,0.007,0.00003500000000000000,0.0005000000000000000,0.001,16,-9.27021205448655,2.0485263555332134,0.008817016207648676,-4.992803568588018,7.001325388978752,8.451802621047483,-33.99138979839866,82.02432149353663,34.285452779368484,0.04524174848700563,16000000000.00000
0.0038,0.005889999999999999,0.0002200000000000000,0.001574,3,0.029500000000000002,0.007,0.00003500000000000000,0.0005000000000000000,0.001,16.04054054054054,-9.29266691248348,2.0444055073965317,0.008823116947934426,-4.903771799316191,6.9830476407498585,8.440450049572702,-33.888001491725205,82.25041950163728,33.972437454619836,0.046299661418794644,16040540540.54054
0.0038,0.005889999999999999,0.0002200000000000000,0.001574,3,0.029500000000000002,0.007,0.00003500000000000000,0.0005000000000000000,0.001,16.08108108108108,-9.315899992674241,2.040164704798715,0.008829396008219612,-4.811925532709448,6.9590053811609645,8.425471723202211,-33.77808729744857,82.47160320840696,33.65140415743038,0.04745262855492239,16081081081.08108
0.0038,0.005889999999999999,0.0002200000000000000,0.001574,3,0.029500000000000002,0.007,0.00003500000000000000,0.0005000000000000000,0.001,16.121621621621625,-9.33996136945664,2.0357970367726144,0.00883586361562923,-4.710461880741954,6.939882354171243,8.413521082981816,-33.66149292594752,82.68730989436496,33.32223936377035,0.048708157718686286,16121621621.62162
0.0038,0.005889999999999999,0.0002200000000000000,0.001574,3,0.029500000000000002,0.007,0.00003500000000000000,0.0005000000000000000,0.001,16.162162162162165,-9.364903902318712,2.0312953450278735,0.00884253035650284,-4.594347815121067,6.933483542707848,8.409514890501912,-33.53809711135054,82.89692381598765,32.98485875133782,0.05007416654358296,16162162162.16216
0.0038,0.005889999999999999,0.0002200000000000000,0.001574,3,0.029500000000000002,0.007,0.00003500000000000000,0.0005000000000000000,0.001,16.202702702702705,-9.390783028204218,2.0266522874318182,0.008849407080404112,-4.475515309045668,6.920605834730222,8.401441145670898,-33.4078147198661,83.09977196159666,32.63921629320296,0.051558984449942044,16202702702.70270
0.0038,0.005889999999999999,0.0002200000000000000,0.001574,3,0.029500000000000002,0.007,0.00003500000000000000,0.0005000000000000000,0.001,16.243243243243246,-9.417656370969308,2.021860434174095,0.00885650475530356,-4.354004877025749,6.901157540251369,8.389219416330535,-33.27060069184249,83.29512044858676,32.28531535887203,0.05317133575403478,16243243243.24324
0.0038,0.005889999999999999,0.0002200000000000000,0.001574,3,0.029500000000000002,0.007,0.00003500000000000000,0.0005000000000000000,0.001,16.283783783783782,-9.445583115606578,2.0169124042871003,0.008863834262514757,-4.2298978814798875,6.8750733089511895,8.372773334118614,-33.126454946116944,83.48217198879321,31.923222050329983,0.05492029716128859,16283783783.78378
0.0038,0.005889999999999999,0.0002200000000000000,0.001574,3,0.029500000000000002,0.007,0.00003500000000000000,0.0005000000000000000,0.001,16.324324324324326,-9.474623083654794,2.0118010514650875,0.008871406118095738,-4.103321849635703,6.842315747498458,8.352031113913188,-32.9754283538072,83.66006497328023,31.553080971447493,0.05681522143277346,16324324324.32432
0.0038,0.005889999999999999,0.0002200000000000000,0.001574,3,0.029500000000000002,0.007,0.00003500000000000000,0.0005000000000000000,0.001,16.364864864864867,-9.504835433996893,2.006519709348311,0.008879230105645316,-3.974456469764328,6.802877484508658,8.326926496639404,-32.817629857450605,83.8278748766117,31.175133566012335,0.05886561739623824,16364864864.86486
0.0038,0.005889999999999999,0.0002200000000000000,0.001574,3,0.029500000000000002,0.007,0.00003500000000000000,0.0005000000000000000,0.001,16.405405405405407,-9.536276901156809,2.0010625073947135,0.008887314804056991,-3.843540280411297,6.7567836377133705,8.297400123907723,-32.653234765295274,83.98461885064816,30.789739046468874,0.061080974822608186,16405405405.40541
0.0038,0.005889999999999999,0.0002200000000000000,0.001574,3,0.029500000000000002,0.007,0.00003500000000000000,0.0005000000000000000,0.001,16.445945945945947,-9.568999473008807,1.9954247688313769,0.008895666993325543,-3.710878006541576,6.704094611459167,8.263401346414183,-32.48249418439176,84.12926456000444,30.397397753383313,0.0634705212125455,16445945945.94595
0.0038,0.005889999999999999,0.0002200000000000000,0.001574,3,0.029500000000000002,0.007,0.00003500000000000000,0.0005000000000000000,0.001,16.486486486486488,-9.603047404359408,1.9896035014963471,0.008904290922629695,-3.5768484133814566,6.644909125461824,8.22489045989008,-32.30574546419395,84.26074448787662,29.99877651320279,0.06604289656668573,16486486486.48649
0.0038,0.005889999999999999,0.0002200000000000000,0.001574,3,0.029500000000000002,0.007,0.00003500000000000000,0.0005000000000000000,0.001,16.527027027027028,-9.638453466272566,1.983597990035005,0.008913187428554785,-3.4419124404047197,6.579367345433684,8.181841350126335,-32.12342339989372,84.37797708194913,29.59473517870131,0.06880573222628701,16527027027.02703
0.0038,0.005889999999999999,0.0002200000000000000,0.001574,3,0.029500000000000002,0.007,0.00003500000000000000,0.0005000000000000000,0.001,16.56756756756757,-9.675234348929642,1.9774104931389345,0.008922352898612266,-3.306621244662591,6.507653951201785,8.13424450982819,-31.936071789050175,84.47989617024493,29.186353027784982,0.07176512151512268,16567567567.56757
0.0038,0.005889999999999999,0.0002200000000000000,0.001574,3,0.029500000000000002,0.007,0.00003500000000000000,0.0005000000000000000,0.001,16.60810810810811,-9.713385175402253,1.971047041443249,0.008931778087434577,-3.1716236275332976,6.430000938889755,8.08211036338625,-31.744354747282205,84.5654899947951,28.774953060000623,0.07492497399939883,16608108108.10811
0.0038,0.005889999999999999,0.0002200000000000000,0.001574,3,0.029500000000000002,0.007,0.00003500000000000000,0.0005000000000000000,0.001,16.64864864864865,-9.752873153234512,1.9645183194776288,0.008941446811418953,-3.0376721485861906,6.346689915112648,8.025472801880332,-31.549066975730824,84.63385090831326,28.362121489259426,0.07828625262959593,16648648648.64865
0.0038,0.005889999999999999,0.0002200000000000000,0.001574,3,0.029500000000000002,0.007,0.00003500000000000000,0.0005000000000000000,0.001,16.68918918918919,-9.793630498554869,1.9578405980532345,0.008951334573066697,-2.9056270572906655,6.258053609669471,7.964392792134828,-31.351141949326834,84.6842361700189,27.949718943986934,0.08184610473507421,16689189189.18919
0.0038,0.005889999999999999,0.0002200000000000000,0.001574,3,0.029500000000000002,0.007,0.00003500000000000000,0.0005000000000000000,0.001,16.729729729729733,-9.835546919714549,1.9510366615941923,0.008961407198835548,-2.776457015976785,6.164476319825921,7.898961886251962,-31.151656784731774,84.7161392796253,27.539879162836428,0.08559691445471636,16729729729.72973
0.0038,0.005889999999999999,0.0002200000000000000,0.001574,3,0.029500000000000002,0.007,0.00003500000000000000,0.0005000000000000000,0.001,16.770270270270274,-9.87846214507973,1.944136649080213,0.008971619612544779,-2.651235472606148,6.0663930140133875,7.829305428503933,-30.95183238449501,84.72936985408091,27.13499048136981,0.08952532574237171,16770270270.27027
0.0038,0.005889999999999999,0.0002200000000000000,0.001574,3,0.029500000000000002,0.007,0.00003500000000000000,0.0005000000000000000,0.001,16.81081081081081,-9.922159213021922,1.9371786999080418,0.008981914906461832,-2.5311315030820527,5.964286875215921,7.755585243394655,-30.753027383529606,84.7241381962942,26.737655367673465,0.09361131054632209,16810810810.81081
0.0038,0.005889999999999999,0.0002200000000000000,0.001574,3,0.029500000000000002,0.007,0.00003500000000000000,0.0005000000000000000,0.001,16.85135135135135,-9.96635948634687,1.9302092714930703,0.008992223907492304,-2.4173940200461193,5.858685156985413,7.678001598511997,-30.55672449509531,84.70113855408172,26.350623938226818,0.09782738353210335,16851351351.35135
0.0038,0.005889999999999999,0.0002200000000000000,0.001574,3,0.029500000000000002,0.007,0.00003500000000000000,0.0005000000000000000,0.001,16.89189189189189,-10.010720563156124,1.923282980334065,0.00900246545664825,-2.311328478071985,5.750153354371724,7.596794273103777,-30.36450811501899,84.66162289082672,25.976699006507733,0.10213808827591012,16891891891.89189
0.0038,0.005889999999999999,0.0002200000000000000,0.001574,3,0.029500000000000002,0.007,0.00003500000000000000,0.0005000000000000000,0.001,16.93243243243243,-10.054838365152092,1.9164618207248423,0.009012547614132458,-2.2142656260612004,5.639287844750984,7.512242627381194,-30.17803253192202,84.60745521315052,25.618612924030707,0.10649989378831196,16932432432.43243
0.0038,0.005889999999999999,0.0002200000000000000,0.001574,3,0.029500000000000002,0.007,0.00003500000000000000,0.0005000000000000000,0.001,16.972972972972975,-10.098254612150885,1.9098136436908904,0.009022369957852118,-2.127522476440642,5.526707310268294,7.424664653233632,-29.99898081808437,84.54113567615363,25.278880201285023,0.11086163696671311,16972972972.97297
0.0038,0.005889999999999999,0.0002200000000000000,0.001574,3,0.029500000000000002,0.007,0.00003500000000000000,0.0005000000000000000,0.001,17.013513513513516,-10.140470560725703,1.9034098391497758,0.009031827051552805,-2.0523564541729056,5.413043390615242,7.334415083822563,-29.82901541011352,84.46578438266961,24.959634290233716,0.11516561899676488,17013513513.51351
0.0038,0.005889999999999999,0.0002200000000000000,0.001574,3,0.029500000000000002,0.007,0.00003500000000000000,0.0005000000000000000,0.001,17.054054054054056,-10.18096725034466,1.8973222572670432,0.009040813020118846,-1.9899145853660458,5.298931110694884,7.241882734604419,-29.66972244632821,84.38507743863866,24.662461283790094,0.11934940768492364,17054054054.05405
0.0038,0.005889999999999999,0.0002200000000000000,0.001574,3,0.029500000000000002,0.007,0.00003500000000000000,0.0005000000000000000,0.001,17.094594594594597,-10.219231584025923,1.891619522361581,0.009049226996853501,-1.9411804667631707,5.184999667256654,7.14748732854548,-29.522552970481346,84.30313250366635,24.388246694808107,0.12334831479659529,17094594594.59460
0.0038,0.005889999999999999,0.0002200000000000000,0.001574,3,0.029500000000000002,0.007,0.00003500000000000000,0.0005000000000000000,0.001,17.135135135135137,-10.25478648928086,1.8863630162490903,0.009056979028260378,-1.9069224672873064,5.071864136331075,7.051676112711524,-29.388764958793576,84.22434736083126,24.13705289873854,0.12709841715023384,17135135135.13514
0.0038,0.005889999999999999,0.0002200000000000000,0.001574,3,0.029500000000000002,0.007,0.00003500000000000000,0.0005000000000000000,0.001,17.175675675675677,-10.287222372407177,1.881602911163438,0.00906399587485487,-1.8876469878884223,4.960118584294877,6.9549205953239,-29.26937059118962,84.15320195091816,23.908043473173336,0.13053988978321326,17175675675.67568
0.0038,0.005889999999999999,0.0002200000000000000,0.001574,3,0.029500000000000002,0.007,0.00003500000000000000,0.0005000000000000000,0.001,17.216216216216218,-10.316226366679365,1.877374686606527,0.009070226073148415,-1.8835605159190993,4.850330944143824,6.857713720686607,-29.16509311782615,84.0940405048372,23.699466297065683,0.13362034118396462,17216216216.21622
0.0038,0.005889999999999999,0.0002200000000000000,0.001574,3,0.029500000000000002,0.007,0.00003500000000000000,0.0005000000000000000,0.001,17.256756756756758,-10.341605732863911,1.8736965475334957,0.009075643654901216,-1.8945436036287333,4.743039872944256,6.760567756168473,-29.076337005239324,84.05085443535489,23.508700378418812,0.13629780569021566,17256756756.75676
0.0038,0.005889999999999999,0.0002200000000000000,0.001574,3,0.029500000000000002,0.007,0.00003500000000000000,0.0005000000000000000,0.001,17.2972972972973,-10.36330233130004,1.8705680665804354,0.009080250062757193,-1.9201388312914842,4.638753655257212,6.664013095734736,-29.003173838973005,84.02708745738676,23.332363170744173,0.13854307009025413,17297297297.29730
0.0038,0.005889999999999999,0.0002200000000000000,0.001574,3,0.029500000000000002,0.007,0.00003500000000000000,0.0005000000000000000,0.001,17.33783783783784,-10.381396292036758,1.8679702143762165,0.009084074034859335,-1.9595534466894395,4.537951074716839,6.5685980928910155,-28.945344889122694,84.0254816705937,23.166467250387537,0.14034109024601904,17337837837.83784
0.0038,0.005889999999999999,0.0002200000000000000,0.001574,3,0.029500000000000002,0.007,0.00003500000000000000,0.0005000000000000000,0.001,17.378378378378383,-10.39609861263493,1.865866751285451,0.009087169507996939,-2.011675940541367,4.441084049760748,6.4748899249407295,-28.902279572849746,84.04797760151664,23.006609254920182,0.14169137456245265,17378378378.37838
0.0038,0.005889999999999999,0.0002200000000000000,0.001574,3,0.029500000000000002,0.007,0.00003500000000000000,0.0005000000000000000,0.001,17.41891891891892,-10.407734039387908,1.8642067722953028,0.009089611850135395,-2.0751045757557756,4.348581722278619,6.383476361218796,-28.873127555737128,84.09567372081429,22.848171026781717,0.14260734889010102,17418918918.91892
0.0038,0.005889999999999999,0.0002200000000000000,0.001574,3,0.029500000000000002,0.007,0.00003500000000000000,0.0005000000000000000,0.001,17.459459459459463,-10.41671686674542,1.862928061593997,0.00909149292583801,-2.148185042458449,4.2608555969583515,6.294968159402221,-28.856801150481147,84.16884330120914,22.686513276658786,0.14311484344133266,17459459459.45946
0.0038,0.005889999999999999,0.0002200000000000000,0.001574,3,0.029500000000000002,0.007,0.00003500000000000000,0.0005000000000000000,0.001,17.5,-10.423522972536702,1.8619608476891103,0.009092915590147561,-2.229054071129189,4.178305250998482,6.210001646968587,-28.85202412274523,84.26700010094221,22.51714530233853,0.14324993322309376,17500000000.00000
0.0038,0.005889999999999999,0.0002200000000000000,0.001574,3,0.029500000000000002,0.007,0.00003500000000000000,0.0005000000000000000,0.001,17.540540540540544,-10.428661431165398,1.8612315570278195,0.009093988194013879,-2.3156859984405913,4.1013240657293535,6.129240863802934,-28.857383001640695,84.38900018429676,22.33585933517284,0.14305640721613297,17540540540.54054
0.0038,0.005889999999999999,0.0002200000000000000,0.001574,3,0.029500000000000002,0.007,0.00003500000000000000,0.0005000000000000000,0.001,17.581081081081084,-10.432648526357077,1.8606662299960106,0.00909481958786963,-2.405939841346409,4.030304373321157,6.053378458091512,-28.871377414721774,84.53316551674295,22.138823716307762,0.14258313850192392,17581081081.08108
0.0038,0.005889999999999999,0.0002200000000000000,0.001574,3,0.029500000000000002,0.007,0.00003500000000000000,0.0005000000000000000,0.001,17.62162162162162,-10.435986139934164,1.8601933635799615,0.009095514964385187,-2.497605229931826,3.965641364389322,5.983134359133189,-28.89246666187561,84.69741551217356,21.92263425300055,0.14188158814865026,17621621621.62162
0.0038,0.005889999999999999,0.0002200000000000000,0.001574,3,0.029500000000000002,0.007,0.00003500000000000000,0.0005000000000000000,0.001,17.662162162162165,-10.439145564291788,1.8597460539652633,0.009096172723803078,-2.5884463953722308,3.907735069111393,5.919251123847121,-28.919110535092912,84.87939481193524,21.6843270610041,0.14100361532276603,17662162162.16216
0.0038,0.005889999999999999,0.0002200000000000000,0.001574,3,0.029500000000000002,0.007,0.00003500000000000000,0.0005000000000000000,0.001,17.7027027027027,-10.44255696609494,1.8592634091474725,0.009096882405243999,-2.5786427307528896,3.9446513259735827,5.960086212595316,-28.949803136817643,85.07658846944764,21.42135867196982,0.13999970019953215,17702702702.70270
0.0038,0.005889999999999999,0.0002200000000000000,0.001574,3,0.029500000000000002,0.007,0.00003500000000000000,0.0005000000000000000,0.001,17.743243243243246,-10.446604128366276,1.8586912738866532,0.009097723622683348,-2.514804516712856,4.034244291037521,6.057621930927295,-28.98309905385709,85.28641871076397,21.13156023905514,0.13891762673792213,17743243243.24324
0.0038,0.005889999999999999,0.0002200000000000000,0.001574,3,0.029500000000000002,0.007,0.00003500000000000000,0.0005000000000000000,0.001,17.783783783783782,-10.451623749266004,1.8579823530780113,0.009098765880684688,-2.4636244608860878,4.1151266966845075,6.1438321082992,-29.01763166526532,85.50632004270757,20.81307259917067,0.13780162631453197,17783783783.78378
0.0038,0.005889999999999999,0.0002200000000000000,0.001574,3,0.029500000000000002,0.007,0.00003500000000000000,0.0005000000000000000,0.001,17.824324324324326,-10.457908452712473,1.8570958371505195,0.009100069119199129,-2.42418344760819,4.186380574978307,6.218387065874984,-29.05212360348819,85.73379140875818,20.464268129755006,0.13669195302262255,17824324324.32433
0.0038,0.005889999999999999,0.0002200000000000000,0.001574,3,0.029500000000000002,0.007,0.00003500000000000000,0.0005000000000000000,0.001,17.864864864864867,-10.465712714275961,1.8559966301175685,0.009101684840703842,-2.39565759450171,4.247124397343521,6.280949815672407,-29.085389476752283,85.9664252557788,20.083664141893706,0.13562484628875499,17864864864.86486
0.0038,0.005889999999999999,0.0002200000000000000,0.001574,3,0.029500000000000002,0.007,0.00003500000000000000,0.0005000000000000000,0.001,17.905405405405407,-10.475261065522734,1.8546542640389394,0.009103657697098312,-2.3773348395231726,4.296507055922252,6.331155293475304,-29.116330936705822,86.20191380477971,19.669831286111144,0.13463283368412166,17905405405.40541
0.0038,0.005889999999999999,0.0002200000000000000,0.001574,3,0.029500000000000002,0.007,0.00003500000000000000,0.0005000000000000000,0.001,17.945945945945947,-10.486758161356855,1.8530415587334026,0.009106027449682934,-2.335254336170402,4.367128079547332,6.401959291379572,-29.143924076208908,86.4380326102579,19.221299329704248,0.1337453332624962,17945945945.94595
0.0038,0.005889999999999999,0.0002200000000000000,0.001574,3,0.029500000000000002,0.007,0.00003500000000000000,0.0005000000000000000,0.001,17.986486486486488,-10.500400544700558,1.851133056790255,0.00910883125710319,-2.296247119123411,4.431572356025506,6.465578445951136,-29.167198997487386,86.67260074635622,18.73646184120522,0.13298952764716818,17986486486.48649
0.0038,0.005889999999999999,0.0002200000000000000,0.001574,3,0.029500000000000002,0.007,0.00003500000000000000,0.0005000000000000000,0.001,18.027027027027028,-10.516390205777773,1.8489032335789901,0.009112106289910464,-2.2658010056658453,4.48290771491035,6.515597985763146,-29.185211221309977,86.90341574886479,18.21348088865517,0.13239149941828943,18027027027.02703
0.0038,0.005889999999999999,0.0002200000000000000,0.001574,3,0.029500000000000002,0.007,0.00003500000000000000,0.0005000000000000000,0.001,18.06756756756757,-10.534950310338932,1.846324450645817,0.009115892715372794,-2.2435299273481113,4.520085559216452,6.551466555069361,-29.197004429000426,87.12815979430196,17.65019292277433,0.13197763806639304,18067567567.56757
0.0038,0.005889999999999999,0.0002200000000000000,0.001574,3,0.029500000000000002,0.007,0.00003500000000000000,0.0005000000000000000,0.001,18.10810810810811,-10.556343777942828,1.8433645877637244,0.009120237143403771,-2.2291197420248814,4.542035692251223,6.572505426725424,-29.20156385922335,87.34427147931066,17.044017715305777,0.13177635273955574,18108108108.10811
0.0038,0.005889999999999999,0.0002200000000000000,0.001574,3,0.029500000000000002,0.007,0.00003500000000000000,0.0005000000000000000,0.001,18.14864864864865,-10.58089575600858,1.8399842521328944,0.00912519667632874,-2.222312463327153,4.547649058163332,6.577869428266471,-29.19775955535011,87.54877489298802,16.391873812318746,0.1318201528368895,18148648648.64865
0.0038,0.005889999999999999,0.0002200000000000000,0.001574,3,0.029500000000000002,0.007,0.00003500000000000000,0.0005000000000000000,0.001,18.18918918918919,-10.609021499102978,1.8361334203231583,0.009130843764782568,-2.222885157984656,4.535762026013248,6.566502607216128,-29.184278647625412,87.73805434247369,15.690106894672589,0.13214819133641778,18189189189.18919
0.0038,0.005889999999999999,0.0002200000000000000,0.001574,3,0.029500000000000002,0.007,0.00003500000000000000,0.0005000000000000000,0.001,18.22972972972973,-10.641261780029474,1.8317473172097074,0.0091372721417945,-2.23062142080729,4.505147638728335,6.5370902786433795,-29.159546099429726,87.90755903269277,14.934442498631944,0.1328094047054134,18229729729.72973
0.0038,0.005889999999999999,0.0002200000000000000,0.001574,3,0.029500000000000002,0.007,0.00003500000000000000,0.0005000000000000000,0.001,18.270270270270274,-10.67832879612668,1.826741275689366,0.00914460418650696,-2.245271776005223,4.4545223921159405,6.488011464002916,-29.121634117100132,88.05141734485291,14.119983051908624,0.13386642826895034,18270270270.27027
0.0038,0.005889999999999999,0.0002200000000000000,0.001574,3,0.029500000000000002,0.007,0.00003500000000000000,0.0005000000000000000,0.001,18.31081081081081,-10.721166661447839,1.8210042555564256,0.009153000149149333,-2.1963112181217705,4.453983131845042,6.487485679381429,-29.06816220311288,88.16193577477242,13.241283233350844,0.13540051314342358,18310810810.81081
0.0038,0.005889999999999999,0.0002200000000000000,0.001574,3,0.029500000000000002,0.007,0.00003500000000000000,0.0005000000000000000,0.001,18.351351351351354,-10.771032040705798,1.8143906456882437,0.009162669721464803,-1.8720433888628625,4.7253832662370945,6.744370390170193,-28.996193456796426,88.22895500773107,12.292560497025129,0.13751770696120497,18351351351.35135
0.0038,0.005889999999999999,0.0002200000000000000,0.001574,3,0.029500000000000002,0.007,0.00003500000000000000,0.0005000000000000000,0.001,18.39189189189189,-10.829602233693103,1.8067099734104628,0.009173886390904806,-1.5227993855327044,5.017499909840955,7.004873733557213,-28.902139543676565,88.23903963880245,11.2681337601134,0.14035655112668152,18391891891.89189
0.0038,0.005889999999999999,0.0002200000000000000,0.001574,3,0.029500000000000002,0.007,0.00003500000000000000,0.0005000000000000000,0.001,18.432432432432435,-10.899119721140089,1.7977142980304734,0.009187004713140094,-1.1492641679897981,5.326199125836164,7.264173989852486,-28.78169876606007,88.17449871470386,10.163238151264636,0.14409741309234775,18432432432.43243
0.0038,0.005889999999999999,0.0002200000000000000,0.001574,3,0.029500000000000002,0.007,0.00003500000000000000,0.0005000000000000000,0.001,18.472972972972975,-10.982582762838046,1.787083585608018,0.009202479741576907,-0.7527863743141382,5.644342710952424,7.516133752022442,-28.629871425736766,88.01229163987651,8.975441020815822,0.14897314535368655,18472972972.97297
0.0038,0.005889999999999999,0.0002200000000000000,0.001574,3,0.029500000000000002,0.007,0.00003500000000000000,0.0005000000000000000,0.001,18.513513513513516,-11.083988288821816,1.7744106785305274,0.009220885707931357,-0.3357742877519949,5.9608453363501415,7.753078535118987,-28.4411264327326,87.72300481537701,7.70697781209734,0.1552797122951271,18513513513.51352
0.0038,0.005889999999999999,0.0002200000000000000,0.001574,3,0.029500000000000002,0.007,0.00003500000000000000,0.0005000000000000000,0.001,18.554054054054056,-11.208619390522973,1.7591903831767433,0.009242926471765292,0.09772164051382844,6.2598638128911075,7.965648849750839,-28.209832227213532,87.2703474567999,6.368398684586791,0.16338315532195788,18554054054.05405
0.0038,0.005889999999999999,0.0002200000000000000,0.001574,3,0.029500000000000002,0.007,0.00003500000000000000,0.0005000000000000000,0.001,18.594594594594597,-11.363330661649814,1.740822999456891,0.009269421421763934,0.5411852550024019,6.520509837412543,8.142815544617259,-27.931104017400234,86.61208091279606,4.983856181650909,0.17371486015006057,18594594594.59460
0.0038,0.005889999999999999,0.0002200000000000000,0.001574,3,0.029500000000000002,0.007,0.00003500000000000000,0.0005000000000000000,0.001,18.635135135135137,-11.556691737622415,1.718652886279357,0.009301235510870797,0.9845375522750838,6.7176489354881,8.272173038575115,-27.602229076120896,85.70398021417321,3.5979162116883994,0.18673961168082445,18635135135.13514
0.0038,0.005889999999999999,0.0002200000000000000,0.001574,3,0.029500000000000002,0.007,0.00003500000000000000,0.0005000000000000000,0.001,18.675675675675677,-11.798655151050202,1.6920776512662752,0.009339101928053152,1.4128179343415104,6.824361045436342,8.340619952832743,-27.224750864801447,84.50908886286703,2.2825042220257115,0.20287091974765778,18675675675.67567
0.0038,0.005889999999999999,0.0002200000000000000,0.001574,3,0.029500000000000002,0.007,0.00003500000000000000,0.0005000000000000000,0.001,18.716216216216218,-12.099071086971948,1.6607770113244453,0.009383273100448643,1.8049016774965232,6.816274532086938,8.335470737435942,-26.807025493301083,83.01428254685852,1.1401061944391238,0.222301858745551,18716216216.21622
0.0038,0.005889999999999999,0.0002200000000000000,0.001574,3,0.029500000000000002,0.007,0.00003500000000000000,0.0005000000000000000,0.001,18.756756756756758,-12.463939059055612,1.625098866705455,0.009432969925232293,2.1328856293777454,6.677130675977613,8.245898757543236,-26.366528630196242,81.25320568983109,0.29618659934576475,0.2447364674986382,18756756756.75676
0.0038,0.005889999999999999,0.0002200000000000000,0.001574,3,0.029500000000000002,0.007,0.00003500000000000000,0.0005000000000000000,0.001,18.7972972972973,-12.888261142273548,1.5865548589770109,0.009485750490922465,2.4264385221029885,6.49775480079161,8.127633187860688,-25.930477696038267,79.32740648245965,-0.126835824858219,0.2690794513092111,18797297297.29730
0.0038,0.005889999999999999,0.0002200000000000000,0.001574,3,0.029500000000000002,0.007,0.00003500000000000000,0.0005000000000000000,0.001,18.83783783783784,-13.346178812843444,1.548176744296027,0.009537211968608511,2.682152735274963,6.323156242536715,8.009339131801628,-25.53297204530621,77.4087727623384,-0.053922405572385985,0.29327926576459845,18837837837.83784
0.0038,0.005889999999999999,0.0002200000000000000,0.001574,3,0.029500000000000002,0.007,0.00003500000000000000,0.0005000000000000000,0.001,18.878378378378383,-13.784529454449558,1.514261440850975,0.009581642986027629,2.7818415399943257,6.031266026299025,7.804084846980621,-25.207843457760024,75.70726779723695,0.49776588142567185,0.3146122794401787,18878378378.37838
0.0038,0.005889999999999999,0.0002200000000000000,0.001574,3,0.029500000000000002,0.007,0.00003500000000000000,0.0005000000000000000,0.001,18.91891891891892,-14.132235753335362,1.4891461074543046,0.00961383187395226,2.708385567778839,5.644925710263203,7.516582307897637,-24.97923151065617,74.40899270121882,1.4045415630738267,0.3305067442162436,18918918918.91892
0.0038,0.005889999999999999,0.0002200000000000000,0.001574,3,0.029500000000000002,0.007,0.00003500000000000000,0.0005000000000000000,0.001,18.959459459459463,-14.331294013575102,1.4754291418384895,0.00963113232474609,2.462788053314297,5.193104645213587,7.154270740645191,-24.85470918941884,73.61797040029893,2.46940343874504,0.3395093438457501,18959459459.45946
0.0038,0.005889999999999999,0.0002200000000000000,0.001574,3,0.029500000000000002,0.007,0.00003500000000000000,0.0005000000000000000,0.001,19,-14.368612422780874,1.4729089122148107,0.009634288381654288,2.5200901415934016,5.228003582729566,7.183358765288485,-24.825072205273848,73.33735177256544,3.483690590247512,0.3417221558991452,19000000000.00000
0.0038,0.005889999999999999,0.0002200000000000000,0.0018000000000000002,3,0.029500000000000002,0.007,0.00003500000000000000,0.0005000000000000000,0.001,16,-6.758688933032989,2.698685343931892,0.00789073519218644,-2.401741702877228,6.2362341176113185,7.9492241089110705,-31.3797911218539,107.33190947800968,49.50969581835849,0.092236628264387,16000000000.00000
0.0038,0.005889999999999999,0.0002200000000000000,0.0018000000000000002,3,0.029500000000000002,0.007,0.00003500000000000000,0.0005000000000000000,0.001,16.04054054054054,-6.7845450924986395,2.6893712894313806,0.007903255604944228,-2.2638722520583925,6.216522637915086,7.9354751950279425,-31.221287167080746,107.71983737911087,48.826878518720314,0.09551360900357202,16040540540.54054
0.0038,0.005889999999999999,0.0002200000000000000,0.0018000000000000002,3,0.029500000000000002,0.007,0.00003500000000000000,0.0005000000000000000,0.001,16.08108108108108,-6.811949628750307,2.679580524087215,0.007916444673641833,-2.1250779834431452,6.188797145332604,7.916062477426607,-31.05583865165309,108.08267634096556,48.12203561338091,0.0990571785772265,16081081081.08108
0.0038,0.005889999999999999,0.0002200000000000000,0.0018000000000000002,3,0.029500000000000002,0.007,0.00003500000000000000,0.0005000000000000000,0.001,16.121621621621625,-6.840971133376055,2.6693019099325164,0.00793032150733189,-1.985769568262502,6.153030306897801,7.890890542211448,-30.883752164119294,108.41735863562204,47.396498360231526,0.10288071857797257,16121621621.62162
0.0038,0.005889999999999999,0.0002200000000000000,0.0018000000000000002,3,0.029500000000000002,0.007,0.00003500000000000000,0.0005000000000000000,0.001,16.162162162162165,-6.871666413823322,2.658529778798356,0.007944898110171164,-1.8464702715982917,6.109247136219471,7.859876939199401,-30.705463891365305,108.72073485567502,46.65212077200356,0.10699544243415418,16162162162.16216
0.0038,0.005889999999999999,0.0002200000000000000,0.0018000000000000002,3,0.029500000000000002,0.007,0.00003500000000000000,0.0005000000000000000,0.001,16.202702702702705,-6.904074910548671,2.647265709833743,0.007960176884518019,-1.707828720954331,6.057521133793775,7.822949380012908,-30.521550917161587,108.9896527684194,45.891357212427856,0.11140949095982483,16202702702.70270
0.0038,0.005889999999999999,0.0002200000000000000,0.0018000000000000002,3,0.029500000000000002,0.007,0.00003500000000000000,0.0005000000000000000,0.001,16.243243243243246,-6.938211857709015,2.635520588715744,0.007976147702063615,-1.5706303103629529,5.997970390448397,7.780043174927625,-30.33274160898717,109.22106439345089,45.117334555063046,0.11612685153262325,16243243243.24324
0.0038,0.005889999999999999,0.0002200000000000000,0.0018000000000000002,3,0.029500000000000002,0.007,0.00003500000000000000,0.0005000000000000000,0.001,16.283783783783782,-6.974060174403568,2.6233169061847663,0.007992784589860642,-1.435806129576949,5.930754133371904,7.731099202003973,-30.1399242451634,109.4121645323637,44.33391060442993,0.12114610814069278,16283783783.78378
0.0038,0.005889999999999999,0.0002200000000000000,0.0018000000000000002,3,0.029500000000000002,0.007,0.00003500000000000000,0.0005000000000000000,0.001,16.324324324324326,-7.011561219280573,2.610691204123736,0.008010042147664924,-1.3044380503103026,5.856070137085005,7.676062695473616,-29.944152732942904,109.56056194866636,43.54570797314069,0.12645905305402802,16324324324.32432
0.0038,0.005889999999999999,0.0002200000000000000,0.0018000000000000002,3,0.029500000000000002,0.007,0.00003500000000000000,0.0005000000000000000,0.001,16.364864864864867,-7.050604758778293,2.5976965127742595,0.008027851906314581,-1.177758369899867,5.774153322919216,7.614883116565307,-29.746647963984444,109.66448105157355,42.75811037832395,0.13204922338472982,16364864864.86486
0.0038,0.005889999999999999,0.0002200000000000000,0.0018000000000000002,3,0.029500000000000002,0.007,0.00003500000000000000,0.0005000000000000000,0.001,16.405405405405407,-7.091018794062683,2.5844045455650746,0.008046118951134376,-1.057142254149015,5.68527573862767,7.547515330273399,-29.548793096949307,109.72298713496306,41.97720698080433,0.13789046671811572,16405405405.40541
0.0038,0.005889999999999999,0.0002200000000000000,0.0018000000000000002,3,0.029500000000000002,0.007,0.00003500000000000000,0.0005000000000000000,0.001,16.445945945945947,-7.1325602524052645,2.5709073365355715,0.008064719258920487,-0.944091198193334,5.589747955845642,7.473922258017672,-29.352120918655118,109.73622209654802,41.209670754868114,0.1439456862047905,16445945945.94595
0.0038,0.005889999999999999,0.0002200000000000000,0.0018000000000000002,3,0.029500000000000002,0.007,0.00003500000000000000,0.0005000000000000000,0.001,16.486486486486488,-7.1749079367857735,2.557317934324025,0.008083498311043739,-0.8402059096780269,5.4879217608309,7.394079111750766,-29.158291502320427,109.70563067654982,40.46255983245824,0.15016596034758453,16486486486.48649
0.0038,0.005889999999999999,0.0002200000000000000,0.0018000000000000002,3,0.029500000000000002,0.007,0.00003500000000000000,0.0005000000000000000,0.001,16.527027027027028,-7.217659466443193,2.543769728524736,0.008102271615808548,-0.7471474874378774,5.380193855515018,7.307979241540648,-28.96905874772301,109.63415073164172,39.74303705228851,0.1564902654033014,16527027027.02703
0.0038,0.005889999999999999,0.0002200000000000000,0.0018000000000000002,3,0.029500000000000002,0.007,0.00003500000000000000,0.0005000000000000000,0.001,16.56756756756757,-7.260334114237717,2.5304140064955063,0.008120827758451356,-0.6665865718108753,5.267010147388781,7.215641550673172,-28.786225129818312,109.52633656777513,39.0580127969455,0.16284603462128255,16567567567.56757
0.0038,0.005889999999999999,0.0002200000000000000,0.0018000000000000002,3,0.029500000000000002,0.007,0.00003500000000000000,0.0005000000000000000,0.001,16.60810810810811,-7.302383309762185,2.517415448345477,0.008138934454248497,-0.6001412889022497,5.148870097451793,7.117119350061949,-28.611585129298728,109.38838387732976,38.41372896696921,0.16915075325243176,16608108108.10811
0.0038,0.005889999999999999,0.0002200000000000000,0.0018000000000000002,3,0.029500000000000002,0.007,0.00003500000000000000,0.0005000000000000000,0.001,16.64864864864865,-7.343209994672275,2.504945481028911,0.008156347780610293,-0.5493062273386601,5.026330529559226,7.0125104423343165,-28.44685931472234,109.22803014976205,37.81531580591354,0.17531470006486033,16648648648.64865
0.0038,0.005889999999999999,0.0002200000000000000,0.0018000000000000002,3,0.029500000000000002,0.007,0.00003500000000000000,0.0005000000000000000,0.001,16.68918918918919,-7.382196922981726,2.493173722094981,0.008172824313156971,-0.5153762080228024,4.900008288621641,6.9019681466108445,-28.293622722408838,109.05431641054203,37.266365328864765,0.18124480385250047,16689189189.18919
0.0038,0.005889999999999999,0.0002200000000000000,0.0018000000000000002,3,0.029500000000000002,0.007,0.00003500000000000000,0.0005000000000000000,0.001,16.729729729729733,-7.418742468518422,2.4822581092169256,0.008188135344647874,-0.49936997594626253,4.770581175215426,6.7857129011224995,-28.15323275046593,108.87721400838477,36.768571820435746,0.18684940201633926,16729729729.72973
0.0038,0.005889999999999999,0.0002200000000000000,0.0018000000000000002,3,0.029500000000000002,0.007,0.00003500000000000000,0.0005000000000000000,0.001,16.770270270270274,-7.452300794943958,2.472334658580472,0.008202081834017659,-0.5019598477035051,4.638786681953421,6.664044016240384,-28.026762883673918,108.70714113884142,36.32148822214959,0.19204350053201236,16770270270.27027
0.0038,0.005889999999999999,0.0002200000000000000,0.0018000000000000002,3,0.029500000000000002,0.007,0.00003500000000000000,0.0005000000000000000,0.001,16.81081081081081,-7.482421788607608,2.463508028639968,0.008214508359785155,-0.5234135020994641,4.505418207612166,6.537351098164066,-27.914948841020507,108.55441344781927,35.9224358565728,0.19675398625714846,16810810810.81081
0.0038,0.005889999999999999,0.0002200000000000000,0.0018000000000000002,3,0.029500000000000002,0.007,0.00003500000000000000,0.0005000000000000000,0.001,16.85135135135135,-7.508785433916156,2.4558440994301978,0.00822531427248277,-0.563553338105469,4.371318617405251,6.406124625724507,-27.818152959375098,108.42868648606193,35.566585053474995,0.20092417955155362,16851351351.35135
0.0038,0.005889999999999999,0.0002200000000000000,0.0018000000000000002,3,0.029500000000000002,0.007,0.00003500000000000000,0.0005000000000000000,0.001,16.89189189189189,-7.531225680569107,2.449365568557384,0.008234460526152194,-0.621737170236015,4.237371239361877,6.27096514542293,-27.73635079570657,108.33845118593365,35.247199690685314,0.2045171671153715,16891891891.89189
0.0038,0.005889999999999999,0.0002200000000000000,0.0018000000000000002,3,0.029500000000000002,0.007,0.00003500000000000000,0.0005000000000000000,0.001,16.93243243243243,-7.549740363281972,2.444051138230974,0.008241971287961508,-0.6168927730130809,4.180766883275611,6.21255952259919,-27.669141322944174,108.29063564379825,34.95601490948447,0.20751752087607495,16932432432.43243
0.0038,0.005889999999999999,0.0002200000000000000,0.0018000000000000002,3,0.029500000000000002,0.007,0.00003500000000000000,0.0005000000000000000,0.001,16.972972972972975,-7.564486062737115,2.439838316442092,0.00824793024087783,-0.5335349624710345,4.21278604892062,6.245694035530052,-27.615779206732263,108.29034915201032,34.683699683373256,0.20993125410181904,16972972972.97297
0.0038,0.005889999999999999,0.0002200000000000000,0.0018000000000000002,3,0.029500000000000002,0.007,0.00003500000000000000,0.0005000000000000000,0.001,17.013513513513516,-7.57575933334056,2.436629312543287,0.008252472307214195,-0.4641717552412056,4.243159982817422,6.276894065827764,-27.57522506462172,108.34078196040551,34.4203480457189,0.21178413227712908,17013513513.51351
0.0038,0.005889999999999999,0.0002200000000000000,0.0018000000000000002,3,0.029500000000000002,0.007,0.00003500000000000000,0.0005000000000000000,0.001,17.054054054054056,-7.583967803463963,2.4342990998533516,0.00825577213760744,-0.4079263923178619,4.271553404224814,6.305858404110639,-27.54620781884048,108.4432519610015,34.155945319464955,0.21311868135551118,17054054054.05405
0.0038,0.005889999999999999,0.0002200000000000000,0.0018000000000000002,3,0.029500000000000002,0.007,0.00003500000000000000,0.0005000000000000000,0.001,17.094594594594597,-7.589595801257946,2.432704524409172,0.008258031008750596,-0.3637691209262289,4.297628291238569,6.332288499537077,-27.527292527369465,108.59737195052152,33.880766623443435,0.21399037408764798,17094594594.59460
0.0038,0.005889999999999999,0.0002200000000000000,0.0018000000000000002,3,0.029500000000000002,0.007,0.00003500000000000000,0.0005000000000000000,0.001,17.135135135135137,-7.593169235154208,2.4316933705928094,0.008259463734947133,-0.33056210320211343,4.321060840031081,6.355903811697729,-27.51694740841923,108.80130095004196,33.58568054332424,0.21446350948304155,17135135135.13514
0.0038,0.005889999999999999,0.0002200000000000000,0.0018000000000000002,3,0.029500000000000002,0.007,0.00003500000000000000,0.0005000000000000000,0.001,17.175675675675677,-7.595223651491193,2.4311125021670104,0.008260286895420771,-0.3071012933618182,4.341556869162961,6.376454941302993,-27.513604920135567,109.05204059242939,33.26234712850942,0.21460724359606675,17175675675.67568
0.0038,0.005889999999999999,0.0002200000000000000,0.0018000000000000002,3,0.029500000000000002,0.007,0.00003500000000000000,0.0005000000000000000,0.001,17.216216216216218,-7.596278086263599,2.4308144995563845,0.008260709233579518,-0.29215322416481027,4.358864300621255,6.393733488505056,-27.5157133544691,109.34574135390024,32.90331312343781,0.21449211358272785,17216216216.21622
0.0038,0.005889999999999999,0.0002200000000000000,0.0018000000000000002,3,0.029500000000000002,0.007,0.00003500000000000000,0.0005000000000000000,0.001,17.256756756756758,-7.596815933392995,2.4306625279557283,0.00826092462075598,-0.28448586408293114,4.3727815365161815,6.40757780602229,-27.521777076781298,109.67799100193892,32.50201678659352,0.21418725893899637,17256756756.75676
0.0038,0.005889999999999999,0.0002200000000000000,0.0018000000000000002,3,0.029500000000000002,0.007,0.00003500000000000000,0.0005000000000000000,0.001,17.2972972972973,-7.59727287663425,2.430533434154093,0.008261107588067335,-0.2828937576976738,4.3831607861725495,6.4178740204039295,-27.53038499601264,110.04406658585465,32.052719411018586,0.21375841580629132,17297297297.29730
0.0038,0.005889999999999999,0.0002200000000000000,0.0018000000000000002,3,0.029500000000000002,0.007,0.00003500000000000000,0.0005000000000000000,0.001,17.33783783783784,-7.59803113310433,2.430319250946148,0.008261411163493616,-0.28621843094880434,4.3899056359608375,6.424551848840437,-27.540227908070534,110.4391396493002,31.55038136065984,0.2132666622434764,17337837837.83784
0.0038,0.005889999999999999,0.0002200000000000000,0.0018000000000000002,3,0.029500000000000002,0.007,0.00003500000000000000,0.0005000000000000000,0.001,17.378378378378383,-7.599418854616319,2.429927381652008,0.008261966614185153,-0.29336550416135326,4.3929623485742155,6.427574810079728,-27.550105957222968,110.85843087350177,30.990498199693437,0.21276783210795866,17378378378.37838
0.0038,0.005889999999999999,0.0002200000000000000,0.0018000000000000002,3,0.029500000000000002,0.007,0.00003500000000000000,0.0005000000000000000,0.001,17.41891891891892,-7.601713463913811,2.4292797560923063,0.008262884667338759,-0.30332014620840014,4.392304490513298,6.426924393577876,-27.55892763026306,111.29731451989285,30.368908508886367,0.2123124911061638,17418918918.91892
0.0038,0.005889999999999999,0.0002200000000000000,0.0018000000000000002,3,0.029500000000000002,0.007,0.00003500000000000000,0.0005000000000000000,0.001,17.459459459459463,-7.605147868936192,2.4283112132580515,0.00826425783682411,-0.2949869830562212,4.408342311911033,6.442753105265657,-27.565701505428414,111.75137475696444,29.68158025233928,0.21194637407512296,17459459459.45946
0.0038,0.005889999999999999,0.0002200000000000000,0.0018000000000000002,3,0.029500000000000002,0.007,0.00003500000000000000,0.0005000000000000000,0.001,17.5,-7.609918808193433,2.426967294171196,0.008266163588296228,-0.29521161382411554,4.413010742149281,6.447349846079627,-27.56952150223514,112.21641537164895,28.924377785224895,0.21171120985925598,17500000000.00000
0.0038,0.005889999999999999,0.0002200000000000000,0.0018000000000000002,3,0.029500000000000002,0.007,0.00003500000000000000,0.0005000000000000000,0.001,17.540540540540544,-7.616196970108015,2.425201535229858,0.008268668211787678,-0.3075451876796369,4.401853814367015,6.436356155303824,-27.56954568500044,112.68842162618476,28.09280721565571,0.21164590290151203,17540540540.54054
0.0038,0.005889999999999999,0.0002200000000000000,0.0018000000000000002,3,0.029500000000000002,0.007,0.00003500000000000000,0.0005000000000000000,0.001,17.581081081081084,-7.62413896933336,2.4229722447465574,0.008271831427379164,-0.33239457538204514,4.373800780671657,6.408589977630323,-27.56496779999212,113.16346809635395,27.181734125063088,0.21178809535900125,17581081081.08108
0.0038,0.005889999999999999,0.0002200000000000000,0.0018000000000000002,3,0.029500000000000002,0.007,0.00003500000000000000,0.0005000000000000000,0.001,17.62162162162162,-7.63390175869386,2.4202386230936375,0.008275711927157134,-0.2968567461415934,4.401671807453735,6.436176580434591,-27.554979679455837,113.63755887260267,26.18506488228005,0.21217620012582392,17621621621.62162
0.0038,0.005889999999999999,0.0002200000000000000,0.0018000000000000002,3,0.029500000000000002,0.007,0.00003500000000000000,0.0005000000000000000,0.001,17.662162162162165,-7.645660645017404,2.4169559423433333,0.00828037426664136,-0.2670921734452448,4.417869570803972,6.452128900061565,-27.538721403406665,114.10637574619909,25.095381447616525,0.21285207714286417,17662162162.16216
0.0038,0.005889999999999999,0.0002200000000000000,0.0018000000000000002,3,0.029500000000000002,0.007,0.00003500000000000000,0.0005000000000000000,0.001,17.7027027027027,-7.659632835031818,2.4130693196831348,0.008285897783516473,-0.24884254920084647,4.415468392717246,6.4497678029924295,-27.515214637670837,114.56489459781665,23.90352072140557,0.2138646300293071,17702702702.70270
0.0038,0.005889999999999999,0.0002200000000000000,0.0018000000000000002,3,0.029500000000000002,0.007,0.00003500000000000000,0.0005000000000000000,0.001,17.743243243243246,-7.676109481751519,2.408505377574368,0.008292388575084271,-0.24324562144808148,4.392202633129781,6.4268236796755875,-27.483272855012775,115.00680815076419,22.59809537828154,0.2152747382686955,17743243243.24324
0.0038,0.005889999999999999,0.0002200000000000000,0.0018000000000000002,3,0.029500000000000002,0.007,0.00003500000000000000,0.0005000000000000000,0.001,17.783783783783782,-7.695500711009206,2.4031607515614817,0.008299996056161382,-0.2518777426332549,4.34538380144798,6.380281410815193,-27.441380293286887,115.42366187871366,21.16496821294599,0.21716212597107157,17783783783.78378
0.0038,0.005889999999999999,0.0002200000000000000,0.0018000000000000002,3,0.029500000000000002,0.007,0.00003500000000000000,0.0005000000000000000,0.001,17.824324324324326,-7.7184003464752955,2.396885945682819,0.008308936307078876,-0.27686683566615866,4.271808110856749,6.306117359990219,-27.387529897085685,115.80356629954989,19.586724921128546,0.21963501619170542,17824324324.32433
0.0038,0.005889999999999999,0.0002200000000000000,0.0018000000000000002,3,0.029500000000000002,0.007,0.00003500000000000000,0.0005000000000000000,0.001,17.864864864864867,-7.745680400848444,2.3894624087139475,0.008319525371657926,-0.21896202358096822,4.266810603378375,6.301033656778748,-27.319010175083704,116.12929183844095,17.8422570094302,0.2228437365748621,17864864864.86486
0.0038,0.005889999999999999,0.0002200000000000000,0.0018000000000000002,3,0.029500000000000002,0.007,0.00003500000000000000,0.0005000000000000000,0.001,17.905405405405407,-7.7786303757077615,2.3805699057500935,0.00833222690869895,-0.14527391501617626,4.260368151841042,6.294471294794156,-27.232134325504475,116.37548734909139,15.906695882215246,0.22699980233344072,17905405405.40541
0.0038,0.005889999999999999,0.0002200000000000000,0.0018000000000000002,3,0.029500000000000002,0.007,0.00003500000000000000,0.0005000000000000000,0.001,17.945945945945947,-7.819163603895522,2.369740395896584,0.008347720024237691,0.1678603718109356,4.472451483083869,6.5054563806149215,-27.121917261275247,116.50471573742894,13.752179047717526,0.2324022878673255,17945945945.94595
0.0038,0.005889999999999999,0.0002200000000000000,0.0018000000000000002,3,0.029500000000000002,0.007,0.00003500000000000000,0.0005000000000000000,0.001,17.986486486486488,-7.870122631651797,2.356294128138181,0.008366994163912012,0.5673419424511082,4.758579855413081,6.7747736175807045,-26.98173701453182,116.4620462766926,11.35034981826029,0.23947315308490566,17986486486.48649
0.0038,0.005889999999999999,0.0002200000000000000,0.0018000000000000002,3,0.029500000000000002,0.007,0.00003500000000000000,0.0005000000000000000,0.001,18.027027027027028,-7.935727048656958,2.3392547737020313,0.008391476926116918,0.9851521569739898,5.0426851960438315,7.0266185693794565,-26.80308236500786,116.16827314026439,8.678163565439743,0.2488017087678028,18027027027.02703
0.0038,0.005889999999999999,0.0002200000000000000,0.0018000000000000002,3,0.029500000000000002,0.007,0.00003500000000000000,0.0005000000000000000,0.001,18.06756756756757,-8.022215071773132,2.317246186341657,0.008423193168606473,1.416307121951181,5.304791232191329,7.246682970985553,-26.57560824447174,115.51284891885685,5.729462600054955,0.26119353013678936,18067567567.56757
0.0038,0.005889999999999999,0.0002200000000000000,0.0018000000000000002,3,0.029500000000000002,0.007,0.00003500000000000000,0.0005000000000000000,0.001,18.10810810810811,-8.138717700340472,2.288390431667784,0.008464929838664582,1.8527137464765517,5.5167703275623365,7.416849039235584,-26.287901664537195,114.35002600946663,2.535425568641534,0.2777067722465278,18108108108.10811
0.0038,0.005889999999999999,0.0002200000000000000,0.0018000000000000002,3,0.029500000000000002,0.007,0.00003500000000000000,0.0005000000000000000,0.001,18.14864864864865,-8.298326201223436,2.2502668129101053,0.008520321444110104,2.2815453776774994,5.643720029147233,7.515654613522812,-25.929549439856487,112.50617736418174,-0.8042065928905034,0.2996326093945779,18148648648.64865
0.0038,0.005889999999999999,0.0002200000000000000,0.0018000000000000002,3,0.029500000000000002,0.007,0.00003500000000000000,0.0005000000000000000,0.001,18.18918918918919,-8.519067325962727,2.2000679350529686,0.0085936504861144,2.6832699393071815,5.649549235335904,7.520137978343319,-25.49509117464539,109.81188700031647,-4.0838324292689165,0.32833198786935197,18189189189.18919
0.0038,0.005889999999999999,0.0002200000000000000,0.0018000000000000002,3,0.029500000000000002,0.007,0.00003500000000000000,0.0005000000000000000,0.001,18.22972972972973,-8.823902346950707,2.135190783341355,0.008688978646782376,3.029903895478724,5.507337349516541,7.4094167981272285,-24.989825603219366,106.17260083946482,-6.969387971034227,0.3647948594061694,18229729729.72973
0.0038,0.005889999999999999,0.0002200000000000000,0.0018000000000000002,3,0.029500000000000002,0.007,0.00003500000000000000,0.0005000000000000000,0.001,18.270270270270274,-9.237744901376713,2.0545233637064575,0.00880813927220966,3.2849164964979023,5.21142561835176,7.169565435473495,-24.435807209181753,101.67134153280624,-9.031877141597342,0.4088227978797371,18270270270.27027
0.0038,0.005889999999999999,0.0002200000000000000,0.0018000000000000002,3,0.029500000000000002,0.007,0.00003500000000000000,0.0005000000000000000,0.001,18.31081081081081,-9.778221219258825,1.9603580477128477,0.008947607176013605,3.4753086350387203,4.8601178886205645,6.8664680378008,-23.87409031127242,96.64749490270253,-9.8738776971696,0.4580195964032378,18310810810.81081
0.0038,0.005889999999999999,0.0002200000000000000,0.0018000000000000002,3,0.029500000000000002,0.007,0.00003500000000000000,0.0005000000000000000,0.001,18.351351351351354,-10.437671216043755,1.8599547537438015,0.009095865839320039,4.062407920759502,5.022656708719122,7.0093349577772965,-23.358486576589193,91.65787411482147,-9.316132915060095,0.5073495696147801,18351351351.35135
0.0038,0.005889999999999999,0.0002200000000000000,0.0018000000000000002,3,0.029500000000000002,0.007,0.00003500000000000000,0.0005000000000000000,0.001,18.39189189189189,-11.161373131394294,1.7649148794986238,0.00923464541747673,4.427807809308254,5.037330027503513,7.022004051813857,-22.9399939975199,87.28801847265609,-7.514360835521448,0.5502757517226678,18391891891.89189
0.0038,0.005889999999999999,0.0002200000000000000,0.0018000000000000002,3,0.029500000000000002,0.007,0.00003500000000000000,0.0005000000000000000,0.001,18.432432432432435,-11.842413097122833,1.6874045304755971,0.00934572746441902,4.572856910207033,4.929697162685574,6.928202408564954,-22.649214376483066,83.92900021106723,-4.894647219410754,0.5813871788297305,18432432432.43243
0.0038,0.005889999999999999,0.0002200000000000000,0.0018000000000000002,3,0.029500000000000002,0.007,0.00003500000000000000,0.0005000000000000000,0.001,18.472972972972975,-12.358723570652487,1.6351362428885616,0.009419064865666458,4.524791028035324,4.73497298762182,6.753175057552903,-22.488306152162316,81.68182727263657,-1.9575436310548584,0.5986343000325065,18472972972.97297
0.0038,0.005889999999999999,0.0002200000000000000,0.0018000000000000002,3,0.029500000000000002,0.007,0.00003500000000000000,0.0005000000000000000,0.001,18.513513513513516,-12.639849062674413,1.608751891819021,0.009455478422854885,4.355496964674504,4.517767032456612,6.549238319125438,-22.43690627525856,80.42136478441171,0.894874792129613,0.6034285645416543,18513513513.51352
0.0038,0.005889999999999999,0.0002200000000000000,0.0018000000000000002,3,0.029500000000000002,0.007,0.00003500000000000000,0.0005000000000000000,0.001,18.554054054054056,-12.699888866002091,1.6032935805398882,0.00946295446105261,4.425695547764393,4.625110238974517,6.651220885578097,-22.4652578365759,79.92439538495412,3.4221464243295494,0.5990284736467468,18554054054.05405
0.0038,0.005889999999999999,0.0002200000000000000,0.0018000000000000002,3,0.029500000000000002,0.007,0.00003500000000000000,0.0005000000000000000,0.001,18.594594594594597,-12.605935391292014,1.6118619546709123,0.009451209656577338,4.454120461511205,4.736139201548693,6.754244584057506,-22.54525015009306,79.97031595310074,5.521353876606538,0.5888268262839608,18594594594.59460
0.0038,0.005889999999999999,0.0002200000000000000,0.0018000000000000002,3,0.029500000000000002,0.007,0.00003500000000000000,0.0005000000000000000,0.001,18.635135135135137,-12.428180975049791,1.6284879238682204,0.009428281951667465,4.417105331615673,4.805138542222913,6.817059138059225,-22.655628190722386,80.38888056749697,7.1728770620746864,0.5754460580132649,18635135135.13514
0.0038,0.005889999999999999,0.0002200000000000000,0.0018000000000000002,3,0.029500000000000002,0.007,0.00003500000000000000,0.0005000000000000000,0.001,18.675675675675677,-12.215227146600746,1.6491502590200098,0.009399549396943992,4.333175139857707,4.838262258989142,6.846894056845702,-22.78264857153482,81.07009806144714,8.391264666285092,0.5605677494012049,18675675675.67567
0.0038,0.005889999999999999,0.0002200000000000000,0.0018000000000000002,3,0.029500000000000002,0.007,0.00003500000000000000,0.0005000000000000000,0.001,18.716216216216218,-11.993293402880138,1.6715918966868781,0.00936806754626178,4.289252754300941,4.925369563070112,6.924388222814644,-22.918635333968858,81.95683035586985,9.19005656227409,0.5451128918382813,18716216216.21622
0.0038,0.005889999999999999,0.0002200000000000000,0.0018000000000000002,3,0.029500000000000002,0.007,0.00003500000000000000,0.0005000000000000000,0.001,18.756756756756758,-11.773662035555512,1.6947647074499654,0.009335287575559653,4.298069829903527,5.080842030460591,7.059356923781614,-23.06001008360861,83.03228505409693,9.556094824282262,0.5295064938048508,18756756756.75676
0.0038,0.005889999999999999,0.0002200000000000000,0.0018000000000000002,3,0.029500000000000002,0.007,0.00003500000000000000,0.0005000000000000000,0.001,18.7972972972973,-11.559919710273585,1.7182899588420417,0.009301754687306858,4.280521128430371,5.213694186349011,7.17145553668487,-23.20528559031336,84.3055570686025,9.424678912531043,0.5139330641855125,18797297297.29730
0.0038,0.005889999999999999,0.0002200000000000000,0.0018000000000000002,3,0.029500000000000002,0.007,0.00003500000000000000,0.0005000000000000000,0.001,18.83783783783784,-11.353441550336907,1.7419800143677753,0.009267755960878941,4.239912468562102,5.323936952952661,7.262329038374075,-23.352670675817354,85.7897526962674,8.645273703258793,0.4986069675079956,18837837837.83784
0.0038,0.005889999999999999,0.0002200000000000000,0.0018000000000000002,3,0.029500000000000002,0.007,0.00003500000000000000,0.0005000000000000000,0.001,18.878378378378383,-11.158426858104031,1.7652736804733127,0.009234126021326653,4.1760545777580615,5.402523616699298,7.325966740429731,-23.495954190438685,87.45237392176114,6.926129411379783,0.48418216021077737,18878378378.37838
0.0038,0.005889999999999999,0.0002200000000000000,0.0018000000000000002,3,0.029500000000000002,0.007,0.00003500000000000000,0.0005000000000000000,0.001,18.91891891891892,-10.989479458311406,1.7862133044950907,0.00920374521687795,4.085059764131789,5.420080606440096,7.340057453339275,-23.61535181135715,89.07987420050931,3.7547958764493745,0.47260708836288223,18918918918.91892
0.0038,0.005889999999999999,0.0002200000000000000,0.0018000000000000002,3,0.029500000000000002,0.007,0.00003500000000000000,0.0005000000000000000,0.001,18.959459459459463,-10.888504174008908,1.799079591836802,0.009185015061771768,3.958654137814321,5.303394934993186,7.2455396950999384,-23.656086829213336,89.91135081510032,-1.6272898977732853,0.4691497014272878,18959459459.45946
0.0038,0.005889999999999999,0.0002200000000000000,0.0018000000000000002,3,0.029500000000000002,0.007,0.00003500000000000000,0.0005000000000000000,0.001,19,-10.96901568862692,1.7887991981767444,0.009199984445158186,3.819173742617674,4.948023077898276,6.944317165392379,-23.487272492131627,87.8652862071584,-9.713100930664517,0.4869514436627988,19000000000.00000
0.0038,0.006,0.0002000000000000000,0.001574,3,0.029500000000000002,0.007,0.00003500000000000000,0.0005000000000000000,0.001,16,-9.237220151156729,2.0546206686573516,0.008807995253118622,-5.8769063787230476,5.355161362912879,7.2877256162292925,-33.71586127585007,82.61855860338436,34.237679758624935,0.04825438673062261,16000000000.00000
0.0038,0.006,0.0002000000000000000,0.001574,3,0.029500000000000002,0.007,0.00003500000000000000,0.0005000000000000000,0.001,16.04054054054054,-9.258886584624367,2.0506130630020585,0.0088139272133372,-5.826112140917493,5.307308514386615,7.248743339458179,-33.62316088314154,82.84897307000949,33.92210962129824,0.04926227360211786,16040540540.54054
0.0038,0.006,0.0002000000000000000,0.001574,3,0.029500000000000002,0.007,0.00003500000000000000,0.0005000000000000000,0.001,16.08108108108108,-9.281400638026943,2.0464703350996194,0.008820059966791492,-5.773035580589925,5.25308861354836,7.2041472691209,-33.522467471000326,83.07468544201336,33.597576853263234,0.05038273219042317,16081081081.08108
0.0038,0.006,0.0002000000000000000,0.001574,3,0.029500000000000002,0.007,0.00003500000000000000,0.0005000000000000000,0.001,16.121621621621625,-9.304825977770662,2.0421831880766494,0.008826407292474771,-5.717520125128974,5.1925439811983285,7.153801837263181,-33.413482322493934,83.29501068382844,33.26389323252251,0.05162591996197119,16121621621.62162
0.0038,0.006,0.0002000000000000000,0.001574,3,0.029500000000000002,0.007,0.00003500000000000000,0.0005000000000000000,0.001,16.162162162162165,-9.329229470999728,2.0377420660225543,0.008832983348208938,-5.659460646111115,5.1257767605466436,7.097596877292358,-33.29598340627089,83.5091906517964,32.920912254226955,0.053002242850806916,16162162162.16216
0.0038,0.006,0.0002000000000000000,0.001574,3,0.029500000000000002,0.007,0.00003500000000000000,0.0005000000000000000,0.001,16.202702702702705,-9.354680692943388,2.033137277406007,0.008839802485592253,-5.5988099395115825,5.052948384926991,7.0354486201106265,-33.16983294611357,83.71638979753862,32.56854281400196,0.05452229698208923,16202702702.70270
0.0038,0.006,0.0002000000000000000,0.001574,3,0.029500000000000002,0.007,0.00003500000000000000,0.0005000000000000000,0.001,16.243243243243246,-9.381251166927836,2.0283591654658566,0.008846878994778805,-5.535585100218679,4.974277589187974,6.9673001738118625,-33.03498440253391,83.91569229103685,32.206765474735,0.0561967852801287,16243243243.24324
0.0038,0.006,0.0002000000000000000,0.001574,3,0.029500000000000002,0.007,0.00003500000000000000,0.0005000000000000000,0.001,16.283783783783782,-9.40901326820388,2.0233983353289884,0.008854226764559363,-5.4698737951213525,4.890037114987196,6.893121553962102,-32.89148894458045,84.10610120818107,31.83565151251481,0.05803639997233161,16283783783.78378
0.0038,0.006,0.0002000000000000000,0.001574,3,0.029500000000000002,0.007,0.00003500000000000000,0.0005000000000000000,0.001,16.324324324324326,-9.438038708666074,2.0182459490507916,0.008861858841097515,-5.394787353376113,4.808351941982987,6.819962478605964,-32.73950155243427,84.28654060033206,31.455384861568014,0.06005165996580458,16324324324.32432
0.0038,0.006,0.0002000000000000000,0.001574,3,0.029500000000000002,0.007,0.00003500000000000000,0.0005000000000000000,0.001,16.364864864864867,-9.46839650574491,2.012894100867532,0.00886978686709926,-5.310157173514213,4.729619023462833,6.74826159200499,-32.57928692295532,84.45586146200274,31.066286939774685,0.062252690140886684,16364864864.86486
0.0038,0.006,0.0002000000000000000,0.001574,3,0.029500000000000002,0.007,0.00003500000000000000,0.0005000000000000000,0.001,16.405405405405407,-9.500150327298737,2.0073362853157253,0.008878020382729435,-5.204974497625713,4.6659622618848084,6.689412219156284,-32.41122533906375,84.6128528243488,30.668844113873604,0.0646489280684034,16405405405.40541
0.0038,0.006,0.0002000000000000000,0.001574,3,0.029500000000000002,0.007,0.00003500000000000000,0.0005000000000000000,0.001,16.445945945945947,-9.533355098936267,2.00156796989085,0.008886565971165975,-5.073886101386458,4.623035401738227,6.649272191401571,-32.235818599723856,84.7562594041279,30.263737228236636,0.06724874295604373,16445945945.94595
0.0038,0.006,0.0002000000000000000,0.001574,3,0.029500000000000002,0.007,0.00003500000000000000,0.0005000000000000000,0.001,16.486486486486488,-9.568052765754583,1.9955872808523247,0.008895426236403443,-4.940222073733668,4.576296490114712,6.605141538639608,-32.0536959850998,84.88480739100886,29.85187215033768,0.07005895236619299,16486486486.48649
0.0038,0.006,0.0002000000000000000,0.001574,3,0.029500000000000002,0.007,0.00003500000000000000,0.0005000000000000000,0.001,16.527027027027028,-9.60426712415167,1.9893958046416127,0.008904598610258453,-4.804722321791333,4.525891312784164,6.55704120360014,-31.86562004851888,84.99724000280095,29.434409660665008,0.07308422524989262,16527027027.02703
0.0038,0.006,0.0002000000000000000,0.001574,3,0.029500000000000002,0.007,0.00003500000000000000,0.0005000000000000000,0.001,16.56756756756757,-9.641997690171925,1.9829994970597342,0.008914074001129577,-4.668248166602773,4.47198766695646,6.505005971636665,-31.672491787170344,85.09236429662961,29.01279223572605,0.07632636611270238,16567567567.56757
0.0038,0.006,0.0002000000000000000,0.001574,3,0.029500000000000002,0.007,0.00003500000000000000,0.0005000000000000000,0.001,16.60810810810811,-9.681212659001764,1.9764096767935617,0.008923835320467343,-4.531783324133771,4.414775874290944,6.449086605683087,-31.47535445721189,85.16911029447428,28.588764373087834,0.07978348579635226,16608108108.10811
0.0038,0.006,0.0002000000000000000,0.001574,3,0.029500000000000002,0.007,0.00003500000000000000,0.0005000000000000000,0.001,16.64864864864865,-9.721841146013109,1.9696440583181452,0.008933855955201587,-4.3964313845968,4.354470033319979,6.389353061610821,-31.275394987643544,85.2266026485783,28.164382172279353,0.08344908044162933,16648648648.64865
0.0038,0.006,0.0002000000000000000,0.001574,3,0.029500000000000002,0.007,0.00003500000000000000,0.0005000000000000000,0.001,16.68918918918919,-9.76376508963374,1.9627277517592991,0.008944098295274407,-4.263408471781915,4.291309923633774,6.325898809422319,-31.073941646731345,85.26424373648219,27.742007070052928,0.08731106222655716,16689189189.18919
0.0038,0.006,0.0002000000000000000,0.001574,3,0.029500000000000002,0.007,0.00003500000000000000,0.0005000000000000000,0.001,16.729729729729733,-9.80681143815586,1.9556941256232745,0.008954512472346065,-4.134029656000753,4.225563359952137,6.258846180924037,-30.87245637989009,85.28180518323298,27.324278173495024,0.09135081289200712,16729729729.72973
0.0038,0.006,0.0002000000000000000,0.001574,3,0.029500000000000002,0.007,0.00003500000000000000,0.0005000000000000000,0.001,16.770270270270274,-9.850745518499833,1.948585396349812,0.008965035512622135,-4.00968775077142,4.157528675161177,6.188352533025778,-30.672520141350287,85.27952241612776,26.914057852368195,0.09554236153893476,16770270270.27027
0.0038,0.006,0.0002000000000000000,0.001574,3,0.029500000000000002,0.007,0.00003500000000000000,0.0005000000000000000,0.001,16.81081081081081,-9.895266753916657,1.941452783285973,0.00897559114323084,-3.89182341202357,4.087536908793861,6.114616871883763,-30.475809670412502,85.2581841889983,26.514346489498063,0.09985181688256653,16810810810.81081
0.0038,0.006,0.0002000000000000000,0.001574,3,0.029500000000000002,0.007,0.00003500000000000000,0.0005000000000000000,0.001,16.85135135135135,-9.940008091423504,1.9343560585367565,0.008986090503299257,-3.781886035881003,4.015953213444936,6.037886445600078,-30.284064598774755,85.21920651306812,26.12816482660678,0.1042372035827321,16851351351.35135
0.0038,0.006,0.0002000000000000000,0.001574,3,0.029500000000000002,0.007,0.00003500000000000000,0.0005000000000000000,0.001,16.89189189189189,-9.984540526342867,1.927362339335479,0.008996433981472518,-3.681285835502482,3.943176990839553,5.958462709661621,-30.099044571955,85.1646787574943,25.75840626724719,0.10864885290642094,16891891891.89189
0.0038,0.006,0.0002000000000000000,0.001574,3,0.029500000000000002,0.007,0.00003500000000000000,0.0005000000000000000,0.001,16.93243243243243,-10.028383872114153,1.9205440256794646,0.009006514317315655,-3.5913386301499073,3.8696403438622897,5.8767060224514855,-29.922477215233855,85.09736961353298,25.407666536102038,0.11303047032912798,16932432432.43243
0.0038,0.006,0.0002000000000000000,0.001574,3,0.029500000000000002,0.007,0.00003500000000000000,0.0005000000000000000,0.001,16.972972972972975,-10.071024346648386,1.9139758816525134,0.009016220960188942,-3.5132061743318626,3.7958045832528717,5.793038458523251,-29.75599916878371,85.02068284247271,25.07806351134092,0.11732094073842489,16972972972.97297
0.0038,0.006,0.0002000000000000000,0.001574,3,0.029500000000000002,0.007,0.00003500000000000000,0.0005000000000000000,0.001,17.013513513513516,-10.111938630496557,1.907731388183459,0.009025445487046998,-3.4478360857639716,3.722154738304617,5.707944237638364,-29.601093848880588,84.9385575585995,24.7710646793016,0.12145683719524099,17013513513.51351
0.0038,0.006,0.0002000000000000000,0.001574,3,0.029500000000000002,0.007,0.00003500000000000000,0.0005000000000000000,0.001,17.054054054054056,-10.150622905305383,1.9018786377240977,0.009034087671024085,-3.3959063304767048,3.6491922570037687,5.621967446900294,-29.45903076894436,84.85531488335457,24.487342137729865,0.1253754839071879,17054054054.05405
0.0038,0.006,0.0002000000000000000,0.001574,3,0.029500000000000002,0.007,0.00003500000000000000,0.0005000000000000000,0.001,17.094594594594597,-10.186624230815273,1.896476165713968,0.009042061612914662,-3.3577795311746654,3.5774262977575444,5.535706951762109,-29.330811862879003,84.77546101105291,24.226674236401795,0.12901831086091142,17094594594.59460
0.0038,0.006,0.0002000000000000000,0.001574,3,0.029500000000000002,0.007,0.00003500000000000000,0.0005000000000000000,0.001,17.135135135135137,-10.219570770026216,1.8915691840907334,0.009049301249765475,-3.3334719028981414,3.5073641707326924,5.449808611562763,-29.217130053995803,84.70346429675905,23.9879083280017,0.13233415498624299,17135135135.13514
0.0038,0.006,0.0002000000000000000,0.001574,3,0.029500000000000002,0.007,0.00003500000000000000,0.0005000000000000000,0.001,17.175675675675677,-10.249197114577877,1.8871866708998761,0.009055764577912863,-3.3226403713409054,3.4395015517453653,5.36495509719418,-29.11834423186172,84.64352901855229,23.76899126132505,0.13528213641418346,17175675675.67568
0.0038,0.006,0.0002000000000000000,0.001574,3,0.029500000000000002,0.007,0.00003500000000000000,0.0005000000000000000,0.001,17.216216216216218,-10.275361454004312,1.8833396695111484,0.009061436081245254,-3.305613466406671,3.389089068399901,5.300829826486164,-29.034472979770367,84.59938957558155,23.567064741071416,0.13783378131929094,17216216216.21622
0.0038,0.006,0.0002000000000000000,0.001574,3,0.029500000000000002,0.007,0.00003500000000000000,0.0005000000000000000,0.001,17.256756756756758,-10.298052517295739,1.880020978819919,0.009066327111297554,-3.2286555720616,3.396929586847929,5.31086544703312,-28.965207176446288,84.5741456789369,23.378613628435065,0.13997416907720173,17256756756.75676
0.0038,0.006,0.0002000000000000000,0.001574,3,0.029500000000000002,0.007,0.00003500000000000000,0.0005000000000000000,0.001,17.2972972972973,-10.31738582052056,1.8772062112963865,0.009070474265585965,-3.087656208681086,3.466237502185131,5.398583167029557,-28.90993942071858,84.57015237681142,23.19964867624385,0.14170202690213035,17297297297.29730
0.0038,0.006,0.0002000000000000000,0.001574,3,0.029500000000000002,0.007,0.00003500000000000000,0.0005000000000000000,0.001,17.33783783783784,-10.333590380732904,1.8748560065967452,0.00907393608476336,-2.965572746507597,3.5319869679410565,5.480190924814856,-28.867806512866288,84.58897022897112,23.025902332702138,0.14302884541809183,17337837837.83784
0.0038,0.006,0.0002000000000000000,0.001574,3,0.029500000000000002,0.007,0.00003500000000000000,0.0005000000000000000,0.001,17.378378378378383,-10.34698832045186,1.8729190549506292,0.009076788580114554,-2.862126198145016,3.593301217069477,5.554936245043867,-28.837740245018058,84.63137260080286,22.853017271777283,0.14397721071576802,17378378378.37838
0.0038,0.006,0.0002000000000000000,0.001574,3,0.029500000000000002,0.007,0.00003500000000000000,0.0005000000000000000,0.001,17.41891891891892,-10.357970447330462,1.8713355276745987,0.00907912018159774,-2.776842591698669,3.6493176146608044,5.622116633897853,-28.818521576057226,84.697400534068,22.67671139300564,0.1445786207795451,17418918918.91892
0.0038,0.006,0.0002000000000000000,0.001574,3,0.029500000000000002,0.007,0.00003500000000000000,0.0005000000000000000,0.001,17.459459459459463,-10.36697090877719,1.870040530164912,0.00908102666695737,-2.709102312374365,3.699202429125772,5.681080975892055,-28.80883377817725,84.78645186585615,22.492908781624365,0.14487107113269357,17459459459.45946
0.0038,0.006,0.0002000000000000000,0.001574,3,0.029500000000000002,0.007,0.00003500000000000000,0.0005000000000000000,0.001,17.5,-10.374443522767509,1.8689672662654107,0.00908260652319558,-2.6581894334775136,3.742162715111452,5.731226673806303,-28.807311106439016,84.8973902747508,22.29783208130858,0.14489666486058014,17500000000.00000
0.0038,0.006,0.0002000000000000000,0.001574,3,0.029500000000000002,0.007,0.00003500000000000000,0.0005000000000000000,0.001,17.540540540540544,-10.380841598559735,1.8680497046731261,0.009083957042674055,-2.623337853192785,3.7774554893324823,5.7719935564476845,-28.81258069156229,85.02866117562965,22.088056791579422,0.14469944288963654,17540540540.54054
0.0038,0.006,0.0002000000000000000,0.001574,3,0.029500000000000002,0.007,0.00003500000000000000,0.0005000000000000000,0.001,17.581081081081084,-10.386602213295571,1.867224642198281,0.009085171304553448,-2.60377210621337,3.804394594722358,5.802855559580343,-28.823296460611786,85.17840400497748,21.860531561153714,0.1443235601451172,17581081081.08108
0.0038,0.006,0.0002000000000000000,0.001574,3,0.029500000000000002,0.007,0.00003500000000000000,0.0005000000000000000,0.001,17.62162162162162,-10.392135173845023,1.8664331468232274,0.009086336064485374,-2.598741767706565,3.8223556959514227,5.823310986271998,-28.838164799373928,85.34455358442962,21.61257049064644,0.14381186705590346,17621621621.62162
0.0038,0.006,0.0002000000000000000,0.001574,3,0.029500000000000002,0.007,0.00003500000000000000,0.0005000000000000000,0.001,17.662162162162165,-10.397816358798586,1.8656214263909223,0.00908753048449738,-2.6075493023776843,3.8307797421738266,5.832871821296629,-28.85596231638995,85.52492626064448,21.34182400189182,0.14320490305992487,17662162162.16216
0.0038,0.006,0.0002000000000000000,0.001574,3,0.029500000000000002,0.007,0.00003500000000000000,0.0005000000000000000,0.001,17.7027027027027,-10.40398482308646,1.8647412049518601,0.009088825582760255,-2.620324739044972,3.8373369918664095,5.840299402672523,-28.875546449076836,85.71728898843014,21.04623435338163,0.14254027286372553,17702702702.70270
0.0038,0.006,0.0002000000000000000,0.001574,3,0.029500000000000002,0.007,0.00003500000000000000,0.0005000000000000000,0.001,17.743243243243246,-10.410942930272142,1.8637497018403733,0.0090902842642167,-2.6248403283587023,3.851939096855788,5.856794118614895,-28.895859803476604,85.91941127498042,20.723980775988043,0.1418523566508854,17743243243.24324
0.0038,0.006,0.0002000000000000000,0.001574,3,0.029500000000000002,0.007,0.00003500000000000000,0.0005000000000000000,0.001,17.783783783783782,-10.418958807584051,1.862609304052428,0.009091961799737558,-2.636827771027486,3.859826062104766,5.8656773421317245,-28.91592908965734,86.12910091401442,20.373417802301624,0.14117229945489684,17783783783.78378
0.0038,0.006,0.0002000000000000000,0.001574,3,0.029500000000000002,0.007,0.00003500000000000000,0.0005000000000000000,0.001,17.824324324324326,-10.428270547223871,1.8612870061475237,0.009093906645337045,-2.6554901120239576,3.8608898848599744,5.866874154340352,-28.93485935049991,86.34422477225333,19.99300890586969,0.1405282290787879,17824324324.32433
0.0038,0.006,0.0002000000000000000,0.001574,3,0.029500000000000002,0.007,0.00003500000000000000,0.0005000000000000000,0.001,17.864864864864867,-10.439091765031122,1.8597536683035352,0.009096161527358647,-2.680175780943432,3.854987527582224,5.8602297727388155,-28.95182391527337,86.56271562961385,19.581256213350862,0.13994566321506696,17864864864.86486
0.0038,0.006,0.0002000000000000000,0.001574,3,0.029500000000000002,0.007,0.00003500000000000000,0.0005000000000000000,0.001,17.905405405405407,-10.451618348257995,1.8579831154530497,0.00909876475988398,-2.710398131091863,3.841914007088992,5.845476398945745,-28.96605016108866,86.78256528660432,19.136625907004074,0.13944808255747515,17905405405.40541
0.0038,0.006,0.0002000000000000000,0.001574,3,0.029500000000000002,0.007,0.00003500000000000000,0.0005000000000000000,0.001,17.945945945945947,-10.466036464708335,1.8559510704256865,0.009101751804272012,-2.745855735676583,3.821373517627885,5.822194895901482,-28.976800746048866,87.00180287404721,18.65746807902349,0.1390576663539145,17945945945.94595
0.0038,0.006,0.0002000000000000000,0.001574,3,0.029500000000000002,0.007,0.00003500000000000000,0.0005000000000000000,0.001,17.986486486486488,-10.482532163415568,1.8536338823863556,0.009105157126662948,-2.786453698275394,3.792949186139544,5.789770245306254,-28.983349495919086,87.21845552913663,18.141929321838532,0.13879620945741317,17986486486.48649
0.0038,0.006,0.0002000000000000000,0.001574,3,0.029500000000000002,0.007,0.00003500000000000000,0.0005000000000000000,0.001,18.027027027027028,-10.501303178682967,1.8510069784305068,0.009109016457615289,-2.8323258535519664,3.756072451188704,5.747339608166485,-28.98495059439176,87.43048629804764,17.587856366214204,0.13868626551843904,18027027027.02703
0.0038,0.006,0.0002000000000000000,0.001574,3,0.029500000000000002,0.007,0.00003500000000000000,0.0005000000000000000,0.001,18.06756756756757,-10.522573868861878,1.8480429301512087,0.009113369609820588,-2.8586511189235138,3.7315888738312664,5.718937895058904,-28.980799171391105,87.635701215144,16.992689807699048,0.13875259001673412,18067567567.56757
0.0038,0.006,0.0002000000000000000,0.001574,3,0.029500000000000002,0.007,0.00003500000000000000,0.0005000000000000000,0.001,18.10810810810811,-10.546614601076861,1.8447089869908335,0.00911826406674472,-2.84989648326549,3.731819267234807,5.719206026137805,-28.96998085637433,87.83161388658495,16.353348713712506,0.13902399013434216,18108108108.10811
0.0038,0.006,0.0002000000000000000,0.001574,3,0.029500000000000002,0.007,0.00003500000000000000,0.0005000000000000000,0.001,18.14864864864865,-10.573767365406756,1.840963882558009,0.009123759619077874,-2.8001500210081893,3.760967484516336,5.7529957874115105,-28.951407463112936,88.01525145569656,15.66611020422434,0.13953572690464094,18148648648.64865
0.0038,0.006,0.0002000000000000000,0.001574,3,0.029500000000000002,0.007,0.00003500000000000000,0.0005000000000000000,0.001,18.18918918918919,-10.604480009353265,1.836753667484667,0.009129934398240482,-2.6975356652420985,3.829020391743416,5.830876792226054,-28.92373588758391,88.18288048233937,14.92649382301659,0.14033265900813563,18189189189.18919
0.0038,0.006,0.0002000000000000000,0.001574,3,0.029500000000000002,0.007,0.00003500000000000000,0.0005000000000000000,0.001,18.22972972972973,-10.639352278134753,1.8320062631744698,0.0091368927350185,-2.601346607234047,3.8832080013957504,5.891906538576684,-28.885267881548394,88.32962516683274,14.129170095085426,0.14147336561903476,18229729729.72973
0.0038,0.006,0.0002000000000000000,0.001574,3,0.029500000000000002,0.007,0.00003500000000000000,0.0005000000000000000,0.001,18.270270270270274,-10.679197881091593,1.8266243704630896,0.009144775346236807,-2.5119676528909,3.9206610675362397,5.93359300127044,-28.83383024503364,88.44894420345882,13.2679283834018,0.14303553166211966,18270270270.27027
0.0038,0.006,0.0002000000000000000,0.001574,3,0.029500000000000002,0.007,0.00003500000000000000,0.0005000000000000000,0.001,18.31081081081081,-10.725128105163167,1.8204763235146164,0.009153772392993795,-2.4297892883938212,3.9380851849462206,5.9528510615252035,-28.76663925425321,88.53192842226915,12.335764486252462,0.14512290557092267,18310810810.81081
0.0038,0.006,0.0002000000000000000,0.001574,3,0.029500000000000002,0.007,0.00003500000000000000,0.0005000000000000000,0.001,18.351351351351354,-10.778663991911877,1.813384496539351,0.009164139887983732,-2.3551878716853696,3.93177882006235,5.945890788629972,-28.68016156082007,88.56638423143845,11.325188170135489,0.14787410665762754,18351351351.35135
0.0038,0.006,0.0002000000000000000,0.001574,3,0.029500000000000002,0.007,0.00003500000000000000,0.0005000000000000000,0.001,18.39189189189189,-10.841885452053937,1.8051110476102292,0.009176219599789972,-2.288513472202838,3.8977352614197556,5.9081233801170585,-28.569998869389902,88.53568840386907,10.228910527067478,0.1514733794181395,18391891891.89189
0.0038,0.006,0.0002000000000000000,0.001574,3,0.029500000000000002,0.007,0.00003500000000000000,0.0005000000000000000,0.001,18.432432432432435,-10.9176259556472,1.7953413217041079,0.009190461692563889,-1.9665702745382727,4.071600236532689,6.097651309223423,-28.430848291993158,88.41745903705514,9.04115379273569,0.15616289145102047,18432432432.43243
0.0038,0.006,0.0002000000000000000,0.001574,3,0.029500000000000002,0.007,0.00003500000000000000,0.0005000000000000000,0.001,18.472972972972975,-11.009718281041067,1.7836665172511539,0.009207447259727213,-1.431452275041409,4.43258024705848,6.466566067747527,-28.256625943842494,88.18222298563542,7.759923662302034,0.16225502875188688,18472972972.97297
0.0038,0.006,0.0002000000000000000,0.001574,3,0.029500000000000002,0.007,0.00003500000000000000,0.0005000000000000000,0.001,18.513513513513516,-11.12328509919397,1.7695699066937474,0.009227903666533048,-0.874133699745435,4.8059372143939045,6.817780928057125,-28.04088410666672,87.79252835614707,6.390654695176891,0.17014082613009693,18513513513.51352
0.0038,0.006,0.0002000000000000000,0.001574,3,0.029500000000000002,0.007,0.00003500000000000000,0.0005000000000000000,0.001,18.554054054054056,-11.265037542383718,1.7524259532084698,0.00925269782585541,-0.30413607638150775,5.171580086563383,7.136232545123143,-27.777684829189052,87.20341156460746,4.951567320727322,0.1802864710384925,18554054054.05405
0.0038,0.006,0.0002000000000000000,0.001574,3,0.029500000000000002,0.007,0.00003500000000000000,0.0005000000000000000,0.001,18.594594594594597,-11.44347664558584,1.731530002702649,0.009282780092668657,0.2658649017463992,5.502652046241413,7.405720515763788,-27.463074991818935,86.36577170774291,3.48061601563316,0.19320325484986642,18594594594.59460
0.0038,0.006,0.0002000000000000000,0.001574,3,0.029500000000000002,0.007,0.00003500000000000000,0.0005000000000000000,0.001,18.635135135135137,-11.668758979851752,1.7061872991355307,0.009319036079955123,0.8192181452375495,5.767801473787621,7.610103036665828,-27.09717495974003,85.23476092573993,2.0426888399707446,0.2093685815986037,18635135135.13514
0.0038,0.006,0.0002000000000000000,0.001574,3,0.029500000000000002,0.007,0.00003500000000000000,0.0005000000000000000,0.001,18.675675675675677,-11.951765755300956,1.6758982203728647,0.009361995966347028,1.3346622504654693,5.935986609895107,7.734929126120713,-26.686582378915112,83.78493870866824,0.7334903076156819,0.229072688238106,18675675675.67567
0.0038,0.006,0.0002000000000000000,0.001574,3,0.029500000000000002,0.007,0.00003500000000000000,0.0005000000000000000,0.001,18.716216216216218,-12.30164182436237,1.6406654269647798,0.009411378911400396,1.7863520163317603,5.983018704385349,7.769203605553418,-26.24631900028401,82.03120981040966,-0.32601253159444926,0.2521824392085486,18716216216.21622
0.0038,0.006,0.0002000000000000000,0.001574,3,0.029500000000000002,0.007,0.00003500000000000000,0.0005000000000000000,0.001,18.756756756756758,-12.720986020443226,1.6013899335480453,0.00946555699410344,2.3192003007404427,6.138714644343882,7.880774458469584,-25.80011240965061,80.04856979785895,-1.0108260997170553,0.27787059065362163,18756756756.75676
0.0038,0.006,0.0002000000000000000,0.001574,3,0.029500000000000002,0.007,0.00003500000000000000,0.0005000000000000000,0.001,18.7972972972973,-13.198609511140258,1.5602005171570636,0.009521216639240323,2.7548764989753267,6.193899150236603,7.919641298466788,-25.377840330406457,77.97716120060606,-1.2286063870254795,0.3044552869159376,18797297297.29730
0.0038,0.006,0.0002000000000000000,0.001574,3,0.029500000000000002,0.007,0.00003500000000000000,0.0005000000000000000,0.001,18.83783783783784,-13.702232894929423,1.5204310150658813,0.009573639747724634,3.03689779937726,6.106052410790839,7.857605277090509,-25.00993666647397,76.00025057705516,-0.958307708971542,0.329556022217669,18837837837.83784
0.0038,0.006,0.0002000000000000000,0.001574,3,0.029500000000000002,0.007,0.00003500000000000000,0.0005000000000000000,0.001,18.878378378378383,-14.177422497048934,1.4859912788702672,0.009617828981015703,3.153371809136396,5.894560596086258,7.704514366054037,-24.720372052726738,74.29779769996458,-0.2679518560670657,0.3506596090757601,18878378378.37838
0.0038,0.006,0.0002000000000000000,0.001574,3,0.029500000000000002,0.007,0.00003500000000000000,0.0005000000000000000,0.001,18.91891891891892,-14.560209411783784,1.4602173747221066,0.00965007170651666,3.1052806235420416,5.5871038657917405,7.47186745088627,-24.521281422788114,72.99813404064106,0.7025341426467157,0.36588222990024044,18918918918.91892
0.0038,0.006,0.0002000000000000000,0.001574,3,0.029500000000000002,0.007,0.00003500000000000000,0.0005000000000000000,0.001,18.959459459459463,-14.802006008619601,1.4447727805228605,0.009669021792847687,2.9958370865980433,5.322883266323327,7.26146941966944,-24.411806942248916,72.15390440737838,1.783670019559723,0.3744870177303155,18959459459.45946
0.0038,0.006,0.0002000000000000000,0.001574,3,0.029500000000000002,0.007,0.00003500000000000000,0.0005000000000000000,0.001,19,-14.890117896335997,1.4392976778026478,0.009675669187260233,2.8503292499031057,5.11491299375757,7.0883825062836365,-24.381243142949653,71.7502484062355,2.8184910366828313,0.3768726959270908,19000000000.00000
0.0038,0.006,0.0002000000000000000,0.0018000000000000002,3,0.029500000000000002,0.007,0.00003500000000000000,0.0005000000000000000,0.001,16,-6.722151777409665,2.711975258650089,0.007872915111383988,-2.6773077248919472,5.546168529269687,7.43993062180147,-31.155882659220104,108.11566701029048,49.64528555878088,0.09733659847813333,16000000000.00000
0.0038,0.006,0.0002000000000000000,0.0018000000000000002,3,0.029500000000000002,0.007,0.00003500000000000000,0.0005000000000000000,0.001,16.04054054054054,-6.748690470196523,2.702307142596531,0.007885873582919667,-2.5614748637201274,5.498684045819559,7.402587658540431,-30.99556441532919,108.52593015735381,48.92510491802447,0.10083092417523552,16040540540.54054
0.0038,0.006,0.0002000000000000000,0.0018000000000000002,3,0.029500000000000002,0.007,0.00003500000000000000,0.0005000000000000000,0.001,16.08108108108108,-6.777057314054982,2.6920609028099527,0.007899637437948836,-2.4443950756987674,5.442636320115167,7.358093154958352,-30.826416637133164,108.9087838875739,48.17787732884202,0.10465287819441928,16081081081.08108
0.0038,0.006,0.0002000000000000000,0.0018000000000000002,3,0.029500000000000002,0.007,0.00003500000000000000,0.0005000000000000000,0.001,16.121621621621625,-6.807361323284623,2.6812140071255763,0.007914242241763007,-2.317540208484532,5.389221195841252,7.315260091966591,-30.6487069088137,109.26033911570174,47.40476845320258,0.10882281851406984,16121621621.62162
0.0038,0.006,0.0002000000000000000,0.0018000000000000002,3,0.029500000000000002,0.007,0.00003500000000000000,0.0005000000000000000,0.001,16.162162162162165,-6.839703549999881,2.6697489383851014,0.007929717338257829,-2.1776793870416795,5.342876964231419,7.277751733649005,-30.462854052838626,109.57650218066077,46.607564616635074,0.11335923017103088,16162162162.16216
0.0038,0.006,0.0002000000000000000,0.0018000000000000002,3,0.029500000000000002,0.007,0.00003500000000000000,0.0005000000000000000,0.001,16.202702702702705,-6.874170846251224,2.657655341930382,0.007946082877719982,-2.0394173316199153,5.286345686707699,7.231555592725817,-30.269442019959282,109.85305243664317,45.788788711669845,0.11827765555784478,16202702702.70270
0.0038,0.006,0.0002000000000000000,0.0018000000000000002,3,0.029500000000000002,0.007,0.00003500000000000000,0.0005000000000000000,0.001,16.243243243243246,-6.910827737138931,2.6449326512124016,0.007963346132317329,-1.903702334726109,5.219738240798473,7.176487245679351,-30.06923364995542,110.08575714713005,44.951818002109064,0.12358934824248068,16243243243.24324
0.0038,0.006,0.0002000000000000000,0.0018000000000000002,3,0.029500000000000002,0.007,0.00003500000000000000,0.0005000000000000000,0.001,16.283783783783782,-6.949706166242505,2.6315931950892333,0.007981497073626418,-1.771624696236128,5.143280940591824,7.112402473653092,-29.86318358240165,110.2705309143361,44.100994258490935,0.12929963026591468,16283783783.78378
0.0038,0.006,0.0002000000000000000,0.0018000000000000002,3,0.029500000000000002,0.007,0.00003500000000000000,0.0005000000000000000,0.001,16.324324324324326,-6.990793004110057,2.617665733441334,0.00800050326369677,-1.6444231445198425,5.057313880370332,7.0391990880013555,-29.65244916538586,110.40364524161605,43.24171245157353,0.13540595880408865,16324324324.32432
0.0038,0.006,0.0002000000000000000,0.0018000000000000002,3,0.029500000000000002,0.007,0.00003500000000000000,0.0005000000000000000,0.001,16.364864864864867,-7.034015450936083,2.6031992824074393,0.00802030423101593,-1.5234859228504498,4.962288623161748,6.956820206780513,-29.438397704462464,110.4819902540457,42.38046975569017,0.14189574973362268,16364864864.86486
0.0038,0.006,0.0002000000000000000,0.0018000000000000002,3,0.029500000000000002,0.007,0.00003500000000000000,0.0005000000000000000,0.001,16.405405405405407,-7.07922484914817,2.588266974501349,0.008040805670743254,-1.4103441481453136,4.858765488131031,6.865259380281308,-29.222607865782205,110.50338454367163,41.524852663901505,0.14874406537240242,16405405405.40541
0.0038,0.006,0.0002000000000000000,0.0018000000000000002,3,0.029500000000000002,0.007,0.00003500000000000000,0.0005000000000000000,0.001,16.445945945945947,-7.126179970734813,2.57296955632396,0.008061874021128812,-1.3066547796346837,4.747410520640605,6.764567878886237,-29.006862584845088,110.46692029062831,40.68343784143666,0.15591135076629153,16445945945.94595
0.0038,0.006,0.0002000000000000000,0.0018000000000000002,3,0.029500000000000002,0.007,0.00003500000000000000,0.0005000000000000000,0.001,16.486486486486488,-7.174531543758058,2.5574379730282635,0.00808333220505726,-1.2141705009926422,4.628992043553527,6.654864343054358,-28.793130568050724,110.37331957231359,39.86558359959267,0.163341491012983,16486486486.48649
0.0038,0.006,0.0002000000000000000,0.0018000000000000002,3,0.029500000000000002,0.007,0.00003500000000000000,0.0005000000000000000,0.001,16.527027027027028,-7.22381055679781,2.5418343549696485,0.008104957543584191,-1.1346941650875129,4.504376514007846,6.536346853782958,-28.58353357672883,110.22526540894424,39.081095333364644,0.17096054676370037,16527027027.02703
0.0038,0.006,0.0002000000000000000,0.0018000000000000002,3,0.029500000000000002,0.007,0.00003500000000000000,0.0005000000000000000,0.001,16.56756756756757,-7.273423563932937,2.5263506556919153,0.00812648297653713,-1.0700163221176866,4.374523271285256,6.409307312026175,-28.38029733485491,110.02766011189988,38.33976125665987,0.178676582229577,16567567567.56757
0.0038,0.006,0.0002000000000000000,0.0018000000000000002,3,0.029500000000000002,0.007,0.00003500000000000000,0.0005000000000000000,0.001,16.60810810810811,-7.322658542325607,2.5112042506249317,0.008147602672446044,-1.0218358494201922,4.240477681074879,6.274147817271297,-28.185685247125353,109.78775749978473,37.65077433635928,0.1863809981904795,16608108108.10811
0.0038,0.006,0.0002000000000000000,0.0018000000000000002,3,0.029500000000000002,0.007,0.00003500000000000000,0.0005000000000000000,0.001,16.64864864864865,-7.370704500253825,2.4966300477547922,0.008167982786397224,-0.9916658173390337,4.1033621765361685,6.131398509492184,-28.00191618856482,109.5151185158224,37.02208038868091,0.19395168961369172,16648648648.64865
0.0038,0.006,0.0002000000000000000,0.0018000000000000002,3,0.029500000000000002,0.007,0.00003500000000000000,0.0005000000000000000,0.001,16.68918918918919,-7.416686700246328,2.482869110665974,0.008187277480746274,-0.9807292827993814,3.9643647758571925,5.9817360869246965,-27.831070273553816,109.22135472854227,36.45971624095071,0.20125814386718835,16689189189.18919
0.0038,0.006,0.0002000000000000000,0.0018000000000000002,3,0.029500000000000002,0.007,0.00003500000000000000,0.0005000000000000000,0.001,16.729729729729733,-7.459716952457617,2.470154417150105,0.00820514939919754,-0.9898523223095036,3.8247248180140843,5.826001939165218,-27.674989330609986,108.91965144188303,35.967219068355995,0.20816828958933914,16729729729.72973
0.0038,0.006,0.0002000000000000000,0.0018000000000000002,3,0.029500000000000002,0.007,0.00003500000000000000,0.0005000000000000000,0.001,16.770270270270274,-7.49895522427975,2.458695061239936,0.008221292740489517,-0.9470189514576204,3.747626791518861,5.737563350294545,-27.535181175112243,108.62409796898652,35.54519167702251,0.21455654633231713,16770270270.27027
0.0038,0.006,0.0002000000000000000,0.0018000000000000002,3,0.029500000000000002,0.007,0.00003500000000000000,0.0005000000000000000,0.001,16.81081081081081,-7.533675534567667,2.448660773138587,0.008235456185640165,-0.8268373251664018,3.752128690809693,5.742777254293231,-27.412737969514968,108.34888930839344,35.19109428086591,0.22031219734316554,16810810810.81081
0.0038,0.006,0.0002000000000000000,0.0018000000000000002,3,0.029500000000000002,0.007,0.00003500000000000000,0.0005000000000000000,0.001,16.85135135135135,-7.56332680769749,2.4401688816647598,0.00824746250138649,-0.7238175906137818,3.756353291024138,5.747664316043993,-27.308278410440337,108.1074911625235,34.89930181195394,0.22534701482193167,16851351351.35135
0.0038,0.006,0.0002000000000000000,0.0018000000000000002,3,0.029500000000000002,0.007,0.00003500000000000000,0.0005000000000000000,0.001,16.89189189189189,-7.587579050801033,2.4332756394337682,0.008257221895871745,-0.638735805266025,3.759693786155768,5.751524746089519,-27.221920996109503,107.91187043316954,34.66142339059681,0.22960108967197226,16891891891.89189
0.0038,0.006,0.0002000000000000000,0.0018000000000000002,3,0.029500000000000002,0.007,0.00003500000000000000,0.0005000000000000000,0.001,16.93243243243243,-7.606347338956876,2.4279731675951886,0.008264737162096195,-0.571987277406834,3.7614862204726354,5.75359475198498,-27.15329156388753,107.77188229414125,34.46683778930381,0.23304607724791085,16932432432.43243
0.0038,0.006,0.0002000000000000000,0.0018000000000000002,3,0.029500000000000002,0.007,0.00003500000000000000,0.0005000000000000000,0.001,16.972972972972975,-7.6197902311082935,2.4241923077632266,0.008270100086782008,-0.5001085859332824,3.7814316726436243,5.776562574593705,-27.101563505298355,107.69487550654542,34.30336654673979,0.23568551061217347,16972972972.97297
0.0038,0.006,0.0002000000000000000,0.0018000000000000002,3,0.029500000000000002,0.007,0.00003500000000000000,0.0005000000000000000,0.001,17.013513513513516,-7.628284189732188,2.4218106567878586,0.008273480129413834,-0.43198711514589616,3.811026626891594,5.810419831126795,-27.06552466443382,107.68553817047959,34.157992261665704,0.23755233594995712,17013513513.51351
0.0038,0.006,0.0002000000000000000,0.0018000000000000002,3,0.029500000000000002,0.007,0.00003500000000000000,0.0005000000000000000,0.001,17.054054054054056,-7.6323798425613205,2.4206642766219226,0.008275107571862122,-0.38346816077097806,3.835244180517599,5.837930196214948,-27.04366187623904,107.74596720353973,34.01753498736247,0.23870425706150186,17054054054.05405
0.0038,0.006,0.0002000000000000000,0.0018000000000000002,3,0.029500000000000002,0.007,0.00003500000000000000,0.0005000000000000000,0.001,17.094594594594597,-7.632748355228135,2.4205611934605042,0.008275253928255687,-0.3537125069666109,3.8533226189640613,5.858353717875326,-27.034252933961174,107.87591546289433,33.869220263715846,0.23921773693198012,17094594594.59460
0.0038,0.006,0.0002000000000000000,0.0018000000000000002,3,0.029500000000000002,0.007,0.00003500000000000000,0.0005000000000000000,0.001,17.135135135135137,-7.6301264009816165,2.421294856782347,0.00827421233762086,-0.3416868894808385,3.864591719710466,5.8710361901947365,-27.035456461489193,108.07315526314544,33.70110051981038,0.2391815588428799,17135135135.13514
0.0038,0.006,0.0002000000000000000,0.0018000000000000002,3,0.029500000000000002,0.007,0.00003500000000000000,0.0005000000000000000,0.001,17.175675675675677,-7.625266619487611,2.4226561177494212,0.008272280089902075,-0.31989690782702834,3.8920172986212416,5.901747618838411,-27.045392219553662,108.33389597532414,33.50231948558145,0.2386907270518995,17175675675.67568
0.0038,0.006,0.0002000000000000000,0.0018000000000000002,3,0.029500000000000002,0.007,0.00003500000000000000,0.0005000000000000000,0.001,17.216216216216218,-7.618897905439731,2.424442837884543,0.008269744615378697,-0.30081133391833254,3.9231207296259987,5.936316732591801,-27.0622070868782,108.65320281920613,33.26323116317024,0.23784125803141537,17216216216.21622
0.0038,0.006,0.0002000000000000000,0.0018000000000000002,3,0.029500000000000002,0.007,0.00003500000000000000,0.0005000000000000000,0.001,17.256756756756758,-7.611697241678347,2.42646678803069,0.008266873447987794,-0.2976084460040209,3.944508622628825,5.959929097577779,-27.08412465001952,109.02537886416467,32.97539825078597,0.23672615579899137,17256756756.75676
0.0038,0.006,0.0002000000000000000,0.0018000000000000002,3,0.029500000000000002,0.007,0.00003500000000000000,0.0005000000000000000,0.001,17.2972972972973,-7.604272705537095,2.428557931385853,0.008263908025546138,-0.3091360838513995,3.9556669542849034,5.972197192231535,-27.10947852617987,109.44428800882801,32.631499854571935,0.23543263990591032,17297297297.29730
0.0038,0.006,0.0002000000000000000,0.0018000000000000002,3,0.029500000000000002,0.007,0.00003500000000000000,0.0005000000000000000,0.001,17.33783783783784,-7.597155987131203,2.430566455744113,0.008261060785491292,-0.33436310589931184,3.9561486986825622,5.972726069402153,-27.136730997852897,109.90361010556899,32.22517674115452,0.23404053514214623,17337837837.83784
0.0038,0.006,0.0002000000000000000,0.0018000000000000002,3,0.029500000000000002,0.007,0.00003500000000000000,0.0005000000000000000,0.001,17.378378378378383,-7.590802231749193,2.4323630346451592,0.0082585148446552,-0.37241195407590166,3.9455602708632425,5.961086818844806,-27.16447923526516,110.39702882780671,31.750836723512727,0.23262164508722546,17378378378.37838
0.0038,0.006,0.0002000000000000000,0.0018000000000000002,3,0.029500000000000002,0.007,0.00003500000000000000,0.0005000000000000000,0.001,17.41891891891892,-7.585595067464727,2.4338377902082815,0.008256425562333638,-0.4225902239238272,3.9235409582910123,5.936781906184817,-27.191451432371224,110.9183580163635,31.203435264371823,0.23123990750606815,17418918918.91892
0.0038,0.006,0.0002000000000000000,0.0018000000000000002,3,0.029500000000000002,0.007,0.00003500000000000000,0.0005000000000000000,0.001,17.459459459459463,-7.581855080652734,2.4348983451756006,0.00825492341246032,-0.43697851880372707,3.9324632354607783,5.946646711017709,-27.21649474662526,111.46161349998867,30.57823864790895,0.2299521513421141,17459459459.45946
0.0038,0.006,0.0002000000000000000,0.0018000000000000002,3,0.029500000000000002,0.007,0.00003500000000000000,0.0005000000000000000,0.001,17.5,-7.579850572840622,2.435467224969852,0.008254117777761584,-0.3848478176575771,3.9998296567746894,6.020414961534481,-27.238556163984736,112.02103542299889,29.870570076274493,0.22880932613956106,17500000000.00000
0.0038,0.006,0.0002000000000000000,0.0018000000000000002,3,0.029500000000000002,0.007,0.00003500000000000000,0.0005000000000000000,0.001,17.540540540540544,-7.579810056930959,2.435478726691393,0.008254101490118215,-0.3404444733397787,4.057803375035088,6.082909990289838,-27.256656418254714,112.59106147149288,29.075533244723587,0.2278581429975878,17540540540.54054
0.0038,0.006,0.0002000000000000000,0.0018000000000000002,3,0.029500000000000002,0.007,0.00003500000000000000,0.0005000000000000000,0.001,17.581081081081084,-7.5819365830967635,2.4348752215253566,0.00825495616136186,-0.3035380030192055,4.105315738624486,6.133465642006818,-27.269855932549433,113.16624425316847,28.187703506850376,0.22714314542472405,17581081081.08108
0.0038,0.006,0.0002000000000000000,0.0018000000000000002,3,0.029500000000000002,0.007,0.00003500000000000000,0.0005000000000000000,0.001,17.62162162162162,-7.586424636068896,2.43360269849025,0.00825675857979943,-0.27412808138526934,4.141120047039617,6.171178204591962,-27.277210421964718,113.74109613704532,27.200773816987102,0.22670931848677808,17621621621.62162
0.0038,0.006,0.0002000000000000000,0.0018000000000000002,3,0.029500000000000002,0.007,0.00003500000000000000,0.0005000000000000000,0.001,17.662162162162165,-7.593481075556352,2.4316051789136126,0.008259588707762935,-0.2524868307714789,4.163714712583637,6.194809650759616,-27.27771226304377,114.30983114982095,26.10714170188139,0.22660545059762174,17662162162.16216
0.0038,0.006,0.0002000000000000000,0.0018000000000000002,3,0.029500000000000002,0.007,0.00003500000000000000,0.0005000000000000000,0.001,17.7027027027027,-7.603352504224268,2.428817411312744,0.008263540136143704,-0.23921433125939195,4.171246952111604,6.202659023283342,-27.270211946450047,114.86595435244361,24.89742583080749,0.22688859436034342,17702702702.70270
0.0038,0.006,0.0002000000000000000,0.0018000000000000002,3,0.029500000000000002,0.007,0.00003500000000000000,0.0005000000000000000,0.001,17.743243243243246,-7.6163626992220514,2.425154965162134,0.008268734279080892,-0.22600705263401238,4.170321320752686,6.201695183918957,-27.253311878246414,115.40162192038885,23.559909169742962,0.227630145686366,17743243243.24324
0.0038,0.006,0.0002000000000000000,0.0018000000000000002,3,0.029500000000000002,0.007,0.00003500000000000000,0.0005000000000000000,0.001,17.783783783783782,-7.632965559989199,2.420500440253927,0.008275340186245636,-0.1049616101897588,4.263948585481663,6.298119593449173,-27.2252226438466,115.90665658261473,22.079926097650297,0.22892429196248826,17783783783.78378
0.0038,0.006,0.0002000000000000000,0.0018000000000000002,3,0.029500000000000002,0.007,0.00003500000000000000,0.0005000000000000000,0.001,17.824324324324326,-7.653821732630118,2.414683951448,0.008283602684001216,0.008165114016493235,4.339031380214101,6.373927909922092,-27.183570194371704,116.36704976811517,20.43925470105672,0.23089988701669853,17824324324.32433
0.0038,0.006,0.0002000000000000000,0.0018000000000000002,3,0.029500000000000002,0.007,0.00003500000000000000,0.0005000000000000000,0.001,17.864864864864867,-7.679911124075228,2.4074553019171976,0.008293882696622446,0.11302893033424125,4.391117575664449,6.4257506584013155,-27.125142841188858,116.76271308575373,18.615664248818565,0.23373719461102319,17864864864.86486
0.0038,0.006,0.0002000000000000000,0.0018000000000000002,3,0.029500000000000002,0.007,0.00003500000000000000,0.0005000000000000000,0.001,17.905405405405407,-7.712699500567057,2.3984443446026398,0.008306715043836807,0.20908795790821544,4.414641241929507,6.448954161851535,-27.045573078478974,117.06416743109486,16.58293990976066,0.23769135126891303,17905405405.40541
0.0038,0.006,0.0002000000000000000,0.0018000000000000002,3,0.029500000000000002,0.007,0.00003500000000000000,0.0005000000000000000,0.001,17.945945945945947,-7.7543858519034465,2.387105163080794,0.00832289051622943,0.2955291563407011,4.402749270032822,6.437239537443967,-26.93896856382552,117.22781816153181,14.31202508746944,0.24312463232426326,17945945945.94595
0.0038,0.006,0.0002000000000000000,0.0018000000000000002,3,0.029500000000000002,0.007,0.00003500000000000000,0.0005000000000000000,0.001,17.986486486486488,-7.80826820627588,2.3726396040305073,0.008343569649640992,0.5436014318541501,4.523424182475302,6.554673154643548,-26.797552766214594,117.18957492793348,11.77447342125926,0.2505490888503022,17986486486.48649
0.0038,0.006,0.0002000000000000000,0.0018000000000000002,3,0.029500000000000002,0.007,0.00003500000000000000,0.0005000000000000000,0.001,18.027027027027028,-7.879276792535636,2.3538983357548515,0.008370432626779969,1.053804550092408,4.889622634005181,6.89275342908236,-26.611469827649877,116.85711471963795,8.950255736159304,0.2606784392525916,18027027027.02703
0.0038,0.006,0.0002000000000000000,0.0018000000000000002,3,0.029500000000000002,0.007,0.00003500000000000000,0.0005000000000000000,0.001,18.06756756756757,-7.974725447669021,2.3292676645503674,0.008405856343882913,1.5801808818014293,5.242122670221142,7.195071795973788,-26.369071277787132,116.10262943637962,5.842989996057838,0.2744801286366859,18067567567.56757
0.0038,0.006,0.0002000000000000000,0.0018000000000000002,3,0.029500000000000002,0.007,0.00003500000000000000,0.0005000000000000000,0.001,18.10810810810811,-8.105296729681514,2.296577366096066,0.00845307119285296,2.1117968162227916,5.546469777376817,7.440166508678922,-26.058224425705276,114.7613331580833,2.5060087966037123,0.29319936862044704,18108108108.10811
0.0038,0.006,0.0002000000000000000,0.0018000000000000002,3,0.029500000000000002,0.007,0.00003500000000000000,0.0005000000000000000,0.001,18.14864864864865,-8.286131933638885,2.253123874580291,0.008516160914230343,2.6316508066669937,5.7589523270531915,7.603434834294671,-25.66934543854825,112.64683258135109,-0.9201991902804123,0.3182889761676775,18148648648.64865
0.0038,0.006,0.0002000000000000000,0.0018000000000000002,3,0.029500000000000002,0.007,0.00003500000000000000,0.0005000000000000000,0.001,18.18918918918919,-8.537493918266703,2.196003938987915,0.008599604817195692,3.1144284683699643,5.8342423228050295,7.659844633992715,-25.20063122255257,109.59997888774926,-4.169556867425263,0.3511222763746758,18189189189.18919
0.0038,0.006,0.0002000000000000000,0.0018000000000000002,3,0.029500000000000002,0.007,0.00003500000000000000,0.0005000000000000000,0.001,18.22972972972973,-8.883584827725745,2.123052437997224,0.00870687199502043,3.524987379078305,5.739083663922318,7.588425559048173,-24.6648165831578,105.58174928516087,-6.843179850959946,0.39233421311820976,18229729729.72973
0.0038,0.006,0.0002000000000000000,0.0018000000000000002,3,0.029500000000000002,0.007,0.00003500000000000000,0.0005000000000000000,0.001,18.270270270270274,-9.34670595413298,2.034577162268506,0.008837670114014236,3.8195962405944774,5.466976382459708,7.377471977273757,-24.094497871609242,100.7844816007131,-8.483532335770422,0.4407704046867356,18270270270.27027
0.0038,0.006,0.0002000000000000000,0.0018000000000000002,3,0.029500000000000002,0.007,0.00003500000000000000,0.0005000000000000000,0.001,18.31081081081081,-9.93321845688927,1.9354284559391886,0.008984504146758276,4.014871367459348,5.117609336580307,7.090671300382557,-23.540858798238308,95.67549027715368,-8.74879879943457,0.4925156178717311,18310810810.81081
0.0038,0.006,0.0002000000000000000,0.0018000000000000002,3,0.029500000000000002,0.007,0.00003500000000000000,0.0005000000000000000,0.001,18.351351351351354,-10.611655326181069,1.8357739820593677,0.009131370714422875,4.384078833208313,5.07134259150236,7.0512295004173,-23.06179092140801,90.88076250727084,-7.601643490258613,0.5411092191374189,18351351351.35135
0.0038,0.006,0.0002000000000000000,0.0018000000000000002,3,0.029500000000000002,0.007,0.00003500000000000000,0.0005000000000000000,0.001,18.39189189189189,-11.296640983681574,1.7486702899820998,0.009258116176368812,4.712664829300879,5.105527521239119,7.080406215898512,-22.702515123923305,86.94226707779256,-5.353863187024651,0.5797301153577965,18391891891.89189
0.0038,0.006,0.0002000000000000000,0.0018000000000000002,3,0.029500000000000002,0.007,0.00003500000000000000,0.0005000000000000000,0.001,18.432432432432435,-11.866730299348413,1.6848247078837457,0.009349380658057056,4.830441540933894,5.033342758382089,7.018565058005601,-22.480295093583912,84.12514034748314,-2.5141990380201173,0.6042096375657283,18432432432.43243
0.0038,0.006,0.0002000000000000000,0.0018000000000000002,3,0.029500000000000002,0.007,0.00003500000000000000,0.0005000000000000000,0.001,18.472972972972975,-12.225514675306377,1.6481328523079692,0.009400970055656863,4.776259289489223,4.888305176817375,6.891583110787236,-22.383597127766393,82.40309014205894,0.43007222359823827,0.6144232169994389,18472972972.97297
0.0038,0.006,0.0002000000000000000,0.0018000000000000002,3,0.029500000000000002,0.007,0.00003500000000000000,0.0005000000000000000,0.001,18.513513513513516,-12.356007390569037,1.6353979980604294,0.00941870142149532,4.619528779860136,4.72425155044199,6.743330142717713,-22.383891065666155,81.57599303129433,3.1447917236686096,0.6132250166940448,18513513513.51352
0.0038,0.006,0.0002000000000000000,0.0018000000000000002,3,0.029500000000000002,0.007,0.00003500000000000000,0.0005000000000000000,0.001,18.554054054054056,-12.311215885783442,1.6397338815937719,0.009412675102695282,4.559411786714459,4.7273491437049655,6.746176787964348,-22.449634317207845,81.40046414761535,5.4629318257563275,0.6043986698425631,18554054054.05405
0.0038,0.006,0.0002000000000000000,0.0018000000000000002,3,0.029500000000000002,0.007,0.00003500000000000000,0.0005000000000000000,0.001,18.594594594594597,-12.163525310419184,1.6542936442518454,0.009392358441502264,4.46844570741446,4.732718129929655,6.751106396335418,-22.55491410649093,81.66850774182478,7.336179724290819,0.5911993271443441,18594594594.59460
0.0038,0.006,0.0002000000000000000,0.0018000000000000002,3,0.029500000000000002,0.007,0.00003500000000000000,0.0005000000000000000,0.001,18.635135135135137,-11.9688199348779,1.6741255689488932,0.009364496412548728,4.389274446307497,4.7711373974799365,6.786219233935864,-22.682100511499836,82.23488419273555,8.77808510327956,0.5758448952246298,18635135135.13514
0.0038,0.006,0.0002000000000000000,0.0018000000000000002,3,0.029500000000000002,0.007,0.00003500000000000000,0.0005000000000000000,0.001,18.675675675675677,-11.758904880593178,1.6963574388007723,0.009333025067215417,4.258954297002621,4.764617247115074,6.7802801848066245,-22.821101564954958,83.01643367104631,9.820984242654394,0.5595867352908463,18675675675.67567
0.0038,0.006,0.0002000000000000000,0.0018000000000000002,3,0.029500000000000002,0.007,0.00003500000000000000,0.0005000000000000000,0.001,18.716216216216218,-11.547381941811812,1.7197009047545488,0.00929973599093602,4.083517044492285,4.716025082684232,6.735761062708855,-22.967537822254606,83.98200976418413,10.487184663389156,0.5429697042228399,18716216216.21622
0.0038,0.006,0.0002000000000000000,0.0018000000000000002,3,0.029500000000000002,0.007,0.00003500000000000000,0.0005000000000000000,0.001,18.756756756756758,-11.33712340521532,1.743894244208585,0.009264999457764518,3.860698457505996,4.62390914951827,6.650092924863253,-23.120940484979382,85.1418477757676,10.766895731469056,0.5260906135883486,18756756756.75676
0.0038,0.006,0.0002000000000000000,0.0018000000000000002,3,0.029500000000000002,0.007,0.00003500000000000000,0.0005000000000000000,0.001,18.7972972972973,-11.12579202045393,1.7692624061373543,0.009228349222774912,3.579697946174681,4.481341274004357,6.514080186225303,-23.283142031045813,86.53758317276063,10.593155769838196,0.5088171909366677,18797297297.29730
0.0038,0.006,0.0002000000000000000,0.0018000000000000002,3,0.029500000000000002,0.007,0.00003500000000000000,0.0005000000000000000,0.001,18.83783783783784,-10.909778434281176,1.7963464672051488,0.009188997567972479,3.218910474655611,4.273585223803183,6.30792369078684,-23.456331850304156,88.22663501828123,9.801297077937141,0.4910194306464844,18837837837.83784
0.0038,0.006,0.0002000000000000000,0.0018000000000000002,3,0.029500000000000002,0.007,0.00003500000000000000,0.0005000000000000000,0.001,18.878378378378383,-10.688221631683792,1.8254117994949899,0.009146550483229505,3.100159360745846,4.317071257103018,6.351892171323472,-23.639159453038523,90.23823917125658,8.054831818581288,0.47296251192503497,18878378378.37838
0.0038,0.006,0.0002000000000000000,0.0018000000000000002,3,0.029500000000000002,0.007,0.00003500000000000000,0.0005000000000000000,0.001,18.91891891891892,-10.470159711303545,1.855371103231014,0.009102604207734647,2.9996148822370197,4.372898240984468,6.407693712636488,-23.81642223548738,92.4283209068746,4.719997938308502,0.4562386956441945,18918918918.91892
0.0038,0.006,0.0002000000000000000,0.0018000000000000002,3,0.029500000000000002,0.007,0.00003500000000000000,0.0005000000000000000,0.001,18.959459459459463,-10.292107862755635,1.880888840415668,0.009065048217958907,2.8023955098660407,4.272648605745154,6.306971767251879,-23.930875072421912,94.02155038323858,-1.242487348750847,0.44621315962795055,18959459459.45946
0.0038,0.006,0.0002000000000000000,0.0018000000000000002,3,0.029500000000000002,0.007,0.00003500000000000000,0.0005000000000000000,0.001,19,-10.266150500496867,1.8846914858425636,0.009059443368206159,2.9765988355139203,4.3329665345055,6.367853347911897,-23.82023936735473,92.4909652685942,-10.724315111112581,0.45800956597414505,19000000000.00000
0.0038,0.006,0.0002200000000000000,0.001574,3,0.029500000000000002,0.007,0.00003500000000000000,0.0005000000000000000,0.001,16,-9.306848296387296,2.0418141837452803,0.008826953655824135,-4.705228468314208,6.944982807668493,8.416711749773139,-33.66383175392542,82.13465404583822,33.917536414878114,0.0487310734554641,16000000000.00000
0.0038,0.006,0.0002200000000000000,0.001574,3,0.029500000000000002,0.007,0.00003500000000000000,0.0005000000000000000,0.001,16.04054054054054,-9.331076488653716,2.037406967142995,0.00883347956498235,-4.584806941105044,6.96070710870225,8.426533599853906,-33.550022453986166,82.35206802556654,33.5912588921248,0.04998802126542376,16040540540.54054
0.0038,0.006,0.0002200000000000000,0.001574,3,0.029500000000000002,0.007,0.00003500000000000000,0.0005000000000000000,0.001,16.08108108108108,-9.356221449837253,2.0328593946438342,0.00884021401862755,-4.462457617790307,6.968665626171021,8.431496264954049,-33.42932609009583,82.56331870940485,33.25655092747585,0.051357587142536146,16081081081.08108
0.0038,0.006,0.0002200000000000000,0.001574,3,0.029500000000000002,0.007,0.00003500000000000000,0.0005000000000000000,0.001,16.121621621621625,-9.382340254966904,2.0281639493503008,0.008847168128740637,-4.338232792994046,6.968649579777369,8.431486264663299,-33.30167625222846,82.76768181548029,32.91338072526219,0.052847943766868424,16121621621.62162
0.0038,0.006,0.0002200000000000000,0.001574,3,0.029500000000000002,0.007,0.00003500000000000000,0.0005000000000000000,0.001,16.162162162162165,-9.409491203912136,2.0233132134744825,0.008854352848549598,-4.212237258031306,6.960498208527454,8.42640326028758,-33.16707227081941,82.96437460520296,32.561774814230134,0.0544673126399995,16162162162.16216
0.0038,0.006,0.0002200000000000000,0.001574,3,0.029500000000000002,0.007,0.00003500000000000000,0.0005000000000000000,0.001,16.202702702702705,-9.437733097787683,2.018300017914672,0.008861778747849155,-4.084633059848572,6.944096399661565,8.416157411935618,-33.025581443835264,83.15255508917592,32.20183117235181,0.0562238981154701,16202702702.70270
0.0038,0.006,0.0002200000000000000,0.001574,3,0.029500000000000002,0.007,0.00003500000000000000,0.0005000000000000000,0.001,16.243243243243246,-9.46712422816724,2.0131176379135405,0.008869455719564004,-3.955643840726565,6.919372520307977,8.400667124735735,-32.87734126685294,83.331322984783,31.833734421183326,0.058125794674586236,16243243243.24324
0.0038,0.006,0.0002200000000000000,0.001574,3,0.029500000000000002,0.007,0.00003500000000000000,0.0005000000000000000,0.001,16.283783783783782,-9.497721013262074,2.0077600431640685,0.008877392605170628,-3.8255587466573324,6.8862968572979035,8.379857405161292,-32.72256188081744,83.49972307068808,31.45777313108712,0.06018085933342275,16283783783.78378
0.0038,0.006,0.0002200000000000000,0.001574,3,0.029500000000000002,0.007,0.00003500000000000000,0.0005000000000000000,0.001,16.324324324324326,-9.529576206899286,2.00222221113395,0.008885596726049728,-3.694735889407748,6.844880992789335,8.353659017579279,-32.561528918573295,83.65675171547744,31.074359159082782,0.06239654019521798,16324324324.32432
0.0038,0.006,0.0002200000000000000,0.001574,3,0.029500000000000002,0.007,0.00003500000000000000,0.0005000000000000000,0.001,16.364864864864867,-9.562736600270824,1.9965005121681365,0.008894073308235467,-3.5636053271652535,6.795178336500342,8.322008590878925,-32.394606870611426,83.80136749128343,30.684048762183895,0.06477965163753698,16364864864.86486
0.0038,0.006,0.0002200000000000000,0.001574,3,0.029500000000000002,0.007,0.00003500000000000000,0.0005000000000000000,0.001,16.405405405405407,-9.597240135362938,1.9905931737427822,0.008902824789905402,-3.432671489272087,6.737285907688438,8.284849777366395,-32.222243002409336,83.93250690031981,30.287564977801765,0.06733608669735186,16405405405.40541
0.0038,0.006,0.0002200000000000000,0.001574,3,0.029500000000000002,0.007,0.00003500000000000000,0.0005000000000000000,0.001,16.445945945945947,-9.63311235623161,1.984500828583835,0.008911850005052775,-3.302514908597038,6.671347324077465,8.242135515060777,-32.04497174065382,84.04910631789842,29.885820425087392,0.07007045823586035,16445945945.94595
0.0038,0.006,0.0002200000000000000,0.001574,3,0.029500000000000002,0.007,0.00003500000000000000,0.0005000000000000000,0.001,16.486486486486488,-9.670362144319814,1.9782271466650792,0.008921143243945771,-3.173793042771233,6.597556818879466,8.193831390996756,-31.863419306235944,84.15013125203069,29.479939251077372,0.07298566285312233,16486486486.48649
0.0038,0.006,0.0002200000000000000,0.001574,3,0.029500000000000002,0.007,0.00003500000000000000,0.0005000000000000000,0.001,16.527027027027028,-9.708976722424216,1.9717795437294392,0.008930693202132942,-3.047239863451545,6.516163983395514,8.13992005069817,-31.678308211962772,84.2346138887273,29.071276427758235,0.07608236579146367,16527027027.02703
0.0038,0.006,0.0002200000000000000,0.001574,3,0.029500000000000002,0.007,0.00003500000000000000,0.0005000000000000000,0.001,16.56756756756757,-9.748915974853485,1.9651699483654572,0.008940481845722088,-2.9236637779172483,6.427478829401948,8.080406548537463,-31.490461069927026,84.30169957528352,28.661432025809713,0.07935841173741047,16567567567.56757
0.0038,0.006,0.0002200000000000000,0.001574,3,0.029500000000000002,0.007,0.00003500000000000000,0.0005000000000000000,0.001,16.60810810810811,-9.790106224659322,1.9584155954575084,0.008950483241930226,-2.803943331564769,6.33187668953996,8.01532448582325,-31.30080297971571,84.35070232883473,28.25225750160132,0.08280817593057761,16608108108.10811
0.0038,0.006,0.0002200000000000000,0.001574,3,0.029500000000000002,0.007,0.00003500000000000000,0.0005000000000000000,0.001,16.64864864864865,-9.832433736274421,1.951539796146488,0.00896066243020353,-2.6890200369442816,6.229802433727482,7.944742740584517,-31.11036161042882,84.38116859150763,27.845850527457596,0.08642188251436952,16648648648.64865
0.0038,0.006,0.0002200000000000000,0.001574,3,0.029500000000000002,0.007,0.00003500000000000000,0.0005000000000000000,0.001,16.68918918918919,-9.875738372465527,1.9445726142233177,0.008970974439047475,-2.579887610452571,6.121773476561017,7.868772553985775,-30.920263971993414,84.39294726137766,27.444534604682705,0.09018493229096097,16689189189.18919
0.0038,0.006,0.0002200000000000000,0.001574,3,0.029500000000000002,0.007,0.00003500000000000000,0.0005000000000000000,0.001,16.729729729729733,-9.919808018976958,1.9375513582345514,0.008981363583849256,-2.4775768982555486,6.008381088280996,7.787574704822618,-30.73172882439474,84.38626253975487,27.050819794309817,0.0940772989055106,16729729729.72973
0.0038,0.006,0.0002200000000000000,0.001574,3,0.029500000000000002,0.007,0.00003500000000000000,0.0005000000000000000,0.001,16.770270270270274,-9.964374577287295,1.930520781070929,0.008991763206016723,-2.383135870129726,5.890289599335231,7.701366476396302,-30.546053732240352,84.3617844635455,26.667341568795692,0.09807306887803931,16770270270.27027
0.0038,0.006,0.0002200000000000000,0.001574,3,0.029500000000000002,0.007,0.00003500000000000000,0.0005000000000000000,0.001,16.81081081081081,-10.009112479395927,1.9235328694709963,0.009002096026184498,-2.297604285520611,5.768233200800981,7.610428099245766,-30.364595971902677,84.32069035594985,26.296776192216946,0.10214021355005208,16810810810.81081
0.0038,0.006,0.0002200000000000000,0.001574,3,0.029500000000000002,0.007,0.00003500000000000000,0.0005000000000000000,0.001,16.85135135135135,-10.053640747688963,1.9166461107685067,0.009012275275122402,-2.2219830097797755,5.643010185021819,7.5151083412522155,-30.188746865563154,84.26470916044647,25.941733255718518,0.10624068565958322,16851351351.35135
0.0038,0.006,0.0002200000000000000,0.001574,3,0.029500000000000002,0.007,0.00003500000000000000,0.0005000000000000000,0.001,16.89189189189189,-10.097529547978812,1.9099241493155255,0.009022206726744773,-2.157198483490707,5.51547463277689,7.415828914863508,-30.019899659257785,84.19614013114439,25.60462895385865,0.1103309252293315,16891891891.89189
0.0038,0.006,0.0002200000000000000,0.001574,3,0.029500000000000002,0.007,0.00003500000000000000,0.0005000000000000000,0.001,16.93243243243243,-10.140311909555766,1.9034337943434483,0.009031791682791982,-2.1040634968563574,5.386525723303097,7.3130873815593365,-29.85941175759958,84.11783805006188,25.287547094328684,0.11436283483844058,16932432432.43243
0.0038,0.006,0.0002200000000000000,0.001574,3,0.029500000000000002,0.007,0.00003500000000000000,0.0005000000000000000,0.001,16.972972972972975,-10.181500782904461,1.8972424143193887,0.009040930849396563,-2.0632361288550354,5.257095010531351,7.207458260153095,-29.708562913961167,84.03315932159362,24.992098161845384,0.1182852415541142,16972972972.97297
0.0038,0.006,0.0002200000000000000,0.001574,3,0.029500000000000002,0.007,0.00003500000000000000,0.0005000000000000000,0.001,17.013513513513516,-10.220610893565734,1.8914148435294804,0.009049528912281782,-2.0351793776004303,5.128132157663346,7.099592089063061,-29.5685117476731,83.94586699138857,24.719289300678096,0.12204580416869219,17013513513.51351
0.0038,0.006,0.0002200000000000000,0.001574,3,0.029500000000000002,0.007,0.00003500000000000000,0.0005000000000000000,0.001,17.054054054054056,-10.257184017939702,1.8860100208627604,0.00905749948061306,-2.0201245041252074,5.000589742839969,6.990212257275614,-29.44025358337303,83.85999761502639,24.469419093279452,0.12559325721717005,17054054054.05405
0.0038,0.006,0.0002200000000000000,0.001574,3,0.029500000000000002,0.007,0.00003500000000000000,0.0005000000000000000,0.001,17.094594594594597,-10.29081551039151,1.881077659123456,0.009064769958162333,-2.0180413088800977,4.875407828193961,6.880109503168219,-29.3245829397216,83.77969823262114,24.242009925223897,0.12887981938896886,17094594594.59460
0.0038,0.006,0.0002200000000000000,0.001574,3,0.029500000000000002,0.007,0.00003500000000000000,0.0005000000000000000,0.001,17.135135135135137,-10.321179348725702,1.8766552847481055,0.009071285844512209,-2.0286183564729265,4.753499017372037,6.770134084700386,-29.222063919418755,83.70904647662596,24.035787363833084,0.13186354767481967,17135135135.13514
0.0038,0.006,0.0002200000000000000,0.001574,3,0.029500000000000002,0.007,0.00003500000000000000,0.0005000000000000000,0.001,17.175675675675677,-10.34804882090468,1.8727659764267135,0.00907701399089931,-2.05125552504336,4.6357347071074155,6.6611857428551176,-29.13301121941954,83.65186999532217,23.84871070039348,0.13451040279842852,17175675675.67568
0.0038,0.006,0.0002200000000000000,0.001574,3,0.029500000000000002,0.007,0.00003500000000000000,0.0005000000000000000,0.001,17.216216216216218,-10.37131035294519,1.86941706171467,0.009081944440954157,-2.085070230909527,4.522933167537301,6.5542017050422,-29.05748352830503,83.61158211903319,23.67805249460183,0.13679581349011252,17216216216.21622
0.0038,0.006,0.0002200000000000000,0.001574,3,0.029500000000000002,0.007,0.00003500000000000000,0.0005000000000000000,0.001,17.256756756756758,-10.39096884793137,1.8665999125969288,0.009086090661176665,-2.128917402610985,4.415849968135651,6.450143094861605,-28.995289838487746,83.59104875681278,23.52051881605185,0.1387055856063918,17256756756.75676
0.0038,0.006,0.0002200000000000000,0.001574,3,0.029500000000000002,0.007,0.00003500000000000000,0.0005000000000000000,0.001,17.2972972972973,-10.407144101005938,1.8642908366488382,0.009089488176127623,-2.1814219479117947,4.31517111039209,6.3499802156355765,-28.946007873176946,83.59249724607808,23.372397099145164,0.14023608651113853,17297297297.29730
0.0038,0.006,0.0002200000000000000,0.001574,3,0.029500000000000002,0.007,0.00003500000000000000,0.0005000000000000000,0.001,17.33783783783784,-10.420059112395581,1.8624529195572335,0.009092191826202873,-2.2410212854996465,4.2215090469784275,6.254677243325837,-28.90901263028995,83.61747217796288,23.22971597588928,0.14139372859874338,17337837837.83784
0.0038,0.006,0.0002200000000000000,0.001574,3,0.029500000000000002,0.007,0.00003500000000000000,0.0005000000000000000,0.001,17.378378378378383,-10.430022165356545,1.8610385653314343,0.009094272021733582,-2.306014678542313,4.1354015752252495,6.165176888429364,-28.883512163099677,83.66683724819474,23.08840142877709,0.14219385985301364,17378378378.37838
0.0038,0.006,0.0002200000000000000,0.001574,3,0.029500000000000002,0.007,0.00003500000000000000,0.0005000000000000000,0.001,17.41891891891892,-10.437405166841902,1.8599924210699799,0.009095810450281051,-2.3746157156096563,4.057313405138184,6.082385558593913,-28.86858726010473,83.74081703757123,22.94441583144112,0.1426592290090907,17418918918.91892
0.0038,0.006,0.0002200000000000000,0.001574,3,0.029500000000000002,0.007,0.00003500000000000000,0.0005000000000000000,0.001,17.459459459459463,-10.442620890302724,1.8592543685201834,0.00909689569821784,-2.4450043502340466,3.9876400333991806,6.007159473918094,-28.86323167142439,83.83906907531524,22.79387019949224,0.14281822052495055,17459459459.45946
0.0038,0.006,0.0002200000000000000,0.001574,3,0.029500000000000002,0.007,0.00003500000000000000,0.0005000000000000000,0.001,17.5,-10.446101466173008,1.8587623067927133,0.009097619185143945,-2.5153753668288967,3.9267134154193752,5.940292061739879,-28.866389890012464,83.96077488788939,22.633104353155076,0.14270305056840343,17500000000.00000
0.0038,0.006,0.0002200000000000000,0.001574,3,0.029500000000000002,0.007,0.00003500000000000000,0.0005000000000000000,0.001,17.540540540540544,-10.448279879383499,1.8584545229899045,0.009098071704216124,-2.5839808658389436,3.8748088241598504,5.88250280091205,-28.876990113823773,84.10473885186937,22.458733861186936,0.14234808642234587,17540540540.54054
0.0038,0.006,0.0002200000000000000,0.001574,3,0.029500000000000002,0.007,0.00003500000000000000,0.0005000000000000000,0.001,17.581081081081084,-10.449575529088357,1.8582715311668463,0.009098340740292345,-2.6225147172480185,3.855740534048741,5.8610780105489715,-28.893970752980337,84.26948511741664,22.267665991527945,0.14178840830656134,17581081081.08108
0.0038,0.006,0.0002200000000000000,0.001574,3,0.029500000000000002,0.007,0.00003500000000000000,0.0005000000000000000,0.001,17.62162162162162,-10.450384236672816,1.8581573385998509,0.009098508624257188,-2.5946933560049645,3.900594765330974,5.9113083359243195,-28.916299581174737,84.45334508603547,22.05708914314245,0.14105868497713633,17621621621.62162
0.0038,0.006,0.0002200000000000000,0.001574,3,0.029500000000000002,0.007,0.00003500000000000000,0.0005000000000000000,0.001,17.662162162162165,-10.45107255600853,1.8580601608707399,0.009098651491551217,-2.565716370660724,3.950971715534505,5.967039206378479,-28.94298527270163,84.65453037573208,21.82444134922746,0.1401923908509933,17662162162.16216
0.0038,0.006,0.0002200000000000000,0.001574,3,0.029500000000000002,0.007,0.00003500000000000000,0.0005000000000000000,0.001,17.7027027027027,-10.451975889327256,1.8579326489253416,0.00909883895270959,-2.5366191289115525,4.005273909460227,6.0263222161861965,-28.973081563206215,84.87118846935368,21.567363589449297,0.13922135794474375,17702702702.70270
0.0038,0.006,0.0002200000000000000,0.001574,3,0.029500000000000002,0.007,0.00003500000000000000,0.0005000000000000000,0.001,17.743243243243246,-10.453399741350173,1.8577317120670251,0.009099134353576656,-2.5139480862274066,4.056707821889257,6.081737294418921,-29.005684603969968,85.1014400506036,21.283643085670274,0.138175632719766,17743243243.24324
0.0038,0.006,0.0002200000000000000,0.001574,3,0.029500000000000002,0.007,0.00003500000000000000,0.0005000000000000000,0.001,17.783783783783782,-10.455623423593163,1.8574180239397216,0.00909959549832089,-2.4967606317715925,4.10523902759462,6.133384489933854,-29.039924249869195,85.34339825823108,20.97115075718024,0.13708359582201804,17783783783.78378
0.0038,0.006,0.0002200000000000000,0.001574,3,0.029500000000000002,0.007,0.00003500000000000000,0.0005000000000000000,0.001,17.824324324324326,-10.458905609664676,1.8569552883577423,0.009100275723095668,-2.4842049075718293,4.150773780771428,6.181290647589478,-29.074950046010105,85.59517070399792,20.62777582159957,0.13597230021612597,17824324324.32433
0.0038,0.006,0.0002200000000000000,0.001574,3,0.029500000000000002,0.007,0.00003500000000000000,0.0005000000000000000,0.001,17.864864864864867,-10.463491302123982,1.8563093227650047,0.009101225235818959,-2.475527508215465,4.193130407276618,6.225383692673753,-29.109912577308027,85.85484513504959,20.251359341398143,0.13486798840064637,17864864864.86486
0.0038,0.006,0.0002200000000000000,0.001574,3,0.029500000000000002,0.007,0.00003500000000000000,0.0005000000000000000,0.001,17.905405405405407,-10.469619972346981,1.8554469927208104,0.00910249267291483,-2.4700806853504043,4.232006571297561,6.265463333834749,-29.14394063899263,86.12045912842974,19.839627477755144,0.13379676040820607,17905405405.40541
0.0038,0.006,0.0002200000000000000,0.001574,3,0.029500000000000002,0.007,0.00003500000000000000,0.0005000000000000000,0.001,17.945945945945947,-10.477534858043516,1.854335003608673,0.009104126863313737,-2.4673306243474533,4.26694139194739,6.301166777014384,-29.17611439277855,86.3899532332463,19.39012443654837,0.13278537972491616,17945945945.94595
0.0038,0.006,0.0002200000000000000,0.001574,3,0.029500000000000002,0.007,0.00003500000000000000,0.0005000000000000000,0.001,17.986486486486488,-10.487493641605043,1.85293852701858,0.009106178831639167,-2.466868345007509,4.297271288800707,6.331927717686318,-29.205434313237674,86.66110554995247,18.90014467362263,0.13186222321415936,17986486486.48649
0.0038,0.006,0.0002200000000000000,0.001574,3,0.029500000000000002,0.007,0.00003500000000000000,0.0005000000000000000,0.001,18.027027027027028,-10.499780989897046,1.8512196091757822,0.009108704115893035,-2.468424742851428,4.3220785280114375,6.3569265333209515,-29.230785327900467,86.93144384922653,18.36666398311572,0.13105840323703732,18027027027.02703
0.0038,0.006,0.0002200000000000000,0.001574,3,0.029500000000000002,0.007,0.00003500000000000000,0.0005000000000000000,0.001,18.06756756756757,-10.514723726343558,1.8491352766349154,0.00911176552100978,-2.4718912396482824,4.340131883259049,6.3750292658657255,-29.250895153189308,87.1981289401453,17.786269789002205,0.13040911553934068,18067567567.56757
0.0038,0.006,0.0002200000000000000,0.001574,3,0.029500000000000002,0.007,0.00003500000000000000,0.0005000000000000000,0.001,18.10810810810811,-10.532709753814535,1.846635218667654,0.009115436480377043,-2.4172945775994386,4.410385592236936,6.44476560728646,-29.264285493943095,87.45780001554463,17.155092568022592,0.12995529562253527,18108108108.10811
0.0038,0.006,0.0002200000000000000,0.001574,3,0.029500000000000002,0.007,0.00003500000000000000,0.0005000000000000000,0.001,18.14864864864865,-10.55421228791663,1.8436588842999155,0.009119805255346865,-2.35862373830697,4.477593391644341,6.510446529359891,-29.269214622793342,87.70636903417177,16.46874330934238,0.1297456999267933,18148648648.64865
0.0038,0.006,0.0002200000000000000,0.001574,3,0.029500000000000002,0.007,0.00003500000000000000,0.0005000000000000000,0.001,18.18918918918919,-10.579821543649883,1.840131782809264,0.009124980269994039,-2.299429504076211,4.5357592231357735,6.566499923489358,-29.263610086572214,87.93874678748683,15.722267032660374,0.1298395666247741,18189189189.18919
0.0038,0.006,0.0002200000000000000,0.001574,3,0.029500000000000002,0.007,0.00003500000000000000,0.0005000000000000000,0.001,18.22972972972973,-10.610286805615816,1.835960719024931,0.009131096954473426,-2.2394861076935744,4.582193944647029,6.610734670680111,-29.244991236701757,88.14847827223096,14.910130906016215,0.13031005322205247,18229729729.72973
0.0038,0.006,0.0002200000000000000,0.001574,3,0.029500000000000002,0.007,0.00003500000000000000,0.0005000000000000000,0.001,18.270270270270274,-10.646572872219998,1.8310276324865902,0.009138326547684273,-2.154749571709981,4.639060818582836,6.664300662031274,-29.21038350358728,88.32725997731123,14.026279440377396,0.1312486897709405,18270270270.27027
0.0038,0.006,0.0002200000000000000,0.001574,3,0.029500000000000002,0.007,0.00003500000000000000,0.0005000000000000000,0.001,18.31081081081081,-10.689936255541832,1.8251816559780283,0.009146887364339632,-2.012691435631027,4.738351316949958,6.756272576016934,-29.15623069991224,88.46430847961885,13.06431164759124,0.1327711138987871,18310810810.81081
0.0038,0.006,0.0002200000000000000,0.001574,3,0.029500000000000002,0.007,0.00003500000000000000,0.0005000000000000000,0.001,18.351351351351354,-10.742028232244893,1.8182290001566257,0.009157059002568965,-1.8642993936336243,4.8212318260110205,6.83158014772101,-29.0783194160771,88.545552569017,12.017870227265153,0.13502433463404168,18351351351.35135
0.0038,0.006,0.0002200000000000000,0.001574,3,0.029500000000000002,0.007,0.00003500000000000000,0.0005000000000000000,0.001,18.39189189189189,-10.805033662654651,1.8099203900381793,0.009169199720949622,-1.7113330398185858,4.879466829259713,6.883723700025758,-28.971742414705346,88.5526391074163,10.881385945956737,0.13819563507558302,18391891891.89189
0.0038,0.006,0.0002200000000000000,0.001574,3,0.029500000000000002,0.007,0.00003500000000000000,0.0005000000000000000,0.001,18.432432432432435,-10.881855672291643,1.7999362032981876,0.009183766466965556,-1.5564306680713589,4.903119941336778,6.904725171955137,-28.830947524371055,88.46179410193001,9.651395159286299,0.14252282300284166,18432432432.43243
0.0038,0.006,0.0002200000000000000,0.001574,3,0.029500000000000002,0.007,0.00003500000000000000,0.0005000000000000000,0.001,18.472972972972975,-10.976354783883346,1.7878705444172012,0.009201335241081694,-1.4034718009217417,4.880881042547458,6.884982231052451,-28.649945491390895,88.24269809641113,8.328740256935568,0.14830459144489352,18472972972.97297
0.0038,0.006,0.0002200000000000000,0.001574,3,0.029500000000000002,0.007,0.00003500000000000000,0.0005000000000000000,0.001,18.513513513513516,-11.093641979100312,1.7732178910699223,0.009222615634329209,-1.2512481416791468,4.808476060859372,6.820074582395491,-28.42278163234903,87.85777201109845,6.922040913935414,0.1559077584627831,18513513513.51352
0.0038,0.006,0.0002200000000000000,0.001574,3,0.029500000000000002,0.007,0.00003500000000000000,0.0005000000000000000,0.001,18.554054054054056,-11.240397524233867,1.755370759139904,0.009248445901385247,-0.8720582180792478,4.935180420851961,6.933030342798481,-28.144400955819027,87.26269182445095,5.452794547264367,0.1657643534010196,18554054054.05405
0.0038,0.006,0.0002200000000000000,0.001574,3,0.029500000000000002,0.007,0.00003500000000000000,0.0005000000000000000,0.001,18.594594594594597,-11.425118949572466,1.7336454744415715,0.009279741976287757,-0.45697984774354133,5.04708776374431,7.030408567405156,-27.81202940708914,86.40958477831651,3.9621114888947377,0.1783450904772152,18594594594.59460
0.0038,0.006,0.0002200000000000000,0.001574,3,0.029500000000000002,0.007,0.00003500000000000000,0.0005000000000000000,0.001,18.635135135135137,-11.658052694900881,1.7073663406791586,0.009317355287797582,0.0068003280339173355,5.160404065240786,7.126837086880556,-27.42711019637057,85.25503347060086,2.5180348781980113,0.19408694499319706,18635135135.13514
0.0038,0.006,0.0002200000000000000,0.001574,3,0.029500000000000002,0.007,0.00003500000000000000,0.0005000000000000000,0.001,18.675675675675677,-11.950281967023217,1.6760527247178243,0.009361777951916676,0.8298497581000569,5.676813539778452,7.5410462965341925,-26.997613177783826,83.77503342312632,1.2202374899911366,0.21324573121599338,18675675675.67567
0.0038,0.006,0.0002200000000000000,0.001574,3,0.029500000000000002,0.007,0.00003500000000000000,0.0005000000000000000,0.001,18.716216216216218,-12.311018247913363,1.6397530945177055,0.009412648374222354,1.5811600474257985,6.107182816453633,7.858409206489937,-26.540130807376514,81.9869094985555,0.1958956842569301,0.23565414553125472,18716216216.21622
0.0038,0.006,0.0002200000000000000,0.001574,3,0.029500000000000002,0.007,0.00003500000000000000,0.0005000000000000000,0.001,18.756756756756758,-12.741814308897743,1.5995177965452045,0.009468113987886464,2.289960659046619,6.506144505146303,8.133237049788347,-26.080641612564524,79.97225233353583,-0.42094253613635446,0.2604188165304992,18756756756.75676
0.0038,0.006,0.0002200000000000000,0.001574,3,0.029500000000000002,0.007,0.00003500000000000000,0.0005000000000000000,0.001,18.7972972972973,-13.22712330043861,1.5578524150851696,0.009524349815045697,2.898722234056463,6.822686315618425,8.3395540432583,-25.652478429111557,77.8865061274286,-0.5291456505298476,0.2857043278191823,18797297297.29730
0.0038,0.006,0.0002200000000000000,0.001574,3,0.029500000000000002,0.007,0.00003500000000000000,0.0005000000000000000,0.001,18.83783783783784,-13.724268095344543,1.5187703819779597,0.00957579753242728,3.344714046417243,6.9936219782782745,8.447021539691272,-25.290557944143103,75.93825079910162,-0.10743100417739564,0.3088653932982725,18837837837.83784
0.0038,0.006,0.0002200000000000000,0.001574,3,0.029500000000000002,0.007,0.00003500000000000000,0.0005000000000000000,0.001,18.878378378378383,-14.163020994742471,1.486994107710304,0.009616559572196044,3.6093696777618653,7.018514081834593,8.4624517561025,-25.022884815399294,74.33555732799987,0.7589314787318078,0.3271084718595223,18878378378.37838
0.0038,0.006,0.0002200000000000000,0.001574,3,0.029500000000000002,0.007,0.00003500000000000000,0.0005000000000000000,0.001,18.91891891891892,-14.467497330903104,1.4663074423302134,0.009642521220164332,3.6892085275824655,6.908829915580992,8.394045011751563,-24.86293045131834,73.22362017488764,1.8946598455814503,0.33846701521803335,18918918918.91892
0.0038,0.006,0.0002200000000000000,0.001574,3,0.029500000000000002,0.007,0.00003500000000000000,0.0005000000000000000,0.001,18.959459459459463,-14.594768952618864,1.457971426190718,0.009652845255754019,3.596414510029465,6.683508709882334,8.250045183564666,-24.8070772325919,72.6499862243248,3.0878261277183583,0.3424813546574023,18959459459.45946
0.0038,0.006,0.0002200000000000000,0.001574,3,0.029500000000000002,0.007,0.00003500000000000000,0.0005000000000000000,0.001,19,-14.55676843818413,1.4604417108175012,0.00964979434375802,3.3538523992737526,6.364092589116347,8.037364894298872,-24.83833191736182,72.57351753210884,4.146912870386053,0.34013298503458744,19000000000.00000
0.0038,0.006,0.0002200000000000000,0.0018000000000000002,3,0.029500000000000002,0.007,0.00003500000000000000,0.0005000000000000000,0.001,16,-6.756419897057203,2.699506282227063,0.00788963288755065,-2.8290564131323843,5.788266741985204,7.625485365974801,-31.483973823843385,107.34015460022685,49.542976131890875,0.090062878241394,16000000000.00000
0.0038,0.006,0.0002200000000000000,0.0018000000000000002,3,0.029500000000000002,0.007,0.00003500000000000000,0.0005000000000000000,0.001,16.04054054054054,-6.780966440709907,2.6906559644571777,0.007901527144015576,-2.727562878307486,5.731354676913565,7.582572849994045,-31.333025364607217,107.75212140275262,48.86731012633872,0.09310787763839241,16040540540.54054
0.0038,0.006,0.0002200000000000000,0.0018000000000000002,3,0.029500000000000002,0.007,0.00003500000000000000,0.0005000000000000000,0.001,16.08108108108108,-6.807174394945527,2.6812806045509925,0.007914152464977753,-2.6254732605713675,5.66378592117935,7.5310682960269215,-31.172497430300833,108.14189194750206,48.16511264856336,0.09645968610824372,16081081081.08108
0.0038,0.006,0.0002200000000000000,0.0018000000000000002,3,0.029500000000000002,0.007,0.00003500000000000000,0.0005000000000000000,0.001,16.121621621621625,-6.83516739044164,2.671350097179745,0.007927553820402377,-2.523128603331032,5.585615355438768,7.470710253925395,-31.002446865780282,108.50587872843936,47.436822379350815,0.1001419662311522,16121621621.62162
0.0038,0.006,0.0002200000000000000,0.0018000000000000002,3,0.029500000000000002,0.007,0.00003500000000000000,0.0005000000000000000,0.001,16.162162162162165,-6.8650669427780455,2.660837235264574,0.007941772835512931,-2.420994810926425,5.497008721544216,7.401264260171262,-30.823084466550412,108.84019363194058,46.6833890408766,0.10417753877673822,16162162162.16216
0.0038,0.006,0.0002200000000000000,0.0018000000000000002,3,0.029500000000000002,0.007,0.00003500000000000000,0.0005000000000000000,0.001,16.202702702702705,-6.896987437410776,2.6497195568021144,0.007956845275374035,-2.319681201660849,5.39823711770032,7.322519570354481,-30.63479164120183,109.14069079548881,45.906394121516286,0.10858752207217956,16202702702.70270
0.0038,0.006,0.0002200000000000000,0.0018000000000000002,3,0.029500000000000002,0.007,0.00003500000000000000,0.0005000000000000000,0.001,16.243243243243246,-6.931029268212602,2.637981709042704,0.00797279777980907,-2.219959812288595,5.289669483611059,7.234285366990272,-30.438137690390885,109.40304176242289,45.10818327991203,0.11339018975453155,16243243243.24324
0.0038,0.006,0.0002200000000000000,0.0018000000000000002,3,0.029500000000000002,0.007,0.00003500000000000000,0.0005000000000000000,0.001,16.283783783783782,-6.967269739823966,2.6256183927380836,0.007989643742675636,-2.1227847218019296,5.171763826738959,7.136386842118455,-30.233897417887764,109.62285225462844,44.292004529376854,0.11859949604153505,16283783783.78378
0.0038,0.006,0.0002200000000000000,0.0018000000000000002,3,0.029500000000000002,0.007,0.00003500000000000000,0.0005000000000000000,0.001,16.324324324324326,-7.005751382308583,2.6126379157385773,0.008007378271469603,-2.02931024285523,5.0450579740042825,7.028661611865053,-30.0230684025045,109.79583014137626,43.46214213565975,0.12422322917902234,16324324324.32432
0.0038,0.006,0.0002200000000000000,0.0018000000000000002,3,0.029500000000000002,0.007,0.00003500000000000000,0.0005000000000000000,0.001,16.364864864864867,-7.046467459001513,2.5990663225485173,0.008025972247247512,-1.940906288800335,4.910160590665278,6.910956962979689,-29.806886715104802,109.91801297342755,42.62403088768134,0.13026078012776066,16364864864.86486
0.0038,0.006,0.0002200000000000000,0.0018000000000000002,3,0.029500000000000002,0.007,0.00003500000000000000,0.0005000000000000000,0.001,16.405405405405407,-7.089344726112734,2.5849519647985852,0.008045365646572784,-1.8355603547046015,4.793731089443459,6.806736680692639,-29.586839167975295,109.9860599223499,41.78432936593943,0.13670056087564575,16405405405.40541
0.0038,0.006,0.0002200000000000000,0.0018000000000000002,3,0.029500000000000002,0.007,0.00003500000000000000,0.0005000000000000000,0.001,16.445945945945947,-7.134223981921047,2.5703702297404876,0.008065460499524058,-1.700449108155545,4.710328496230631,6.730511956905751,-29.364669379189717,109.99760620160208,40.95092490235533,0.1435171804150211,16445945945.94595
0.0038,0.006,0.0002200000000000000,0.0018000000000000002,3,0.029500000000000002,0.007,0.00003500000000000000,0.0005000000000000000,0.001,16.486486486486488,-7.18083966933434,2.5554279502658384,0.008086114143375539,-1.5747350346951139,4.618530078372662,6.645037763292887,-29.142374122682607,109.95166735620164,40.13283865551758,0.1506685886693333,16486486486.48649
0.0038,0.006,0.0002200000000000000,0.0018000000000000002,3,0.029500000000000002,0.007,0.00003500000000000000,0.0005000000000000000,0.001,16.527027027027028,-7.228800770101563,2.540266796431228,0.008107133770893518,-1.4605469232366983,4.518884343215768,6.55031226096423,-28.922185793139796,109.84906618843236,39.33999891474848,0.15809352448391273,16527027027.02703
0.0038,0.006,0.0002200000000000000,0.0018000000000000002,3,0.029500000000000002,0.007,0.00003500000000000000,0.0005000000000000000,0.001,16.56756756756757,-7.277576363046585,2.5250647348978745,0.008128273609735543,-1.3601435026447422,4.412021543033365,6.4463762434786105,-28.706536604304937,109.69283783889387,38.58285717282922,0.16570973598800684,16567567567.56757
0.0038,0.006,0.0002200000000000000,0.0018000000000000002,3,0.029500000000000002,0.007,0.00003500000000000000,0.0005000000000000000,0.001,16.60810810810811,-7.326490278106208,2.5100345088108913,0.008149236302882324,-1.275843973810609,4.298654913189329,6.333325822853986,-28.498000684705364,109.48855183638713,37.87183718514312,0.17341354658041397,16608108108.10811
0.0038,0.006,0.0002200000000000000,0.0018000000000000002,3,0.029500000000000002,0.007,0.00003500000000000000,0.0005000000000000000,0.001,16.64864864864865,-7.374729850490062,2.495418132266353,0.00816968004359841,-1.2099338094054903,4.179582027938113,6.211328530582376,-28.299211857919655,109.24447894345793,37.216633135971634,0.18108136768229827,16648648648.64865
0.0038,0.006,0.0002200000000000000,0.0018000000000000002,3,0.029500000000000002,0.007,0.00003500000000000000,0.0005000000000000000,0.001,16.68918918918919,-7.421373313918778,2.481476710695623,0.008189232593749821,-1.1645472854389842,4.055685374018281,6.080642565748782,-28.112757788302197,108.97153175413207,36.625407030562535,0.18857365329960904,16689189189.18919
0.0038,0.006,0.0002200000000000000,0.0018000000000000002,3,0.029500000000000002,0.007,0.00003500000000000000,0.0005000000000000000,0.001,16.729729729729733,-7.465438344363183,2.4684755514424377,0.008207512377057328,-1.0848435374575944,3.9795385466228157,5.998327157234002,-27.941055231443418,108.68292683196104,36.10397116111913,0.1957415083217897,16729729729.72973
0.0038,0.006,0.0002200000000000000,0.0018000000000000002,3,0.029500000000000002,0.007,0.00003500000000000000,0.0005000000000000000,0.001,16.770270270270274,-7.5059504829579184,2.456665479851527,0.008224155429885017,-0.8920699747623504,4.022591128191813,6.045058914342274,-27.786215793672405,108.39355448005131,35.65506871181667,0.20243570342121867,16770270270.27027
0.0038,0.006,0.0002200000000000000,0.0018000000000000002,3,0.029500000000000002,0.007,0.00003500000000000000,0.0005000000000000000,0.001,16.81081081081081,-7.542025116234063,2.4462623449119354,0.0082388453719222,-0.7128475163137848,4.069801087187981,6.095731834641157,-27.64991583075361,108.11909519262105,35.277872781630265,0.20851728660624763,16810810810.81081
0.0038,0.006,0.0002200000000000000,0.0018000000000000002,3,0.029500000000000002,0.007,0.00003500000000000000,0.0005000000000000000,0.001,16.85135135135135,-7.572951706549898,2.4374275710350934,0.008251342200325784,-0.5482780727962071,4.121216664993514,6.150254473170156,-27.533286560123376,107.87497736963039,34.96780324904556,0.21386846156520803,16851351351.35135
0.0038,0.006,0.0002200000000000000,0.0018000000000000002,3,0.029500000000000002,0.007,0.00003500000000000000,0.0005000000000000000,0.001,16.89189189189189,-7.598265943291775,2.4302529337905385,0.008261505161311172,-0.3991073220767924,4.176691883579313,6.208324383494164,-27.436839920379903,107.6753125378682,34.71671214972871,0.21840210981730723,16891891891.89189
0.0038,0.006,0.0002200000000000000,0.0018000000000000002,3,0.029500000000000002,0.007,0.00003500000000000000,0.0005000000000000000,0.001,16.93243243243243,-7.617796093787924,2.424752269576345,0.008269305591289394,-0.2657073051673444,4.235868592364646,6.269424787026503,-27.360441676877333,107.53195744052503,34.513422086289516,0.22206841395345756,16932432432.43243
0.0038,0.006,0.0002200000000000000,0.0018000000000000002,3,0.029500000000000002,0.007,0.00003500000000000000,0.0005000000000000000,0.001,16.972972972972975,-7.63167453745674,2.420861599445393,0.008274827422268264,-0.12817082169241528,4.31792897808552,6.35275494719097,-27.30333631883208,107.45383070644006,34.344536752293976,0.22485752345896548,16972972972.97297
0.0038,0.006,0.0002200000000000000,0.0018000000000000002,3,0.029500000000000002,0.007,0.00003500000000000000,0.0005000000000000000,0.001,17.013513513513516,-7.64031301771582,2.418447485370764,0.008278255524206564,-0.005572802684740917,4.403556284273768,6.438035516712412,-27.264220043373303,107.44656105929668,34.19539675813184,0.22679797264270674,17013513513.51351
0.0038,0.006,0.0002200000000000000,0.0018000000000000002,3,0.029500000000000002,0.007,0.00003500000000000000,0.0005000000000000000,0.001,17.054054054054056,-7.6443480027014745,2.4173218547587205,0.008279854436259504,0.10226589287638123,4.491427166528717,6.5238436150761565,-27.241350704694618,107.51247965790219,34.051039451837546,0.22795138107543414,17054054054.05405
0.0038,0.006,0.0002200000000000000,0.0018000000000000002,3,0.029500000000000002,0.007,0.00003500000000000000,0.0005000000000000000,0.001,17.094594594594597,-7.644568080341613,2.417260496548076,0.00827994160199621,0.19607242778811468,4.580389413746169,6.609024022509948,-27.23267885733175,107.65090985917782,33.8970389195362,0.22840459700518714,17094594594.59460
0.0038,0.006,0.0002200000000000000,0.0018000000000000002,3,0.029500000000000002,0.007,0.00003500000000000000,0.0005000000000000000,0.001,17.135135135135137,-7.641837045244847,2.4180221822713,0.008278859613306763,0.276729140257806,4.669191808593088,6.692417149465568,-27.235982827055366,107.85866792210972,33.72014225577745,0.22826072854463927,17135135135.13514
0.0038,0.006,0.0002200000000000000,0.0018000000000000002,3,0.029500000000000002,0.007,0.00003500000000000000,0.0005000000000000000,0.001,17.175675675675677,-7.6370244335765705,2.419365830023572,0.008276951283399215,0.3452017519041458,4.7565258144345695,6.772898580755303,-27.248992838555015,108.13067368641997,33.50866604310833,0.22763042912462433,17175675675.67568
0.0038,0.006,0.0002200000000000000,0.0018000000000000002,3,0.029500000000000002,0.007,0.00003500000000000000,0.0005000000000000000,0.001,17.216216216216218,-7.6309511354521495,2.421064025527528,0.008274540037257038,0.4024769579054669,4.841064926723859,6.849409072905102,-27.2694934981749,108.4605781655166,33.25265951211634,0.22662446325129917,17216216216.21622
0.0038,0.006,0.0002200000000000000,0.0018000000000000002,3,0.029500000000000002,0.007,0.00003500000000000000,0.0005000000000000000,0.001,17.256756756756758,-7.62435311754004,2.4229122024943526,0.008271916640314594,0.44951292426370776,4.921498267248899,6.9209733653623795,-27.295398949114226,108.84133708748375,32.94386999957604,0.22534812863106846,17256756756.75676
0.0038,0.006,0.0002200000000000000,0.0018000000000000002,3,0.029500000000000002,0.007,0.00003500000000000000,0.0005000000000000000,0.001,17.2972972972973,-7.617862555308181,2.4247336018915404,0.00826933207647541,0.4872034249035217,4.996555680826888,6.986707314828983,-27.32479956491413,109.26568641960446,32.575560030425805,0.22389768902751847,17297297297.29730
0.0038,0.006,0.0002200000000000000,0.0018000000000000002,3,0.029500000000000002,0.007,0.00003500000000000000,0.0005000000000000000,0.001,17.33783783783784,-7.612003402138965,2.426380650102983,0.008266995622259595,0.5163542279211244,5.065022382001316,7.045813688193374,-27.35598238377508,109.72650053895039,32.142226033408456,0.22235866296305326,17337837837.83784
0.0038,0.006,0.0002200000000000000,0.0018000000000000002,3,0.029500000000000002,0.007,0.00003500000000000000,0.0005000000000000000,0.001,17.378378378378383,-7.60719757381259,2.427733615233296,0.00826507684786219,0.537669027844933,5.125741924101085,7.097567361126917,-27.387429373750255,110.21703188712861,31.63926083842936,0.2208056422190978,17378378378.37838
0.0038,0.006,0.0002200000000000000,0.0018000000000000002,3,0.029500000000000002,0.007,0.00003500000000000000,0.0005000000000000000,0.001,17.41891891891892,-7.603778119342577,2.428697387341137,0.008263710303481246,0.5517416318729692,5.177606797146792,7.1412906573703685,-27.41779818603078,110.73104148823568,31.06259021954938,0.21930326496093192,17418918918.91892
0.0038,0.006,0.0002200000000000000,0.0018000000000000002,3,0.029500000000000002,0.007,0.00003500000000000000,0.0005000000000000000,0.001,17.459459459459463,-7.60200652951924,2.429197071819816,0.008263001885401933,0.5590510455004234,5.219536242850761,7.176319175390184,-27.445889611377705,111.26283328341654,30.408301285740343,0.21790800618719353,17459459459.45946
0.0038,0.006,0.0002200000000000000,0.0018000000000000002,3,0.029500000000000002,0.007,0.00003500000000000000,0.0005000000000000000,0.001,17.5,-7.602092341350438,2.4291728625206206,0.008263036206242432,0.5599563590342207,5.250440920550384,7.2019577603859215,-27.470604844212897,111.80720325519272,29.672269572743254,0.21667053708740172,17500000000.00000
0.0038,0.006,0.0002200000000000000,0.0018000000000000002,3,0.029500000000000002,0.007,0.00003500000000000000,0.0005000000000000000,0.001,17.540540540540544,-7.604214214477617,2.428574422807108,0.008263884643590578,0.5716409296987548,5.289781766790019,7.234377553180047,-27.49089416155211,112.35930811346957,28.84978324933678,0.21563851761407596,17540540540.54054
0.0038,0.006,0.0002200000000000000,0.0018000000000000002,3,0.029500000000000002,0.007,0.00003500000000000000,0.0005000000000000000,0.001,17.581081081081084,-7.608542603210368,2.427354771511133,0.008265614078111678,0.6141082713519036,5.361121433433504,7.29255644433441,-27.50569693107794,112.91444867845568,27.93515731188461,0.214859807700269,17581081081.08108
0.0038,0.006,0.0002200000000000000,0.0018000000000000002,3,0.029500000000000002,0.007,0.00003500000000000000,0.0005000000000000000,0.001,17.62162162162162,-7.615265041566812,2.425463448333916,0.00826829665499824,0.6546802039922728,5.423394289219942,7.342711794691491,-27.51387108952363,113.46775006561819,26.921328353375728,0.21438620714055331,17621621621.62162
0.0038,0.006,0.0002200000000000000,0.0018000000000000002,3,0.029500000000000002,0.007,0.00003500000000000000,0.0005000000000000000,0.001,17.662162162162165,-7.624615979752944,2.422838506853732,0.008272021231574262,0.6937525259576821,5.475171653178884,7.383977393769584,-27.514108463378797,114.01370362951319,25.799422363032317,0.2142779649987608,17662162162.16216
0.0038,0.006,0.0002200000000000000,0.0018000000000000002,3,0.029500000000000002,0.007,0.00003500000000000000,0.0005000000000000000,0.001,17.7027027027027,-7.636914183643454,2.419396632143941,0.008276907541554688,0.7315352747907433,5.514481685278803,7.415046986797849,-27.504830673267907,114.545512985921,24.55829623673794,0.21460944370088567,17702702702.70270
0.0038,0.006,0.0002200000000000000,0.0018000000000000002,3,0.029500000000000002,0.007,0.00003500000000000000,0.0005000000000000000,0.001,17.743243243243246,-7.652612094660243,2.415020380952559,0.008283124550241208,0.7680160520753145,5.538621866582985,7.434017159569073,-27.4840591901785,115.05415665441261,23.18407280997233,0.21547648838770989,17743243243.24324
0.0038,0.006,0.0002200000000000000,0.0018000000000000002,3,0.029500000000000002,0.007,0.00003500000000000000,0.0005000000000000000,0.001,17.783783783783782,-7.6723634413188275,2.4095411784211938,0.008290915026306274,0.8029204408563656,5.543956594500904,7.4381982137962765,-27.449253132158233,115.52704201517899,21.659727823136514,0.2170062402843067,17783783783.78378
0.0038,0.006,0.0002200000000000000,0.0018000000000000002,3,0.029500000000000002,0.007,0.00003500000000000000,0.0005000000000000000,0.001,17.824324324324326,-7.697118017886061,2.4027162831855557,0.008300629017505662,0.835673105555491,5.525727059875362,7.4238942938297345,-27.397111145861416,115.94608168776846,19.964860320444703,0.21937032626875275,17824324324.32433
0.0038,0.006,0.0002200000000000000,0.0018000000000000002,3,0.029500000000000002,0.007,0.00003500000000000000,0.0005000000000000000,0.001,17.864864864864867,-7.728256106095122,2.394197523381464,0.008312769609309389,0.8653660838237538,5.4779311272946485,7.386165676726123,-27.323342152122247,116.284985738083,18.075910088078707,0.22280249030012494,17864864864.86486
0.0038,0.006,0.0002200000000000000,0.0018000000000000002,3,0.029500000000000002,0.007,0.00003500000000000000,0.0005000000000000000,0.001,17.905405405405407,-7.767779557860784,2.383489434094085,0.00832805477921963,0.913689513617008,5.421948842331696,7.3415541556872626,-27.222428910480872,116.50556535505447,15.96731248020459,0.22762163355879178,17905405405.40541
0.0038,0.006,0.0002200000000000000,0.0018000000000000002,3,0.029500000000000002,0.007,0.00003500000000000000,0.0005000000000000000,0.001,17.945945945945947,-7.81858156553826,2.3698950553585765,0.008347498572018445,1.029049110590941,5.410106826677463,7.33205840666365,-27.087445761742618,116.5529680733128,13.61444209727834,0.23426050242414925,17945945945.94595
0.0038,0.006,0.0002200000000000000,0.0018000000000000002,3,0.029500000000000002,0.007,0.00003500000000000000,0.0005000000000000000,0.001,17.986486486486488,-7.884820562190715,2.35245032864693,0.008372511442667934,1.150259453455473,5.356575905188633,7.288872634482212,-26.910055683423018,116.35018396871405,10.999700449243027,0.24329808011845966,17986486486.48649
0.0038,0.006,0.0002200000000000000,0.0018000000000000002,3,0.029500000000000002,0.007,0.00003500000000000000,0.0005000000000000000,0.001,18.027027027027028,-7.972419683552834,2.3298552432088,0.008405009753533746,1.5271253600847456,5.563410215161699,7.453410835994482,-26.680903258412066,115.79318287477359,8.123616706661158,0.2554885564043031,18027027027.02703
0.0038,0.006,0.0002200000000000000,0.0018000000000000002,3,0.029500000000000002,0.007,0.00003500000000000000,0.0005000000000000000,0.001,18.06756756756757,-8.089687615850357,2.300425876375357,0.008447501324212093,1.9688208349257297,5.790044501782707,7.626819016901982,-26.390715496715778,114.7500594469358,5.022833114963999,0.27176916611097224,18067567567.56757
0.0038,0.006,0.0002200000000000000,0.0018000000000000002,3,0.029500000000000002,0.007,0.00003500000000000000,0.0005000000000000000,0.001,18.10810810810811,-8.247979062223973,2.2621215690763523,0.008503067926396513,2.463325605939137,6.013849436139155,7.791525508226167,-26.032443417952585,113.07065722751148,1.7950434127124275,0.2932108316589153,18108108108.10811
0.0038,0.006,0.0002200000000000000,0.0018000000000000002,3,0.029500000000000002,0.007,0.00003500000000000000,0.0005000000000000000,0.001,18.14864864864865,-8.462127970694752,2.212746637620352,0.008575090759291967,2.9680279009583526,6.173036495237314,7.90498844540952,-25.604573291062405,110.61585913970195,-1.3747800282474065,0.3208514051176234,18148648648.64865
0.0038,0.006,0.0002200000000000000,0.0018000000000000002,3,0.029500000000000002,0.007,0.00003500000000000000,0.0005000000000000000,0.001,18.18918918918919,-8.75001971884942,2.150466094807158,0.008666484622587482,3.4322164576707292,6.2026699265029235,7.925786709098515,-25.1151405438037,107.31313082789077,-4.203298055049597,0.355339081038101,18189189189.18919
0.0038,0.006,0.0002200000000000000,0.0018000000000000002,3,0.029500000000000002,0.007,0.00003500000000000000,0.0005000000000000000,0.001,18.22972972972973,-9.130100424200942,2.07473986164102,0.00877822859182567,3.8253000850697925,6.087481395095969,7.844376469094252,-24.585007523837948,103.22911608927417,-6.339413125517239,0.3963623198406417,18229729729.72973
0.0038,0.006,0.0002200000000000000,0.0018000000000000002,3,0.029500000000000002,0.007,0.00003500000000000000,0.0005000000000000000,0.001,18.270270270270274,-9.615128270394536,1.987548897991176,0.008907334645541195,4.1137460340928715,5.833544233369613,7.659324952922825,-24.048101229643887,98.6209577754239,-7.454852802965017,0.4420201912206247,18270270270.27027
0.0038,0.006,0.0002200000000000000,0.0018000000000000002,3,0.029500000000000002,0.007,0.00003500000000000000,0.0005000000000000000,0.001,18.31081081081081,-10.201045213501576,1.8943239986967317,0.009045237223723218,4.266853698010265,5.4671469709716956,7.377607490011346,-23.54655417887839,93.91162755093285,-7.370366586755277,0.4885675527678141,18310810810.81081
0.0038,0.006,0.0002200000000000000,0.0018000000000000002,3,0.029500000000000002,0.007,0.00003500000000000000,0.0005000000000000000,0.001,18.351351351351354,-10.853265474974442,1.8036333302856051,0.00917837536472408,4.264379162909488,5.0268716260232775,7.012977945534003,-23.12094063354995,89.5717269271122,-6.142044138540136,0.5310557576037828,18351351351.35135
0.0038,0.006,0.0002200000000000000,0.0018000000000000002,3,0.029500000000000002,0.007,0.00003500000000000000,0.0005000000000000000,0.001,18.39189189189189,-11.499641203725243,1.7251056382312207,0.009291995725624938,4.152723524255103,4.605955709697274,6.633197575260508,-22.799384037504048,85.96877161176404,-4.040643599532456,0.5648753128901876,18391891891.89189
0.0038,0.006,0.0002200000000000000,0.0018000000000000002,3,0.029500000000000002,0.007,0.00003500000000000000,0.0005000000000000000,0.001,18.432432432432435,-12.044430102875483,1.6663361919302675,0.009375464701287242,4.189434966591504,4.4674146490480995,6.500562639641342,-22.591199642702126,83.27796343770072,-1.438545482407373,0.587336827012107,18432432432.43243
0.0038,0.006,0.0002200000000000000,0.0018000000000000002,3,0.029500000000000002,0.007,0.00003500000000000000,0.0005000000000000000,0.001,18.472972972972975,-12.40690549353552,1.6305151623319627,0.00942547431311294,4.111033591209946,4.3074856586021095,6.342238401768658,-22.488172668587083,81.49175312897178,1.3146702416483071,0.5982456080072651,18472972972.97297
0.0038,0.006,0.0002200000000000000,0.0018000000000000002,3,0.029500000000000002,0.007,0.00003500000000000000,0.0005000000000000000,0.001,18.513513513513516,-12.55954081194712,1.616148418347367,0.009445315642280046,3.942832319118479,4.1366067036038965,6.16644231416612,-22.471445238101595,80.49043421822984,3.963274021088213,0.5992927178271301,18513513513.51352
0.0038,0.006,0.0002200000000000000,0.0018000000000000002,3,0.029500000000000002,0.007,0.00003500000000000000,0.0005000000000000000,0.001,18.554054054054056,-12.53151555714203,1.6187556907577871,0.009441724660565688,3.81859182212471,4.0629392000787865,6.088403233680429,-22.519298097648864,80.11723552102245,6.355711176881345,0.5929510723840927,18554054054.05405
0.0038,0.006,0.0002200000000000000,0.0018000000000000002,3,0.029500000000000002,0.007,0.00003500000000000000,0.0005000000000000000,0.001,18.594594594594597,-12.379425680030929,1.6331455942321917,0.00942182749892704,3.901067383868146,4.221741070044611,6.254915934199485,-22.612497064098136,80.22810226155237,8.420500885776073,0.5815876088223585,18594594594.59460
0.0038,0.006,0.0002200000000000000,0.0018000000000000002,3,0.029500000000000002,0.007,0.00003500000000000000,0.0005000000000000000,0.001,18.635135135135137,-12.156892225858273,1.654957184532764,0.009391429666778008,3.9217430306707133,4.350771900954526,6.385663150202485,-22.736603015687944,80.71454219513055,10.13346665864377,0.5670325475836032,18635135135.13514
0.0038,0.006,0.0002200000000000000,0.0018000000000000002,3,0.029500000000000002,0.007,0.00003500000000000000,0.0005000000000000000,0.001,18.675675675675677,-11.90128018685308,1.6811801547071725,0.009354536064942857,3.8930674071588167,4.451931359467738,6.485484596981146,-22.88219465300271,81.50933769061015,11.48878357351534,0.5505012139687618,18675675675.67567
0.0038,0.006,0.0002200000000000000,0.0018000000000000002,3,0.029500000000000002,0.007,0.00003500000000000000,0.0005000000000000000,0.001,18.716216216216218,-11.633834994287866,1.7100425167397932,0.009313538001152352,3.825420820938112,4.529680409629667,6.560675615645849,-23.044107885545838,82.58452792499313,12.47560366582089,0.5326899712049259,18716216216.21622
0.0038,0.006,0.0002200000000000000,0.0018000000000000002,3,0.029500000000000002,0.007,0.00003500000000000000,0.0005000000000000000,0.001,18.756756756756758,-11.364574795125614,1.7406775996006019,0.009269630682328722,3.7596938554573573,4.624518118805806,6.650664853460268,-23.220346683334245,83.94690640688326,13.05642659426626,0.5139287342658191,18756756756.75676
0.0038,0.006,0.0002200000000000000,0.0018000000000000002,3,0.029500000000000002,0.007,0.00003500000000000000,0.0005000000000000000,0.001,18.7972972972973,-11.097300234387204,1.7727664994982217,0.009223270183986467,3.6638309985275375,4.7027007286368585,6.72347341910633,-23.410793111284484,85.63165392807845,13.140188305196848,0.49435138808103507,18797297297.29730
0.0038,0.006,0.0002200000000000000,0.0018000000000000002,3,0.029500000000000002,0.007,0.00003500000000000000,0.0005000000000000000,0.001,18.83783783783784,-10.833760382314921,1.80616824340945,0.009174676974106928,3.5328825689624628,4.757789399829277,6.774052143897165,-23.615261751232733,87.68815054575332,12.5391155518761,0.4741142869167679,18837837837.83784
0.0038,0.006,0.0002200000000000000,0.0018000000000000002,3,0.029500000000000002,0.007,0.00003500000000000000,0.0005000000000000000,0.001,18.878378378378383,-10.57786388238451,1.8404007313660926,0.009124585750044453,3.35539237211435,4.7718930275601235,6.78690699444852,-23.82938305329931,90.13589944238596,10.892206586283457,0.4537833299897897,18878378378.37838
0.0038,0.006,0.0002200000000000000,0.0018000000000000002,3,0.029500000000000002,0.007,0.00003500000000000000,0.0005000000000000000,0.001,18.91891891891892,-10.342348924935163,1.873589142785831,0.009075801823047253,3.109746328096495,4.701927447589411,6.722759235225095,-24.034162865427625,92.82022398793688,7.538174552469416,0.4352098431887636,18918918918.91892
0.0038,0.006,0.0002200000000000000,0.0018000000000000002,3,0.029500000000000002,0.007,0.00003500000000000000,0.0005000000000000000,0.001,18.959459459459463,-10.163903400419446,1.8998807722752957,0.009037036868197689,2.757906958821969,4.453651370048031,6.4871621763957945,-24.168994676915588,94.96552533839426,1.399064592634852,0.42371562386712586,18959459459.45946
0.0038,0.006,0.0002200000000000000,0.0018000000000000002,3,0.029500000000000002,0.007,0.00003500000000000000,0.0005000000000000000,0.001,19,-10.143472813693737,1.9029566773459128,0.009032496112700942,2.538055390594249,4.139688923752002,6.16967707359108,-24.073543849660915,94.07105799086219,-8.544077797123645,0.43334903290928417,19000000000.00000
0.0039,0.0057,0.0002000000000000000,0.001574,3,0.029500000000000002,0.007,0.00003500000000000000,0.0005000000000000000,0.001,16,-9.274404046696562,2.04775539733851,0.008818157522234258,-5.155229515161351,6.191045694718376,7.917640094548056,-33.619091084370865,83.04483773457628,33.675431661843945,0.049284804598548816,16000000000.00000
0.0039,0.0057,0.0002000000000000000,0.001574,3,0.029500000000000002,0.007,0.00003500000000000000,0.0005000000000000000,0.001,16.04054054054054,-9.297185254668031,2.043578945109712,0.008824340724740566,-5.0749043058381496,6.173020625061261,7.904977280177058,-33.52305889901509,83.28167908442255,33.33825187848113,0.05035143373358687,16040540540.54054
0.0039,0.0057,0.0002000000000000000,0.001574,3,0.029500000000000002,0.007,0.00003500000000000000,0.0005000000000000000,0.001,16.08108108108108,-9.320750925420423,2.0392821680094952,0.008830702806092652,-4.991857028255191,6.150240904911617,7.88892127421709,-33.42082561249102,83.51380459622645,32.99215903797243,0.051513631833432924,16081081081.08108
0.0039,0.0057,0.0002000000000000000,0.001574,3,0.029500000000000002,0.007,0.00003500000000000000,0.0005000000000000000,0.001,16.121621621621625,-9.345156666414626,2.034857207161781,0.0088372553943406,-4.905869794208085,6.122845310245748,7.869532874031815,-33.312228606534276,83.74062954973664,32.636970587842775,0.05277882691517203,16121621621.62162
0.0039,0.0057,0.0002000000000000000,0.001574,3,0.029500000000000002,0.007,0.00003500000000000000,0.0005000000000000000,0.001,16.162162162162165,-9.37046039509649,2.03029606854562,0.0088440103106419,-4.8167576288265606,6.091003218419874,7.846888289779641,-33.1971535163847,83.96151599865811,32.272537696896876,0.054154606954221224,16162162162.16216
0.0039,0.0057,0.0002000000000000000,0.001574,3,0.029500000000000002,0.007,0.00003500000000000000,0.0005000000000000000,0.001,16.202702702702705,-9.396722281662196,2.025590658773899,0.008850979514007528,-4.724371677491423,6.054909156366693,7.821076316764911,-33.075534638701264,84.17577021446397,31.898752612821816,0.05564872271415021,16202702702.70270
0.0039,0.0057,0.0002000000000000000,0.001574,3,0.029500000000000002,0.007,0.00003500000000000000,0.0005000000000000000,0.001,16.243243243243246,-9.424004577131047,2.0207328423314093,0.008858175013848451,-4.628602192754039,6.014777365487613,7.792195567415926,-32.947355194857934,84.38264039633461,31.515557621162316,0.05726908231345958,16243243243.24324
0.0039,0.0057,0.0002000000000000000,0.001574,3,0.029500000000000002,0.007,0.00003500000000000000,0.0005000000000000000,0.001,16.283783783783782,-9.452371282654877,2.0157145270881105,0.008865608740167003,-4.529381406222568,5.970836690687187,7.760351928861308,-32.81264772542625,84.58131499010135,31.122955850045894,0.05902373207321291,16283783783.78378
0.0039,0.0057,0.0002000000000000000,0.001574,3,0.029500000000000002,0.007,0.00003500000000000000,0.0005000000000000000,0.001,16.324324324324326,-9.4818876065935,2.010527785991491,0.008873292359632844,-4.426686422730918,5.923326035452064,7.725656380099749,-32.67149489276341,84.77092206914385,30.72102414383406,0.06092081710594769,16324324324.32432
0.0039,0.0057,0.0002000000000000000,0.001574,3,0.029500000000000002,0.007,0.00003500000000000000,0.0005000000000000000,0.001,16.364864864864867,-9.512619145843761,2.005165023861205,0.008881237024290658,-4.320542292989928,5.872490548137876,7.68822326446686,-32.52403094988595,84.95053035759125,30.30992817870719,0.06296851396932723,16364864864.86486
0.0039,0.0057,0.0002000000000000000,0.001574,3,0.029500000000000002,0.007,0.00003500000000000000,0.0005000000000000000,0.001,16.405405405405407,-9.544630717685767,1.9996191990509453,0.008889453038433952,-4.211025420678769,5.818578626632541,7.648169073301258,-32.37044409428489,85.11915261761723,29.889939904441285,0.06517492657955813,16405405405.40541
0.0039,0.0057,0.0002000000000000000,0.001574,3,0.029500000000000002,0.007,0.00003500000000000000,0.0005000000000000000,0.001,16.445945945945947,-9.57798475887402,1.9938841102350051,0.008897949428508644,-4.098267436205867,5.761839756849657,7.605611759014103,-32.21097986415278,85.27575227219239,29.46145725708006,0.06754793557278767,16445945945.94595
0.0039,0.0057,0.0002000000000000000,0.001574,3,0.029500000000000002,0.007,0.00003500000000000000,0.0005000000000000000,0.001,16.486486486486488,-9.612739201308147,1.987954758467111,0.008906733401162022,-3.982459620113658,5.702523139310559,7.560670562028733,-32.045945651278615,85.41925428110864,29.02502588319096,0.07009499059132868,16486486486.48649
0.0039,0.0057,0.0002000000000000000,0.001574,3,0.029500000000000002,0.007,0.00003500000000000000,0.0005000000000000000,0.001,16.527027027027028,-9.648944730556297,1.981827793604635,0.00891580967624699,-3.863857882635389,5.640877011153958,7.51346630844086,-31.87571629985451,85.54856141357688,28.58136233394354,0.07282283480535899,16527027027.02703
0.0039,0.0057,0.0002000000000000000,0.001574,3,0.029500000000000002,0.007,0.00003500000000000000,0.0005000000000000000,0.001,16.56756756756757,-9.686641338046853,1.9755020517253163,0.00892517968542359,-3.7427882042517973,5.577148536895193,7.464122112648978,-31.7007406342084,85.66257713695055,28.131377814720224,0.07573715170595222,16567567567.56757
0.0039,0.0057,0.0002000000000000000,0.001574,3,0.029500000000000002,0.007,0.00003500000000000000,0.0005000000000000000,0.001,16.60810810810811,-9.72585409428408,1.9689791857229135,0.008934840633810894,-3.619652317186712,5.511584120743057,7.412764402347621,-31.521548613314188,85.7602363304708,27.676201106965305,0.07884212625578642,16608108108.10811
0.0039,0.0057,0.0002000000000000000,0.001574,3,0.029500000000000002,0.007,0.00003500000000000000,0.0005000000000000000,0.001,16.64864864864865,-9.7665881044814,1.9622643842330223,0.008944784432842575,-3.494933265299896,5.444429982431868,7.359524169764253,-31.33875864869527,85.84054488469154,27.21719872116239,0.08213991639811598,16648648648.64865
0.0039,0.0057,0.0002000000000000000,0.001574,3,0.029500000000000002,0.007,0.00003500000000000000,0.0005000000000000000,0.001,16.68918918918919,-9.808822666094837,1.9553671637813734,0.008954996527981663,-3.3651609861681253,5.380935277889365,7.308577683660349,-31.153084451816685,85.9026289019061,26.75598971908372,0.08563003726429363,16689189189.18919
0.0039,0.0057,0.0002000000000000000,0.001574,3,0.029500000000000002,0.007,0.00003500000000000000,0.0005000000000000000,0.001,16.729729729729733,-9.852504736427502,1.9483022051252865,0.008965454665855858,-3.231745891147293,5.3202469379496975,7.259317904341536,-30.96534060679523,85.9457936077888,26.29445201608086,0.08930866971710659,16729729729.72973
0.0039,0.0057,0.0002000000000000000,0.001574,3,0.029500000000000002,0.007,0.00003500000000000000,0.0005000000000000000,0.001,16.770270270270274,-9.897541943033026,1.941090187121114,0.008976127671686429,-3.0995204549668998,5.257527664528513,7.207815665738543,-30.776445909396955,85.96959116494786,25.834716434005358,0.09316791744255146,16770270270.27027
0.0039,0.0057,0.0002000000000000000,0.001574,3,0.029500000000000002,0.007,0.00003500000000000000,0.0005000000000000000,0.001,16.81081081081081,-9.943795531545675,1.9337585507564052,0.008986974338505137,-2.9693061963086658,5.193082492724484,7.154252214686338,-30.587423394957117,85.97389531909423,25.379144457889073,0.0971950525481899,16810810810.81081
0.0039,0.0057,0.0002000000000000000,0.001574,3,0.029500000000000002,0.007,0.00003500000000000000,0.0005000000000000000,0.001,16.85135135135135,-9.991073839013715,1.9263421039817437,0.00899794256185027,-2.8420049045602074,5.127224318336901,7.098823184321655,-30.39939592358055,85.95897923547508,24.930285728831933,0.10137180771085927,16851351351.35135
0.0039,0.0057,0.0002000000000000000,0.001574,3,0.029500000000000002,0.007,0.00003500000000000000,0.0005000000000000000,0.001,16.89189189189189,-10.039127088658354,1.91888335782759,0.00900896888256292,-2.718589090614682,5.060271294165303,7.041738011086823,-30.21357623324061,85.92559110791092,24.490811974504474,0.10567379148826321,16891891891.89189
0.0039,0.0057,0.0002000000000000000,0.001574,3,0.029500000000000002,0.007,0.00003500000000000000,0.0005000000000000000,0.001,16.93243243243243,-10.087644491982646,1.9114324707183599,0.009019978618866388,-2.6000866700067897,4.992543936263018,6.9832189551422195,-30.031250544317714,85.87502036360749,24.063425509935843,0.1100701193753192,16932432432.43243
0.0039,0.0057,0.0002000000000000000,0.001574,3,0.029500000000000002,0.007,0.00003500000000000000,0.0005000000000000000,0.001,16.972972972972975,-10.136254767325653,1.9040466769372175,0.00903088676817462,-2.487559278391885,4.924362124452733,6.923499822911397,-29.853755131260975,85.80914587624976,23.650742729475613,0.11452336226007703,16972972972.97297
0.0039,0.0057,0.0002000000000000000,0.001574,3,0.029500000000000002,0.007,0.00003500000000000000,0.0005000000000000000,0.001,17.013513513513516,-10.18453117792365,1.896789093301604,0.009041599829718194,-2.3820740625798353,4.856042217675807,6.862824537722961,-29.682445782555003,85.73045695863502,23.255156098749914,0.11898991107704524,17013513513.51351
0.0039,0.0057,0.0002000000000000000,0.001574,3,0.029500000000000002,0.007,0.00003500000000000000,0.0005000000000000000,0.001,17.054054054054056,-10.23200199219791,1.889726840519667,0.009052018633847888,-2.270362102018294,4.803693647377752,6.81575302749234,-29.518660736593393,85.64203847084195,22.878681771114326,0.12342083691945242,17054054054.05405
0.0039,0.0057,0.0002000000000000000,0.001574,3,0.029500000000000002,0.007,0.00003500000000000000,0.0005000000000000000,0.001,17.094594594594597,-10.278166826300941,1.8829284841237146,0.009062042161012489,-2.130435249359671,4.792370646435437,6.805503994223052,-29.363678459618903,85.54751348493076,22.5228035791199,0.1277632867523394,17094594594.59460
0.0039,0.0057,0.0002000000000000000,0.001574,3,0.029500000000000002,0.007,0.00003500000000000000,0.0005000000000000000,0.001,17.135135135135137,-10.32251863868688,1.8764608901655064,0.009071572199930196,-2.003084600258709,4.777947184463123,6.792413447393091,-29.21867243329849,85.45094068081436,22.188327068989796,0.1319623968935422,17135135135.13514
0.0039,0.0057,0.0002000000000000000,0.001574,3,0.029500000000000002,0.007,0.00003500000000000000,0.0005000000000000000,0.001,17.175675675675677,-10.364570271037275,1.8703856914559798,0.009080518548156488,-1.889309007175852,4.760431617173435,6.776463309681153,-29.08466581823934,85.35666872933338,21.875258663610047,0.13596363542140924,17175675675.67568
0.0039,0.0057,0.0002000000000000000,0.001574,3,0.029500000000000002,0.007,0.00003500000000000000,0.0005000000000000000,0.001,17.216216216216218,-10.403883510120469,1.8647556525947557,0.0090888043264783,-1.7898799377286712,4.739883759890721,6.7576769124011,-28.962489314463333,85.26915565071873,21.582724305519953,0.13971541175167526,17216216216.21622
0.0039,0.0057,0.0002000000000000000,0.001574,3,0.029500000000000002,0.007,0.00003500000000000000,0.0005000000000000000,0.001,17.256756756756758,-10.44009788443911,1.859611284329282,0.009096370893155192,-1.7053058144054694,4.716416398816859,6.736121407244276,-28.852745623094552,85.19276649551408,21.30893876340494,0.1431717316793137,17256756756.75676
0.0039,0.0057,0.0002000000000000000,0.001574,3,0.029500000000000002,0.007,0.00003500000000000000,0.0005000000000000000,0.001,17.2972972972973,-10.472956025807694,1.8549780701028944,0.009103181832659029,-1.6358063432828587,4.6901954204343,6.711909382903833,-28.75578354930606,85.13156654793151,21.051231444272133,0.14629464431677877,17297297297.29730
0.0039,0.0057,0.0002000000000000000,0.001574,3,0.029500000000000002,0.007,0.00003500000000000000,0.0005000000000000000,0.001,17.33783783783784,-10.502322580699655,1.8508646192705613,0.009109225570065188,-1.5812988232835592,4.6614386437890385,6.685199721910533,-28.671683979572787,85.08912867311054,20.80612786232667,0.14905623440239626,17337837837.83784
0.0039,0.0057,0.0002000000000000000,0.001574,3,0.029500000000000002,0.007,0.00003500000000000000,0.0005000000000000000,0.001,17.378378378378383,-10.528194387035057,1.8472619557270624,0.00911451631998631,-1.5413973185301724,4.630413509770649,6.656197765455185,-28.600258815001173,85.06837198781135,20.569479094413882,0.15143996186778744,17378378378.37838
0.0039,0.0057,0.0002000000000000000,0.001574,3,0.029500000000000002,0.007,0.00003500000000000000,0.0005000000000000000,0.001,17.41891891891892,-10.550700819756901,1.844144005984976,0.009119093290124617,-1.515424330286825,4.5974338368389205,6.625154878823776,-28.541062622614803,85.0714449520195,20.3366259030821,0.15344123279154634,17418918918.91892
0.0039,0.0057,0.0002000000000000000,0.001574,3,0.029500000000000002,0.007,0.00003500000000000000,0.0005000000000000000,0.001,17.459459459459463,-10.57009460181174,1.8414691959302156,0.009123018282245064,-1.5024334223584086,4.562855887462148,6.592367522992167,-28.493415493576812,85.09966008013194,20.102580756571687,0.1550671858701076,17459459459.45946
0.0039,0.0057,0.0002000000000000000,0.001574,3,0.029500000000000002,0.007,0.00003500000000000000,0.0005000000000000000,0.001,17.5,-10.586734668164697,1.839182931742661,0.009126372023433159,-1.5012403212253076,4.527073998273692,6.558175934082811,-28.45643457343163,85.1534809438689,19.862210201061504,0.15633577628483114,17500000000.00000
0.0039,0.0057,0.0002000000000000000,0.001574,3,0.029500000000000002,0.007,0.00003500000000000000,0.0005000000000000000,0.001,17.540540540540544,-10.601063593193931,1.8372206521449561,0.009129249684115315,-1.5104594613123425,4.490516005723872,6.522962487009681,-28.42907109678874,85.23255619291831,19.61040179853844,0.15727431603331893,17540540540.54054
0.0039,0.0057,0.0002000000000000000,0.001574,3,0.029500000000000002,0.007,0.00003500000000000000,0.0005000000000000000,0.001,17.581081081081084,-10.6135824990163,1.8355111076048645,0.009131756081373394,-1.5285428273388304,4.453638646961412,6.487149769555328,-28.410149571699183,85.33579087619778,19.342203473401636,0.1579176746346732,17581081081.08108
0.0039,0.0057,0.0002000000000000000,0.001574,3,0.029500000000000002,0.007,0.00003500000000000000,0.0005000000000000000,0.001,17.62162162162162,-10.624826253786487,1.8339795443512226,0.009134001031707022,-1.4238341545921664,4.551119500912639,6.581182391331942,-28.398405982667704,85.46144285909378,19.05292768545637,0.1583063535476455,17621621621.62162
0.0039,0.0057,0.0002000000000000000,0.001574,3,0.029500000000000002,0.007,0.00003500000000000000,0.0005000000000000000,0.001,17.662162162162165,-10.635341265926801,1.8325505329558922,0.009136095227087391,-1.3184112523046378,4.6577023741045105,6.681717337878102,-28.392522413669774,85.60723156988692,18.738217445219334,0.15848462660789941,17662162162.16216
0.0039,0.0057,0.0002000000000000000,0.001574,3,0.029500000000000002,0.007,0.00003500000000000000,0.0005000000000000000,0.001,17.7027027027027,-10.64566746635924,1.8311502634157917,0.00913814688951332,-1.2281641402248653,4.755074663209015,6.771573405300265,-28.391156197874146,85.77044727488982,18.39407510475088,0.15849889742167966,17702702702.70270
0.0039,0.0057,0.0002000000000000000,0.001574,3,0.029500000000000002,0.007,0.00003500000000000000,0.0005000000000000000,0.001,17.743243243243246,-10.656325329152388,1.8297082124655326,0.009140259338756942,-1.15197332112994,4.842363980219063,6.850574304298796,-28.392962442933033,85.94805099515676,18.016857706244178,0.158396374704746,17743243243.24324
0.0039,0.0057,0.0002000000000000000,0.001574,3,0.029500000000000002,0.007,0.00003500000000000000,0.0005000000000000000,0.001,17.783783783783782,-10.667808149343575,1.8281581603342407,0.00914252950523029,-1.088713563878859,4.918763697825703,6.918559591327375,-28.39660944931255,86.1367574453749,17.603244373828787,0.158224118380642,17783783783.78378
0.0039,0.0057,0.0002000000000000000,0.001574,3,0.029500000000000002,0.007,0.00003500000000000000,0.0005000000000000000,0.001,17.824324324324326,-10.680579349899427,1.8264385857385643,0.009145047345615744,-1.0372739052104407,4.983532259276391,6.9753727387023865,-28.400787061494274,86.3330955142838,17.150181950069527,0.15802847008592835,17824324324.32433
0.0039,0.0057,0.0002000000000000000,0.001574,3,0.029500000000000002,0.007,0.00003500000000000000,0.0005000000000000000,0.001,17.864864864864867,-10.69507434520608,1.8244924977895616,0.009147896075585771,-0.9965714376696251,5.0359906147099425,7.020849120665873,-28.404208336609056,86.53344249740427,16.65481510009698,0.15785485519172487,17864864864.86486
0.0039,0.0057,0.0002000000000000000,0.001574,3,0.029500000000000002,0.007,0.00003500000000000000,0.0005000000000000000,0.001,17.905405405405407,-10.711706424196013,1.822266773979095,0.009151153118303066,-0.9655593262656927,5.075518301750368,7.0548039813137855,-28.405605086736493,86.73402938361087,16.114406770161082,0.15774793006823243,17905405405.40541
0.0039,0.0057,0.0002000000000000000,0.001574,3,0.029500000000000002,0.007,0.00003500000000000000,0.0005000000000000000,0.001,17.945945945945947,-10.730876191630035,1.8197110688986424,0.009154891673134137,-0.9432294907590723,5.101548841418035,7.077020488746726,-28.403717881482354,86.93091496517951,15.52625451751829,0.15775204651526092,17945945945.94595
0.0039,0.0057,0.0002000000000000000,0.001574,3,0.029500000000000002,0.007,0.00003500000000000000,0.0005000000000000000,0.001,17.986486486486488,-10.752984278785831,1.8167763436753332,0.009159182829124547,-0.9286103350291868,5.113565208433781,7.0872379846437035,-28.39728103783331,87.11992645520968,14.887608106445143,0.15791201236189392,17986486486.48649
0.0039,0.0057,0.0002000000000000000,0.001574,3,0.029500000000000002,0.007,0.00003500000000000000,0.0005000000000000000,0.001,18.027027027027028,-10.77844727134881,1.8134130455211024,0.00916409817605747,-0.9207598508929736,5.111096158473458,7.08514051704908,-28.38500303604188,87.29656377818839,14.19559413605813,0.15827414028894687,18027027027.02703
0.0039,0.0057,0.0002000000000000000,0.001574,3,0.029500000000000002,0.007,0.00003500000000000000,0.0005000000000000000,0.001,18.06756756756757,-10.807717082459785,1.8095689435073916,0.009169712897471753,-0.9187544050695335,5.093714188835523,7.07034572803896,-28.365542751321165,87.45586390875313,13.447154560464828,0.15888759327781166,18067567567.56757
0.0039,0.0057,0.0002000000000000000,0.001574,3,0.029500000000000002,0.007,0.00003500000000000000,0.0005000000000000000,0.001,18.10810810810811,-10.841304316980471,1.8051866028964838,0.009176109361291807,-0.9216735439206689,5.061035943230954,7.04239421658014,-28.33748195184426,87.59222077387521,12.639008029257162,0.1598060525648046,18108108108.10811
0.0039,0.0057,0.0002000000000000000,0.001574,3,0.029500000000000002,0.007,0.00003500000000000000,0.0005000000000000000,0.001,18.14864864864865,-10.879806535745988,1.8002004577426316,0.009183381251707168,-0.9285812075523299,5.012726040765494,7.000739698763657,-28.2992947603297,87.6991555949386,11.767646320953522,0.161089750685604,18148648648.64865
0.0039,0.0057,0.0002000000000000000,0.001574,3,0.029500000000000002,0.007,0.00003500000000000000,0.0005000000000000000,0.001,18.18918918918919,-10.923942752504246,1.7945334218080102,0.00919163830708021,-0.9385038040769484,4.948505707990532,6.944740755502746,-28.24931529521558,87.76903258703668,10.829383144908556,0.16280792605920505,18189189189.18919
0.0039,0.0057,0.0002000000000000000,0.001574,3,0.029500000000000002,0.007,0.00003500000000000000,0.0005000000000000000,0.001,18.22972972972973,-10.974596003421567,1.788092964201186,0.009201011736985011,-0.9314109447597946,4.889506755362702,6.892650504879196,-28.185705602670602,87.79271642129835,9.820479706771005,0.16504176332291,18229729729.72973
0.0039,0.0057,0.0002000000000000000,0.001574,3,0.029500000000000002,0.007,0.00003500000000000000,0.0005000000000000000,0.001,18.270270270270274,-11.03286644025803,1.7807665746038868,0.009211660375832213,-0.8775359835526411,4.866615763375089,6.872270585029407,-28.106427392486438,87.7591720910036,8.737381123521894,0.16788787924259457,18270270270.27027
0.0039,0.0057,0.0002000000000000000,0.001574,3,0.029500000000000002,0.007,0.00003500000000000000,0.0005000000000000000,0.001,18.31081081081081,-11.100138119868657,1.7724165652976644,0.009223777570179316,-0.8164910235226399,4.832613185207681,6.8418203448237715,-28.00922315358918,87.65501694763608,7.577110266824608,0.1714623861063261,18310810810.81081
0.0039,0.0057,0.0002000000000000000,0.001574,3,0.029500000000000002,0.007,0.00003500000000000000,0.0005000000000000000,0.001,18.351351351351354,-11.178163460899473,1.762874225145902,0.009237598654801641,-0.7450252485194809,4.788704904952485,6.802180752761751,-27.891615105647286,87.46405207258634,6.337880380579483,0.17590549238876976,18351351351.35135
0.0039,0.0057,0.0002000000000000000,0.001574,3,0.029500000000000002,0.007,0.00003500000000000000,0.0005000000000000000,0.001,18.39189189189189,-11.269170088980028,1.7519334922025325,0.009253408586025547,-0.6595459193729314,4.73631491255771,6.75440570454585,-27.75093423445084,87.166830796928,5.020002502728442,0.18138644854024752,18391891891.89189
0.0039,0.0057,0.0002000000000000000,0.001574,3,0.029500000000000002,0.007,0.00003500000000000000,0.0005000000000000000,0.001,18.432432432432435,-11.375995183784887,1.7393446093182716,0.009271548768874273,-0.5562125880930114,4.67703535245423,6.699706526362714,-27.584396243783083,86.74037255498513,3.6271721602136755,0.18810835629928774,18432432432.43243
0.0039,0.0057,0.0002000000000000000,0.001574,3,0.029500000000000002,0.007,0.00003500000000000000,0.0005000000000000000,0.001,18.472972972972975,-11.502251803321137,1.7248087670704817,0.009292421188148133,-0.33129225023365966,4.719807280546016,6.739242658577832,-27.389246044813742,86.15820690384083,2.1682088712977383,0.19631184699325913,18472972972.97297
0.0039,0.0057,0.0002000000000000000,0.001574,3,0.029500000000000002,0.007,0.00003500000000000000,0.0005000000000000000,0.001,18.513513513513516,-11.652528659819287,1.7079756521852167,0.009316486441253062,0.021283430373254482,4.8716950005605035,6.876800908481603,-27.162995915594937,85.39103742339879,0.6592674847385391,0.2062757867356881,18513513513.51352
0.0039,0.0057,0.0002000000000000000,0.001574,3,0.029500000000000002,0.007,0.00003500000000000000,0.0005000000000000000,0.001,18.554054054054056,-11.83261699153106,1.6884472511646849,0.009344249997607537,0.3781798347725185,4.997359714211043,6.987406114546522,-26.903781788673072,84.40843494250916,-0.8735958253557686,0.21831188121851952,18554054054.05405
0.0039,0.0057,0.0002000000000000000,0.001574,3,0.029500000000000002,0.007,0.00003500000000000000,0.0005000000000000000,0.001,18.594594594594597,-12.049741289123164,1.6657932738235066,0.009376228007289173,0.7339833163658933,5.087585662570462,7.065117347577882,-26.61085243322617,83.18205582823273,-2.391885193045874,0.2327483425054884,18594594594.59460
0.0039,0.0057,0.0002000000000000000,0.001574,3,0.029500000000000002,0.007,0.00003500000000000000,0.0005000000000000000,0.001,18.635135135135137,-12.31273818314413,1.6395859188792576,0.00941288093686972,1.0818139536737512,5.133600247485643,7.104220472200295,-26.285180865022582,81.69082531839028,-3.8429606011424613,0.24989602506980677,18635135135.13514
0.0039,0.0057,0.0002000000000000000,0.001574,3,0.029500000000000002,0.007,0.00003500000000000000,0.0005000000000000000,0.001,18.675675675675677,-12.63207146402275,1.6094634119893014,0.009454502388175431,1.4131250665206063,5.128201524643749,7.099650834610443,-25.930139009263144,79.92814869196866,-5.160504119235136,0.26998984104442475,18675675675.67567
0.0039,0.0057,0.0002000000000000000,0.001574,3,0.029500000000000002,0.007,0.00003500000000000000,0.0005000000000000000,0.001,18.716216216216218,-13.019484614304638,1.5752304511530153,0.009501056305436018,1.7176852791572532,5.066997070863956,7.047506532332431,-25.55210233489702,77.91032216946218,-6.268892660985204,0.2931013877370813,18716216216.21622
0.0039,0.0057,0.0002000000000000000,0.001574,3,0.029500000000000002,0.007,0.00003500000000000000,0.0005000000000000000,0.001,18.756756756756758,-13.486982365261927,1.5369953937890448,0.00955197550036562,2.020555441432676,4.991427870254017,6.982247996248182,-25.16076055606367,75.68390358330879,-7.092989885209741,0.3190294274878495,18756756756.75676
0.0039,0.0057,0.0002000000000000000,0.001574,3,0.029500000000000002,0.007,0.00003500000000000000,0.0005000000000000000,0.001,18.7972972972973,-14.044745387240392,1.495324430987821,0.009605973472535917,2.5093737734341053,5.132897236749926,7.103625695482751,-24.768838092301436,73.32836986582753,-7.57344495525541,0.34719607571747957,18797297297.29730
0.0039,0.0057,0.0002000000000000000,0.001574,3,0.029500000000000002,0.007,0.00003500000000000000,0.0005000000000000000,0.001,18.83783783783784,-14.697646338099894,1.4513621776594952,0.009660972157269751,3.0323395811596847,5.3376323355869735,7.2734865560267625,-24.390938670034306,70.95008405796143,-7.684881478910055,0.3766043243744399,18837837837.83784
0.0039,0.0057,0.0002000000000000000,0.001574,3,0.029500000000000002,0.007,0.00003500000000000000,0.0005000000000000000,0.001,18.878378378378383,-15.440523031675262,1.4068370952141398,0.009714275358265828,3.4650474922784555,5.470844206641754,7.380543475394552,-24.041391886042057,68.66559665637995,-7.451566739023663,0.40592930171914715,18878378378.37838
0.0039,0.0057,0.0002000000000000000,0.001574,3,0.029500000000000002,0.007,0.00003500000000000000,0.0005000000000000000,0.001,18.91891891891892,-16.253725924871553,1.3638611292606384,0.009763065988481517,3.8014788350993007,5.531754369496131,7.428628875723438,-23.731287793486878,66.57628585600771,-6.954621688878297,0.4337954534657887,18918918918.91892
0.0039,0.0057,0.0002000000000000000,0.001574,3,0.029500000000000002,0.007,0.00003500000000000000,0.0005000000000000000,0.001,18.959459459459463,-17.103162276625344,1.3244624307551323,0.0098051574645469,4.041603913179818,5.522415414624166,7.421290726207377,-23.465141087517942,64.73930699444978,-6.328143275797787,0.4592311286205209,18959459459.45946
0.0039,0.0057,0.0002000000000000000,0.001574,3,0.029500000000000002,0.007,0.00003500000000000000,0.0005000000000000000,0.001,19,-17.952847183815848,1.289843405870312,0.009839780533377303,4.191711507773783,5.443755210433109,7.358985880323381,-23.237420252266592,63.1371446147168,-5.746799181061804,0.4822503624741001,19000000000.00000
0.0039,0.0057,0.0002000000000000000,0.0018000000000000002,3,0.029500000000000002,0.007,0.00003500000000000000,0.0005000000000000000,0.001,16,-6.7377484051132885,2.7062836807167714,0.007880540318043385,-2.8600486293369403,5.51841588671782,7.418144272958498,-31.31263294935283,109.30333094083055,48.60564607824495,0.0937952207299555,16000000000.00000
0.0039,0.0057,0.0002000000000000000,0.0018000000000000002,3,0.029500000000000002,0.007,0.00003500000000000000,0.0005000000000000000,0.001,16.04054054054054,-6.759590980018439,2.698359143652732,0.007891173249417134,-2.7822398298929785,5.471125017368586,7.380766386913773,-31.19159043329516,109.79391378389295,47.88448673602986,0.09631620852828049,16040540540.54054
0.0039,0.0057,0.0002000000000000000,0.0018000000000000002,3,0.029500000000000002,0.007,0.00003500000000000000,0.0005000000000000000,0.001,16.08108108108108,-6.783009625588051,2.6899223215061845,0.007902514160838772,-2.698088036404061,5.420158427291049,7.3401198083593835,-31.060555017338384,110.26877169386978,47.1294400120032,0.09912409049803048,16081081081.08108
0.0039,0.0057,0.0002000000000000000,0.0018000000000000002,3,0.029500000000000002,0.007,0.00003500000000000000,0.0005000000000000000,0.001,16.121621621621625,-6.808151406761489,2.6809325645569957,0.00791462165548375,-2.596287491318183,5.379244843234404,7.307213122025797,-30.919199023207376,110.72454185430148,46.33967125101897,0.1022468503379674,16121621621.62162
0.0039,0.0057,0.0002000000000000000,0.0018000000000000002,3,0.029500000000000002,0.007,0.00003500000000000000,0.0005000000000000000,0.001,16.162162162162165,-6.835173241602331,2.67134803041729,0.007927556612564841,-2.4827065600588467,5.340712856256885,7.275992287282699,-30.76730532623785,111.15747759965967,45.51462283195411,0.10571341807297871,16162162162.16216
0.0039,0.0057,0.0002000000000000000,0.0018000000000000002,3,0.029500000000000002,0.007,0.00003500000000000000,0.0005000000000000000,0.001,16.202702702702705,-6.864241331669351,2.661126232469094,0.007941381521136721,-2.363420338119839,5.297024490974654,7.2403198091569205,-30.604779537595427,111.56343401645559,44.65410120054052,0.10955343148070883,16202702702.70270
0.0039,0.0057,0.0002000000000000000,0.0018000000000000002,3,0.029500000000000002,0.007,0.00003500000000000000,0.0005000000000000000,0.001,16.243243243243246,-6.895529847842559,2.650224865915766,0.007956159431793652,-2.238588807356291,5.248205786902841,7.2001085578150406,-30.431662592422978,111.93786642347897,43.75838120949642,0.1137968560063158,16243243243.24324
0.0039,0.0057,0.0002000000000000000,0.0018000000000000002,3,0.029500000000000002,0.007,0.00003500000000000000,0.0005000000000000000,0.001,16.283783783783782,-6.929218601240562,2.638602983163825,0.007971952419451412,-2.1085055903977503,5.1943178221049635,7.155285190637094,-30.248143801511205,112.27584796330292,42.8283281939736,0.11847341901212442,16283783783.78378
0.0039,0.0057,0.0002000000000000000,0.0018000000000000002,3,0.029500000000000002,0.007,0.00003500000000000000,0.0005000000000000000,0.001,16.324324324324326,-6.965489368258291,2.6262225971904645,0.007988819436818255,-1.9736115432034271,5.135454484637935,7.105788844349706,-30.054574334033035,112.57211395103825,41.8655366948234,0.12361180873803962,16324324324.32432
0.0039,0.0057,0.0002000000000000000,0.0018000000000000002,3,0.029500000000000002,0.007,0.00003500000000000000,0.0005000000000000000,0.001,16.364864864864867,-7.004520479013177,2.6130507933544918,0.008006813430706002,-1.8345081750973333,5.071740061176726,7.051569868118718,-29.851480953296267,112.82114191375484,40.872482443058274,0.12923858538246774,16364864864.86486
0.0039,0.0057,0.0002000000000000000,0.0018000000000000002,3,0.029500000000000002,0.007,0.00003500000000000000,0.0005000000000000000,0.001,16.405405405405407,-7.046479230787468,2.599062422647217,0.00802597759794886,-1.6919703467536338,5.003326798021199,6.992588702514192,-29.639579617268282,113.01727710427238,39.85268097856761,0.13537675353103062,16405405405.40541
0.0039,0.0057,0.0002000000000000000,0.0018000000000000002,3,0.029500000000000002,0.007,0.00003500000000000000,0.0005000000000000000,0.001,16.445945945945947,-7.091511670926369,2.5842434270743606,0.008046340682737997,-1.5469574348276867,4.930392575433963,6.928815007289292,-29.419788275223695,113.15491322312761,38.81084202382807,0.142043954906655,16445945945.94595
0.0039,0.0057,0.0002000000000000000,0.0018000000000000002,3,0.029500000000000002,0.007,0.00003500000000000000,0.0005000000000000000,0.001,16.486486486486488,-7.1397293350920386,2.5685948038550714,0.008067911273366184,-1.4006218305157014,4.853138825384488,6.8602271460729085,-29.193237842334913,113.22873651719685,37.753003579799405,0.1492502620552634,16486486486.48649
0.0039,0.0057,0.0002000000000000000,0.0018000000000000002,3,0.029500000000000002,0.007,0.00003500000000000000,0.0005000000000000000,0.001,16.527027027027028,-7.191192665478619,2.5521371420416354,0.008090671155951051,-1.2543132752124377,4.771788816926905,6.786812150333425,-28.96127992853738,113.23403762293442,36.68662407442318,0.15699559151101658,16527027027.02703
0.0039,0.0057,0.0002000000000000000,0.0018000000000000002,3,0.029500000000000002,0.007,0.00003500000000000000,0.0005000000000000000,0.001,16.56756756756757,-7.2458911176406815,2.534915556789184,0.00811456793714215,-1.1095771641183436,4.686586432737705,6.708566309461739,-28.725489467336345,113.16708879172008,35.620605634881905,0.165266813148154,16567567567.56757
0.0039,0.0057,0.0002000000000000000,0.0018000000000000002,3,0.029500000000000002,0.007,0.00003500000000000000,0.0005000000000000000,0.001,16.60810810810811,-7.3037204445966095,2.5170047008515333,0.00813950736332889,-0.9681446292990549,4.597795560219637,6.625496565717094,-28.487659991163106,113.02557405387795,34.565218067789154,0.174034712642553,16608108108.10811
0.0039,0.0057,0.0002000000000000000,0.0018000000000000002,3,0.029500000000000002,0.007,0.00003500000000000000,0.0005000000000000000,0.001,16.64864864864865,-7.364458360708445,2.4985133565707884,0.008165346034509026,-0.8319120354850128,4.50570021543119,6.5376229277726585,-28.249789021466547,112.80904665677807,33.53189331288266,0.18325106346620768,16648648648.64865
0.0039,0.0057,0.0002000000000000000,0.0018000000000000002,3,0.029500000000000002,0.007,0.00003500000000000000,0.0005000000000000000,0.001,16.68918918918919,-7.42774073347036,2.479587925230865,0.008191885509706103,-0.702907599037063,4.410605499337845,6.444982146311348,-28.014051005869042,112.5193730121822,32.53286611444616,0.1928461733014298,16689189189.18919
0.0039,0.0057,0.0002000000000000000,0.0018000000000000002,3,0.029500000000000002,0.007,0.00003500000000000000,0.0005000000000000000,0.001,16.729729729729733,-7.493041548980565,2.4604139730375665,0.008218869071206636,-0.5832432995230076,4.3128394448352285,6.347632908563666,-27.782755587338585,112.16110803932632,31.580650198902006,0.20272736669414076,16729729729.72973
0.0039,0.0057,0.0002000000000000000,0.0018000000000000002,3,0.029500000000000002,0.007,0.00003500000000000000,0.0005000000000000000,0.001,16.770270270270274,-7.559660947976922,2.441214921947128,0.008245982568040539,-0.4750512051896039,4.212755742009058,6.245662792139938,-27.55828987362613,111.74173716859829,30.687360877675193,0.21277892002533338,16770270270.27027
0.0039,0.0057,0.0002000000000000000,0.0018000000000000002,3,0.029500000000000002,0.007,0.00003500000000000000,0.0005000000000000000,0.001,16.81081081081081,-7.626726294467144,2.422247058078725,0.008272860683454782,-0.26252454565302896,4.223842775726055,6.25707744065196,-27.34304487843054,111.27172006497105,29.863922984720425,0.22286393858859374,16810810810.81081
0.0039,0.0057,0.0002000000000000000,0.0018000000000000002,3,0.029500000000000002,0.007,0.00003500000000000000,0.0005000000000000000,0.001,16.85135135135135,-7.693211067580435,2.4037903317052014,0.008299099560981705,0.0028145900253187008,4.297790819023714,6.332452737997929,-27.13932840121213,110.76428435793643,29.11923281231249,0.23282852411653304,16851351351.35135
0.0039,0.0057,0.0002000000000000000,0.0018000000000000002,3,0.029500000000000002,0.007,0.00003500000000000000,0.0005000000000000000,0.001,16.89189189189189,-7.757974914549656,2.3861349644323817,0.008324275927452983,0.2572811670465979,4.375236094702148,6.410014932120083,-26.949269090301662,110.23494579360792,28.45936704934802,0.24250830909994578,16891891891.89189
0.0039,0.0057,0.0002000000000000000,0.0018000000000000002,3,0.029500000000000002,0.007,0.00003500000000000000,0.0005000000000000000,0.001,16.93243243243243,-7.819825242790019,2.369564614772786,0.008347971726589904,0.49914077116080474,4.45622318742572,6.489669341046449,-26.774718874871475,109.70077145977088,27.88694253135332,0.25173705257016843,16932432432.43243
0.0039,0.0057,0.0002000000000000000,0.0018000000000000002,3,0.029500000000000002,0.007,0.00003500000000000000,0.0005000000000000000,0.001,16.972972972972975,-7.877596506513742,2.3543376484471987,0.008369802024929226,0.726828640098695,4.540611310219366,6.571143265977658,-26.617162770554813,109.17944751471636,27.40072159496324,0.2603565676046696,16972972972.97297
0.0039,0.0057,0.0002000000000000000,0.0018000000000000002,3,0.029500000000000002,0.007,0.00003500000000000000,0.0005000000000000000,0.001,17.013513513513516,-7.930238729287855,2.340668706927456,0.008389442898693006,0.939005778091309,4.628052374369971,6.653982650962994,-26.477645648441857,108.68825130100197,26.995527508050206,0.26822688912372833,17013513513.51351
0.0039,0.0057,0.0002000000000000000,0.0018000000000000002,3,0.029500000000000002,0.007,0.00003500000000000000,0.0005000000000000000,0.001,17.054054054054056,-7.976903184447149,2.3287130446620847,0.008406655514756502,1.1346025385388463,4.717978451974511,6.737559530375088,-26.356724477823125,108.2430490228719,26.66248780521986,0.2752354062934596,17054054054.05405
0.0039,0.0057,0.0002000000000000000,0.0018000000000000002,3,0.029500000000000002,0.007,0.00003500000000000000,0.0005000000000000000,0.001,17.094594594594597,-8.017011974105431,2.3185558622599647,0.008421302931255606,1.31284526727906,4.809600381923267,6.821089933934993,-26.254451765817983,107.8574375716128,26.38957101626844,0.28130375754209286,17094594594.59460
0.0039,0.0057,0.0002000000000000000,0.0018000000000000002,3,0.029500000000000002,0.007,0.00003500000000000000,0.0005000000000000000,0.001,17.135135135135137,-8.050300338981367,2.3102081004584605,0.008433357275765378,1.473263968021528,4.9019184588455404,6.903660826875878,-26.17039186458723,107.54212275359363,26.162337126973433,0.28639162529145334,17135135135.13514
0.0039,0.0057,0.0002000000000000000,0.0018000000000000002,3,0.029500000000000002,0.007,0.00003500000000000000,0.0005000000000000000,0.001,17.175675675675677,-8.076825596568595,2.3036090526853803,0.008442896645393164,1.615681687846474,4.993745162928107,6.9842637598930075,-26.10366734360408,107.30458326622727,25.964794817061893,0.29049709435487203,17175675675.67568
0.0039,0.0057,0.0002000000000000000,0.0018000000000000002,3,0.029500000000000002,0.007,0.00003500000000000000,0.0005000000000000000,0.001,17.216216216216218,-8.096943197909159,2.2986349965518382,0.00845009285550149,1.7401887816276205,5.08373883581306,7.061832316776831,-26.053028722089373,107.1490216927466,25.780253943140067,0.29365381441709515,17216216216.21622
0.0039,0.0057,0.0002000000000000000,0.0018000000000000002,3,0.029500000000000002,0.007,0.00003500000000000000,0.0005000000000000000,0.001,17.256756756756758,-8.111256498787087,2.2951121395398566,0.00845519256809447,1.847106862820886,5.170446199807074,7.135280235102446,-26.016938340692306,107.07656204689115,25.592077902773504,0.29592568581403084,17256756756.75676
0.0039,0.0057,0.0002000000000000000,0.0018000000000000002,3,0.029500000000000002,0.007,0.00003500000000000000,0.0005000000000000000,0.001,17.2972972972973,-8.120550748857902,2.2928317206689783,0.00845849504479745,1.9369478172888335,5.252350770962247,7.203537221406643,-25.9936584118844,107.08562589471346,25.38427027382564,0.2974000653304227,17297297297.29730
0.0039,0.0057,0.0002000000000000000,0.0018000000000000002,3,0.029500000000000002,0.007,0.00003500000000000000,0.0005000000000000000,0.001,17.33783783783784,-8.125722767616955,2.291565145559832,0.008460329732415273,2.010372793967678,5.3279236252907305,7.265579906831666,-25.981334217487714,107.17240843338756,25.141864332907915,0.29818053437308917,17337837837.83784
0.0039,0.0057,0.0002000000000000000,0.0018000000000000002,3,0.029500000000000002,0.007,0.00003500000000000000,0.0005000000000000000,0.001,17.378378378378383,-8.127716146883238,2.291077448407544,0.008461036267420029,2.0681548803888012,5.395672693619929,7.320455971032649,-25.97806552448318,107.33137994362667,24.85111473044152,0.2983801245749121,17378378378.37838
0.0039,0.0057,0.0002000000000000000,0.0018000000000000002,3,0.029500000000000002,0.007,0.00003500000000000000,0.0005000000000000000,0.001,17.41891891891892,-8.127468659192312,2.2911379844289397,0.008460948565307986,2.1111476168604018,5.454186783968285,7.367300067001682,-25.98196190061865,107.55575170604823,24.499512784097483,0.29811563589759305,17418918918.91892
0.0039,0.0057,0.0002000000000000000,0.0018000000000000002,3,0.029500000000000002,0.007,0.00003500000000000000,0.0005000000000000000,0.001,17.459459459459463,-8.125875070005717,2.291527874438534,0.008460383726043502,2.163711924840598,5.531962973106906,7.428792645990285,-25.991180109288695,107.83786304345765,24.075658996107194,0.2975033962209238,17459459459.45946
0.0039,0.0057,0.0002000000000000000,0.0018000000000000002,3,0.029500000000000002,0.007,0.00003500000000000000,0.0005000000000000000,0.001,17.5,-8.12376566182743,2.2920442176870823,0.008459635738644038,2.2391791222551274,5.645000008298439,7.516639468994217,-26.0039437141058,108.16946279922813,23.56902960052547,0.29665656610911817,17500000000.00000
0.0039,0.0057,0.0002000000000000000,0.0018000000000000002,3,0.029500000000000002,0.007,0.00003500000000000000,0.0005000000000000000,0.001,17.540540540540544,-8.12189892443723,2.292501399492167,0.008458973498217047,2.30391846678109,5.748627036907294,7.595641331254691,-26.018546221208545,108.54187110390342,22.96967077631764,0.2956839243293062,17540540540.54054
0.0039,0.0057,0.0002000000000000000,0.0018000000000000002,3,0.029500000000000002,0.007,0.00003500000000000000,0.0005000000000000000,0.001,17.581081081081084,-8.120966084901763,2.2927299452149423,0.008458642459048071,2.359338921238239,5.842093615834803,7.665685119861653,-26.033339518413136,108.94601414314626,22.267847619761863,0.2946899873594667,17581081081.08108
0.0039,0.0057,0.0002000000000000000,0.0018000000000000002,3,0.029500000000000002,0.007,0.00003500000000000000,0.0005000000000000000,0.001,17.62162162162162,-8.121605245289006,2.2925733448258647,0.008458869287210118,2.406874023454481,5.92475820360862,7.726706309722175,-26.046709146591507,109.37232539158275,21.453667861261422,0.29377630988785647,17621621621.62162
0.0039,0.0057,0.0002000000000000000,0.0018000000000000002,3,0.029500000000000002,0.007,0.00003500000000000000,0.0005000000000000000,0.001,17.662162162162165,-8.124423599559375,2.2918831361265615,0.00845986907962507,2.4479741427907085,5.9960435616634715,7.778647793665931,-26.057037229038215,109.8105015859527,20.516695096159722,0.2930438658383169,17662162162.16216
0.0039,0.0057,0.0002000000000000000,0.0018000000000000002,3,0.029500000000000002,0.007,0.00003500000000000000,0.0005000000000000000,0.001,17.7027027027027,-8.130027294692919,2.2905123273906023,0.008461855026715188,2.484098189700432,6.055370026818411,7.821406868176853,-26.062652873672135,110.24909090377233,19.445565346655926,0.2925965035735937,17702702702.70270
0.0039,0.0057,0.0002000000000000000,0.0018000000000000002,3,0.029500000000000002,0.007,0.00003500000000000000,0.0005000000000000000,0.001,17.743243243243246,-8.139059863204317,2.2883069867556625,0.008465050775801506,2.516703039932104,6.10206382765628,7.854767460553131,-26.06176874586481,110.67487473455621,18.227626924526426,0.29254559151286696,17743243243.24324
0.0039,0.0057,0.0002000000000000000,0.0018000000000000002,3,0.029500000000000002,0.007,0.00003500000000000000,0.0005000000000000000,0.001,17.783783783783782,-8.152251769215363,2.2850955390356105,0.00846970618459361,2.547228920966187,6.13523765440339,7.878313902084114,-26.05240153261914,111.0719837278146,16.848640986094857,0.29301611229747004,17783783783.78378
0.0039,0.0057,0.0002000000000000000,0.0018000000000000002,3,0.029500000000000002,0.007,0.00003500000000000000,0.0005000000000000000,0.001,17.824324324324326,-8.170485555630254,2.2806749980589704,0.008476117630828794,2.577078741442875,6.153641712684561,7.891322064493328,-26.03227357123098,111.42066544035599,15.292615404779692,0.2941546158532408,17824324324.32433
0.0039,0.0057,0.0002000000000000000,0.0018000000000000002,3,0.029500000000000002,0.007,0.00003500000000000000,0.0005000000000000000,0.001,17.864864864864867,-8.194883501844535,2.2747930396296505,0.008484654548172061,2.607588655941067,6.155486737723551,7.892623999399015,-25.998693695867914,111.69560047743593,13.541907696943763,0.2961395865066019,17864864864.86486
0.0039,0.0057,0.0002000000000000000,0.0018000000000000002,3,0.029500000000000002,0.007,0.00003500000000000000,0.0005000000000000000,0.001,17.905405405405407,-8.226927777946855,2.2671245351698732,0.008495794327169817,2.6399858250268906,6.138248050446823,7.880444345623406,-25.948418619352637,111.86366038598523,11.577837836330348,0.2991948735163806,17905405405.40541
0.0039,0.0057,0.0002000000000000000,0.0018000000000000002,3,0.029500000000000002,0.007,0.00003500000000000000,0.0005000000000000000,0.001,17.945945945945947,-8.268626951026143,2.2572410463129247,0.00851016797709338,2.675327081479835,6.098474958213964,7.852212448405914,-25.877504042454973,111.88104429781609,9.38221490533454,0.3036067782669835,17945945945.94595
0.0039,0.0057,0.0002000000000000000,0.0018000000000000002,3,0.029500000000000002,0.007,0.00003500000000000000,0.0005000000000000000,0.001,17.986486486486488,-8.322747298703991,2.244572115861304,0.008528618571595217,2.714408794260008,6.0316566458360015,7.804366112000887,-25.781170400343246,111.68988320449736,6.940410639401468,0.3097449740658569,17986486486.48649
0.0039,0.0057,0.0002000000000000000,0.0018000000000000002,3,0.029500000000000002,0.007,0.00003500000000000000,0.0005000000000000000,0.001,18.027027027027028,-8.393132092616023,2.2283585723543564,0.008552272610968938,2.757633618399959,5.932236677246817,7.732184696610998,-25.653735718934357,111.21476746000715,4.2468791620875725,0.3180862470925259,18027027027.02703
0.0039,0.0057,0.0002000000000000000,0.0018000000000000002,3,0.029500000000000002,0.007,0.00003500000000000000,0.0005000000000000000,0.001,18.06756756756757,-8.48513489572644,2.207601586107789,0.008582619314344916,2.8382189209134205,5.83865434191525,7.663127650539342,-25.48871023323095,110.36038850882115,1.3141943635937992,0.32923737244097984,18067567567.56757
0.0039,0.0057,0.0002000000000000000,0.0018000000000000002,3,0.029500000000000002,0.007,0.00003500000000000000,0.0005000000000000000,0.001,18.10810810810811,-8.606189261143498,2.1810186347543494,0.008621581561374122,3.068783438632023,5.893663030687551,7.703853015009299,-25.279200165955963,109.01272503962583,-1.8135945332026344,0.34394820109614477,18108108108.10811
0.0039,0.0057,0.0002000000000000000,0.0018000000000000002,3,0.029500000000000002,0.007,0.00003500000000000000,0.0005000000000000000,0.001,18.14864864864865,-8.766517015620366,2.147031061354472,0.008671540562455707,3.3246522898234825,5.9216462416633515,7.724424591352598,-25.01880970238549,107.04781797953147,-5.043887795938639,0.36309709127380946,18148648648.64865
0.0039,0.0057,0.0002000000000000000,0.0018000000000000002,3,0.029500000000000002,0.007,0.00003500000000000000,0.0005000000000000000,0.001,18.18918918918919,-8.97992177699498,2.103828597511786,0.008735240872509147,3.6038956571103937,5.915415855442001,7.719852810645975,-24.703208302865256,104.35322961169878,-8.218763529544864,0.3876183108317759,18189189189.18919
0.0039,0.0057,0.0002000000000000000,0.0018000000000000002,3,0.029500000000000002,0.007,0.00003500000000000000,0.0005000000000000000,0.001,18.22972972972973,-9.264493636361472,2.0495792718389825,0.008815457529873694,3.9442588829617335,5.9279831537520895,7.729069607872461,-24.332362150113575,100.86538073464754,-11.108145256982644,0.41832991999240904,18229729729.72973
0.0039,0.0057,0.0002000000000000000,0.0018000000000000002,3,0.029500000000000002,0.007,0.00003500000000000000,0.0005000000000000000,0.001,18.270270270270274,-9.6428301338515,1.9828589972401358,0.008914282128481407,4.303720957041307,5.912389550079606,7.717630407244732,-23.913045700487444,96.61781446437593,-13.42754480198426,0.45562658345099527,18270270270.27027
0.0039,0.0057,0.0002000000000000000,0.0018000000000000002,3,0.029500000000000002,0.007,0.00003500000000000000,0.0005000000000000000,0.001,18.31081081081081,-10.141046283880213,1.9033229160592946,0.00903195538904338,4.5882111478149055,5.763336258666321,7.606739589919094,-23.46071060371004,91.78094783132754,-14.891878620546148,0.49905355748699987,18310810810.81081
0.0039,0.0057,0.0002000000000000000,0.0018000000000000002,3,0.029500000000000002,0.007,0.00003500000000000000,0.0005000000000000000,0.001,18.351351351351354,-10.785474342598238,1.8124880147001605,0.009165449607479252,4.775048774703242,5.4903328829469835,7.395986768443063,-22.999400254103776,86.6629404295165,-15.29801987939935,0.5468978305748948,18351351351.35135
0.0039,0.0057,0.0002000000000000000,0.0018000000000000002,3,0.029500000000000002,0.007,0.00003500000000000000,0.0005000000000000000,0.001,18.39189189189189,-11.595751727031544,1.714276808877665,0.00930749194822633,4.962222219852634,5.259218897265624,7.20921247234096,-22.558663560599584,81.65202068058183,-14.600870959817431,0.5960750923674376,18391891891.89189
0.0039,0.0057,0.0002000000000000000,0.0018000000000000002,3,0.029500000000000002,0.007,0.00003500000000000000,0.0005000000000000000,0.001,18.432432432432435,-12.573270508785777,1.6148760586776232,0.009447066441124632,5.0935341361659034,5.028241108139459,7.014160942772373,-22.167657109048985,77.1170638724199,-12.938002437972845,0.6425949664636754,18432432432.43243
0.0039,0.0057,0.0002000000000000000,0.0018000000000000002,3,0.029500000000000002,0.007,0.00003500000000000000,0.0005000000000000000,0.001,18.472972972972975,-13.685160568116805,1.5217220431104759,0.009571960406261227,5.137124110454704,4.781348015568586,6.795503554381929,-21.848370508760713,73.31599961113596,-10.586508395384202,0.6825933541691758,18472972972.97297
0.0039,0.0057,0.0002000000000000000,0.0018000000000000002,3,0.029500000000000002,0.007,0.00003500000000000000,0.0005000000000000000,0.001,18.513513513513516,-14.847793819680211,1.441917619562618,0.009672492976491875,5.087978272787039,4.522921959716968,6.554190943219341,-21.61082844005005,70.35515018182134,-7.880844973183695,0.7134749553449327,18513513513.51352
0.0039,0.0057,0.0002000000000000000,0.0018000000000000002,3,0.029500000000000002,0.007,0.00003500000000000000,0.0005000000000000000,0.001,18.554054054054056,-15.924804073348142,1.3805764694114468,0.009744424280167186,4.947257715546074,4.252967489123311,6.286920628578479,-21.452101060673975,68.20324203857533,-5.1388179210028495,0.7345708812373735,18554054054.05405
0.0039,0.0057,0.0002000000000000000,0.0018000000000000002,3,0.029500000000000002,0.007,0.00003500000000000000,0.0005000000000000000,0.001,18.594594594594597,-16.77001071395032,1.3393013939997398,0.009789622675020284,5.188290115932047,4.420312165240739,6.454529405830975,-21.358579760339936,66.73083120984508,-2.6241432690452666,0.7470954148312001,18594594594.59460
0.0039,0.0057,0.0002000000000000000,0.0018000000000000002,3,0.029500000000000002,0.007,0.00003500000000000000,0.0005000000000000000,0.001,18.635135135135137,-17.32458840890334,1.3150092529494235,0.009814842563605175,5.3975618809537,4.597869099233565,6.6255660279890165,-21.309170770747684,65.73978666682345,-0.5439749290447841,0.7537018569855873,18635135135.13514
0.0039,0.0057,0.0002000000000000000,0.0018000000000000002,3,0.029500000000000002,0.007,0.00003500000000000000,0.0005000000000000000,0.001,18.675675675675677,-17.697379089358986,1.2997916547114092,0.009830073117030049,5.584231276747947,4.771774913599584,6.78679949648942,-21.27700073805825,64.95607361204107,0.9421263534127167,0.7581291194162876,18675675675.67567
0.0039,0.0057,0.0002000000000000000,0.0018000000000000002,3,0.029500000000000002,0.007,0.00003500000000000000,0.0005000000000000000,0.001,18.716216216216218,-18.165643500996776,1.2818402840936918,0.009847441766988508,5.757039069173372,4.919466325817275,6.919179921324449,-21.228906639340014,63.96905025934974,1.7519998715859697,0.7652192995085169,18716216216.21622
0.0039,0.0057,0.0002000000000000000,0.0018000000000000002,3,0.029500000000000002,0.007,0.00003500000000000000,0.0005000000000000000,0.001,18.756756756756758,-19.179592595847485,1.2469530332998324,0.009879207285664904,5.948446118882761,5.038787595141852,7.0232605150876175,-21.127593417204324,62.153933939800105,2.067045109983055,0.7807618067276229,18756756756.75676
0.0039,0.0057,0.0002000000000000000,0.0018000000000000002,3,0.029500000000000002,0.007,0.00003500000000000000,0.0005000000000000000,0.001,18.7972972972973,-21.340171710289972,1.1874708218411196,0.009926551517229857,5.946342417301018,4.868369694291841,6.873835502676874,-20.959509076908162,58.90684570043658,2.800131836671766,0.8077011318386663,18797297297.29730
0.0039,0.0057,0.0002000000000000000,0.0018000000000000002,3,0.029500000000000002,0.007,0.00003500000000000000,0.0005000000000000000,0.001,18.83783783783784,-23.034979058599948,1.151717733508813,0.009950283322897447,5.503422862284502,4.263759027116532,6.297926518930842,-20.81614918705917,54.854387230692396,5.590260201814459,0.832817100948293,18837837837.83784
0.0039,0.0057,0.0002000000000000000,0.0018000000000000002,3,0.029500000000000002,0.007,0.00003500000000000000,0.0005000000000000000,0.001,18.878378378378383,-19.547450756516092,1.2355068036381762,0.009889017392463258,5.911356545213393,4.717671925622155,6.737277360735252,-20.87438940837869,52.32130778075752,10.585367081528638,0.826814184200692,18878378378.37838
0.0039,0.0057,0.0002000000000000000,0.0018000000000000002,3,0.029500000000000002,0.007,0.00003500000000000000,0.0005000000000000000,0.001,18.91891891891892,-16.311519775678143,1.361012556974992,0.009766198107385366,5.96060749519939,4.998411620705845,6.988320175447978,-21.130457383212992,52.26699624562487,15.656121912522336,0.789275699820563,18918918918.91892
0.0039,0.0057,0.0002000000000000000,0.0018000000000000002,3,0.029500000000000002,0.007,0.00003500000000000000,0.0005000000000000000,0.001,18.959459459459463,-14.523456710105815,1.4626202130944506,0.009647097829887168,5.714693576900375,5.000688128673552,6.99029770320597,-21.43163729963569,53.54761262670625,19.472579645466098,0.7454861637960443,18959459459.45946
0.0039,0.0057,0.0002000000000000000,0.0018000000000000002,3,0.029500000000000002,0.007,0.00003500000000000000,0.0005000000000000000,0.001,19,-13.499883999394228,1.5359847569667522,0.009553304476714422,5.429532179705726,4.9283035193594475,6.926974468681744,-21.695906093796463,55.10283107281993,22.119294453669283,0.7083628410393394,19000000000.00000
0.0039,0.0057,0.0002200000000000000,0.001574,3,0.029500000000000002,0.007,0.00003500000000000000,0.0005000000000000000,0.001,16,-9.318815575214215,2.0396341483732106,0.008830181615065392,-5.54352840456586,5.986292905077868,7.7715796274588875,-33.85541167166054,82.49685931039872,33.612249318172154,0.046611083321414046,16000000000.00000
0.0039,0.0057,0.0002200000000000000,0.001574,3,0.029500000000000002,0.007,0.00003500000000000000,0.0005000000000000000,0.001,16.04054054054054,-9.340436392133043,2.035711057600124,0.008835990939590874,-5.490160164701951,5.94184681758946,7.739214513833054,-33.76682205978421,82.74208788385285,33.28604939975483,0.04754036722925082,16040540540.54054
0.0039,0.0057,0.0002200000000000000,0.001574,3,0.029500000000000002,0.007,0.00003500000000000000,0.0005000000000000000,0.001,16.08108108108108,-9.362823766489855,2.031669769604112,0.008841975831664486,-5.435531251748149,5.889201030872554,7.700563794357321,-33.670601811236025,82.98350026292586,32.950582092972006,0.04857250429941787,16081081081.08108
0.0039,0.0057,0.0002200000000000000,0.001574,3,0.029500000000000002,0.007,0.00003500000000000000,0.0005000000000000000,0.001,16.121621621621625,-9.386033993257431,2.0275022262102804,0.00884814821231527,-5.379444502628368,5.828607392406296,7.655648027797386,-33.566568643019444,83.22052364664751,32.60561434094127,0.04971537812947558,16121621621.62162
0.0039,0.0057,0.0002200000000000000,0.001574,3,0.029500000000000002,0.007,0.00003500000000000000,0.0005000000000000000,0.001,16.162162162162165,-9.410125469199293,2.023200263462063,0.008854520152347107,-5.3217368175776,5.760392391609371,7.604520680944573,-33.45460719146284,83.4525344189317,32.25094343242594,0.050976997244297974,16162162162.16216
0.0039,0.0057,0.0002200000000000000,0.001574,3,0.029500000000000002,0.007,0.00003500000000000000,0.0005000000000000000,0.001,16.202702702702705,-9.435158716664334,2.018755631442534,0.008861103840827316,-5.251441173070996,5.699156186375591,7.558105590534235,-33.3346685039655,83.67885556052578,31.88640320836074,0.05236550831833397,16202702702.70270
0.0039,0.0057,0.0002200000000000000,0.001574,3,0.029500000000000002,0.007,0.00003500000000000000,0.0005000000000000000,0.001,16.243243243243246,-9.461196307678263,2.0141600332431353,0.008867911524835823,-5.1523563168242505,5.665818168234287,7.532626326977207,-33.20676912872458,83.89875422799277,31.51187173872982,0.05388919990036527,16243243243.24324
0.0039,0.0057,0.0002200000000000000,0.001574,3,0.029500000000000002,0.007,0.00003500000000000000,0.0005000000000000000,0.001,16.283783783783782,-9.488302653839044,2.009405188376364,0.008874955412572947,-5.049956715100194,5.626904113000523,7.502695144876387,-33.07099006143251,84.11143979579391,31.127280667074302,0.05555649183364284,16283783783.78378
0.0039,0.0057,0.0002200000000000000,0.001574,3,0.029500000000000002,0.007,0.00003500000000000000,0.0005000000000000000,0.001,16.324324324324326,-9.516543620003858,2.0044829268102617,0.008882247530622315,-4.944307964003719,5.582640426541793,7.468396561868568,-32.927475806548706,84.31606273928016,30.7326264088166,0.05737590481662813,16324324324.32432
0.0039,0.0057,0.0002200000000000000,0.001574,3,0.029500000000000002,0.007,0.00003500000000000000,0.0005000000000000000,0.001,16.364864864864867,-9.545985911119963,1.999385320735404,0.00888979952479818,-4.835529820812765,5.533276405078538,7.429823651720605,-32.776433800124806,84.51171483529482,30.327983360063655,0.05935600363391973,16364864864.86486
0.0039,0.0057,0.0002200000000000000,0.001574,3,0.029500000000000002,0.007,0.00003500000000000000,0.0005000000000000000,0.001,16.405405405405407,-9.57669617208914,1.9941048620786863,0.0088976223926934,-4.723798967078184,5.4790784161026345,7.387075160647453,-32.61813442046963,84.69743127398868,29.91351921604435,0.061505306523143705,16405405405.40541
0.0039,0.0057,0.0002200000000000000,0.001574,3,0.029500000000000002,0.007,0.00003500000000000000,0.0005000000000000000,0.001,16.445945945945947,-9.6087397308505,1.9886346945239235,0.008905726134985891,-4.609352248954969,5.420324519371113,7.340252888913489,-32.4529117802102,84.87219540685015,29.489512402250206,0.06383215199783696,16445945945.94595
0.0039,0.0057,0.0002200000000000000,0.001574,3,0.029500000000000002,0.007,0.00003500000000000000,0.0005000000000000000,0.001,16.486486486486488,-9.642178906140641,1.9829689091602474,0.00891411931209584,-4.492490384274054,5.35729977601974,7.289459486742577,-32.281165444460164,85.03494699599776,29.0563714713292,0.06634451336473507,16486486486.48649
0.0039,0.0057,0.0002200000000000000,0.001574,3,0.029500000000000002,0.007,0.00003500000000000000,0.0005000000000000000,0.001,16.527027027027028,-9.677070795416,1.9771029125604525,0.008922808493363774,-4.3735820585764795,5.29029245655203,7.234796812518113,-32.103363151104034,85.18459496433101,28.61465610049056,0.06904975037682214,16527027027.02703
0.0039,0.0057,0.0002200000000000000,0.001574,3,0.029500000000000002,0.007,0.00003500000000000000,0.0005000000000000000,0.001,16.56756756756757,-9.713464458191265,1.971033874635101,0.008931797588221019,-4.253068247723153,5.219591308153098,7.176364992546517,-31.920044514674007,85.32003575372917,28.165099019931244,0.07195428731216806,16567567567.56757
0.0039,0.0057,0.0002200000000000000,0.001574,3,0.029500000000000002,0.007,0.00003500000000000000,0.0005000000000000000,0.001,16.60810810810811,-9.751397419340469,1.9647612604980706,0.008941087053622676,-4.131466499900057,5.145483981096355,7.114262304947579,-31.731825571372752,85.44017844492568,27.708627802620956,0.07506320773404684,16608108108.10811
0.0039,0.0057,0.0002200000000000000,0.001574,3,0.029500000000000002,0.007,0.00003500000000000000,0.0005000000000000000,0.001,16.64864864864865,-9.790891441103465,1.958287445137328,0.008950672980311911,-4.009374780762498,5.068256647847496,7.04858598697951,-31.53940386637145,85.54397773156447,27.24638494487352,0.07837975889871578,16648648648.64865
0.0039,0.0057,0.0002200000000000000,0.001574,3,0.029500000000000002,0.007,0.00003500000000000000,0.0005000000000000000,0.001,16.68918918918919,-9.831947557766153,1.951618401255495,0.008960546073239522,-3.8874743336972486,4.98819478040247,6.979434035880542,-31.343563597321168,85.63047561222173,26.77974408133754,0.08190476395449905,16689189189.18919
0.0039,0.0057,0.0002200000000000000,0.001574,3,0.029500000000000002,0.007,0.00003500000000000000,0.0005000000000000000,0.001,16.729729729729733,-9.874540439999805,1.9447644386421126,0.008970690559512889,-3.766530839821858,4.905584984443263,6.906908038397627,-31.145180117072453,85.69885219991382,26.310319547875718,0.0856359484728799,16729729729.72973
0.0039,0.0057,0.0002200000000000000,0.001574,3,0.029500000000000002,0.007,0.00003500000000000000,0.0005000000000000000,0.001,16.770270270270274,-9.918612262248804,1.9377409576483817,0.008981083080850018,-3.6473929950710953,4.820717726202752,6.831117024140284,-30.945222880072997,85.74848528108822,25.839965913399496,0.08956720006698189,16770270270.27027
0.0039,0.0057,0.0002200000000000000,0.001574,3,0.029500000000000002,0.007,0.00003500000000000000,0.0005000000000000000,0.001,16.81081081081081,-9.964066388946149,1.9305691601568904,0.00899169165598251,-3.5309874821136775,4.733890729992281,6.752182291086788,-30.744755717107545,85.77901713976773,25.37076367160413,0.09368779607821556,16810810810.81081
0.0039,0.0057,0.0002200000000000000,0.001574,3,0.029500000000000002,0.007,0.00003500000000000000,0.0005000000000000000,0.001,16.85135135135135,-10.010761369225529,1.9232766404080879,0.009002474829383635,-3.4183092399322685,4.645412774363801,6.670243098611547,-30.544933180819925,85.79042569773908,24.904987193451777,0.0979816539466931,16851351351.35135
0.0039,0.0057,0.0002200000000000000,0.001574,3,0.029500000000000002,0.007,0.00003500000000000000,0.0005000000000000000,0.001,16.89189189189189,-10.058505920290525,1.915897758088743,0.009013381151624896,-3.31040596960335,4.5556075755342516,6.5854630646934655,-30.34699166830261,85.7830952927377,24.44505149652948,0.1024266801412312,16891891891.89189
0.0039,0.0057,0.0002200000000000000,0.001574,3,0.029500000000000002,0.007,0.00003500000000000000,0.0005000000000000000,0.001,16.93243243243243,-10.107055756866218,1.9084736818432622,0.00902434915659587,-3.2083560092040324,4.4648174232485776,6.498037042778994,-30.15223415162502,85.75788062304935,23.99343559168531,0.10699431306866021,16932432432.43243
0.0039,0.0057,0.0002200000000000000,0.001574,3,0.029500000000000002,0.007,0.00003500000000000000,0.0005000000000000000,0.001,16.972972972972975,-10.156113242220567,1.9010519888969908,0.00903530800276102,-3.0843906402527246,4.40255373903326,6.437046658143668,-29.962007681147476,85.7161558594376,23.552582256099097,0.11164936828379493,16972972972.97297
0.0039,0.0057,0.0002200000000000000,0.001574,3,0.029500000000000002,0.007,0.00003500000000000000,0.0005000000000000000,0.001,17.013513513513516,-10.205330836435127,1.8936857223288472,0.00904617892001708,-2.9676455223164,4.339782466153345,6.3746796082196635,-29.777673398572247,85.65984010992219,23.124777034558306,0.11635029451552657,17013513513.51351
0.0039,0.0057,0.0002200000000000000,0.001574,3,0.029500000000000002,0.007,0.00003500000000000000,0.0005000000000000000,0.001,17.054054054054056,-10.25431913932918,1.8864318470015986,0.009056877543084286,-2.861486531025924,4.274514574930903,6.308868022457299,-29.600569596074937,85.59139080191501,22.712012836398745,0.12104993056162638,17054054054.05405
0.0039,0.0057,0.0002200000000000000,0.001574,3,0.029500000000000002,0.007,0.00003500000000000000,0.0005000000000000000,0.001,17.094594594594597,-10.302659926603399,1.8793491097281794,0.009067317115144486,-2.7670007675593125,4.207030492703668,6.239756598099483,-29.431969318043144,85.51375850973267,22.31585013737539,0.1256968121310365,17094594594.59460
0.0039,0.0057,0.0002200000000000000,0.001574,3,0.029500000000000002,0.007,0.00003500000000000000,0.0005000000000000000,0.001,17.135135135135137,-10.349923959504004,1.872495394152871,0.009077412419427219,-2.6563442431689364,4.165154759423868,6.196311425771768,-29.27303499443233,85.43030042535608,21.93728573977892,0.13023701481055622,17135135135.13514
0.0039,0.0057,0.0002200000000000000,0.001574,3,0.029500000000000002,0.007,0.00003500000000000000,0.0005000000000000000,0.001,17.175675675675677,-10.395692577856956,1.8659247535472023,0.009087084160780164,-2.4744147338430853,4.202042307999778,6.2346042075873545,-29.12477343817622,85.34465474966453,21.576644420574553,0.13461644143269533,17175675675.67568
0.0039,0.0057,0.0002200000000000000,0.001574,3,0.029500000000000002,0.007,0.00003500000000000000,0.0005000000000000000,0.001,17.216216216216218,-10.439581302971781,1.859684386057707,0.009096263402539318,-2.301014805958517,4.241906100474804,6.27561050673471,-28.98799503444772,85.26058399453626,21.233506896998392,0.1387833826913761,17216216216.21622
0.0039,0.0057,0.0002200000000000000,0.001574,3,0.029500000000000002,0.007,0.00003500000000000000,0.0005000000000000000,0.001,17.256756756756758,-10.4812630703145,1.8538118651279958,0.009104895597928722,-2.127480607162789,4.293930417171602,6.328550024469325,-28.863280928788097,85.1818003875801,20.90668409144153,0.14269111672626666,17256756756.75676
0.0039,0.0057,0.0002200000000000000,0.001574,3,0.029500000000000002,0.007,0.00003500000000000000,0.0005000000000000000,0.001,17.2972972972973,-10.520488470734069,1.8483329350954918,0.00911294376481781,-1.9636348349266357,4.349019423226523,6.3839134727933065,-28.750961404835756,85.11179002131735,20.594242048310555,0.14630028401476242,17297297297.29730
0.0039,0.0057,0.0002200000000000000,0.001574,3,0.029500000000000002,0.007,0.00003500000000000000,0.0005000000000000000,0.001,17.33783783783784,-10.557100622680304,1.8432601216287254,0.009120390446266469,-1.8102491030007983,4.40655574608341,6.440992686288574,-28.651107479437258,85.05365313882737,20.293575050557642,0.1495807894775298,17337837837.83784
0.0039,0.0057,0.0002200000000000000,0.001574,3,0.029500000000000002,0.007,0.00003500000000000000,0.0005000000000000000,0.001,17.378378378378383,-10.59104302063357,1.838592297147827,0.009127238263062038,-1.6679209448756662,4.4658169196115916,6.499009147873183,-28.563536215054405,85.00997567476497,20.00151791087538,0.15251304452731454,17378378378.37838
0.0039,0.0057,0.0002200000000000000,0.001574,3,0.029500000000000002,0.007,0.00003500000000000000,0.0005000000000000000,0.001,17.41891891891892,-10.622359761439755,1.834315205192332,0.009133509064487556,-1.537056256557681,4.52600367109327,6.557149018800671,-28.48782863412811,84.98274232235012,19.714483475835664,0.15508845604693686,17418918918.91892
0.0039,0.0057,0.0002200000000000000,0.001574,3,0.029500000000000002,0.007,0.00003500000000000000,0.0005000000000000000,0.001,17.459459459459463,-10.65118869517079,1.8304028150203424,0.009139241875737612,-1.4178607910198697,4.586272591776708,6.614598640847555,-28.42335771833524,84.97329506915044,19.42860905458627,0.15730917622600213,17459459459.45946
0.0039,0.0057,0.0002200000000000000,0.001574,3,0.029500000000000002,0.007,0.00003500000000000000,0.0005000000000000000,0.001,17.5,-10.677749016117073,1.8268192768552156,0.0091444899841583,-1.3103396044573925,4.645771350594082,6.670578314610145,-28.36932303334535,84.98233473449076,19.139896040034344,0.1591872235483932,17500000000.00000
0.0039,0.0057,0.0002200000000000000,0.001574,3,0.029500000000000002,0.007,0.00003500000000000000,0.0005000000000000000,0.001,17.540540540540544,-10.702325405197403,1.8235211971102119,0.009149317576848712,-1.214302713106622,4.703674362479757,6.724372477038381,-28.32478816604977,85.00995782313696,18.844329982085636,0.16074315231954395,17540540540.54054
0.0039,0.0057,0.0002200000000000000,0.001574,3,0.029500000000000002,0.007,0.00003500000000000000,0.0005000000000000000,0.001,17.581081081081084,-10.725250981646298,1.8204599550708986,0.009153796335273854,-1.1293750269436962,4.759216719876054,6.775354816643354,-28.28871738868483,85.05571779798208,18.53797284849936,0.16200447669709658,17581081081.08108
0.0039,0.0057,0.0002200000000000000,0.001574,3,0.029500000000000002,0.007,0.00003500000000000000,0.0005000000000000000,0.001,17.62162162162162,-10.746891069720558,1.8175838280231027,0.009158002323565732,-1.0550088367777883,4.811724245359665,6.823007304404149,-28.26000864737364,85.11869888409069,18.21702405076263,0.16300404656926717,17621621621.62162
0.0039,0.0057,0.0002200000000000000,0.001574,3,0.029500000000000002,0.007,0.00003500000000000000,0.0005000000000000000,0.001,17.662162162162165,-10.767629273306387,1.814839762680227,0.00916201340258497,-0.9904976174443907,4.860637717356578,6.866932525873439,-28.2375209158665,85.19759142680574,17.87785105603443,0.1637785363727348,17662162162.16216
0.0039,0.0057,0.0002200000000000000,0.001574,3,0.029500000000000002,0.007,0.00003500000000000000,0.0005000000000000000,0.001,17.7027027027027,-10.787856744643259,1.8121747074441172,0.009165907289859068,-0.9349905102156162,4.905529639663133,6.906859041044045,-28.220094949409233,85.29075998559568,17.516993443318245,0.16436715756437875,17702702702.70270
0.0039,0.0057,0.0002200000000000000,0.001574,3,0.029500000000000002,0.007,0.00003500000000000000,0.0005000000000000000,0.001,17.743243243243246,-10.807964977645126,1.809536486676856,0.009169760288886908,-0.8875074089560164,4.946112337890813,6.942639759905115,-28.206567341685233,85.39629800381704,17.131145892795235,0.16481065413863763,17743243243.24324
0.0039,0.0057,0.0002200000000000000,0.001574,3,0.029500000000000002,0.007,0.00003500000000000000,0.0005000000000000000,0.001,17.783783783783782,-10.828342044130729,1.8068742453793945,0.009173646643257217,-0.8469549809598936,4.982236636275705,6.974243509379709,-28.19577841365145,85.51206540142857,16.717125964135032,0.16515059814548022,17783783783.78378
0.0039,0.0057,0.0002200000000000000,0.001574,3,0.029500000000000002,0.007,0.00003500000000000000,0.0005000000000000000,0.001,17.824324324324326,-10.849371957970444,1.8041385176949,0.009177638435283077,-0.8121441411507586,5.013880857765506,7.00174009831658,-28.186574798334505,85.63570734685764,16.271831981118346,0.16542897393110997,17824324324.32433
0.0039,0.0057,0.0002200000000000000,0.001574,3,0.029500000000000002,0.007,0.00003500000000000000,0.0005000000000000000,0.001,17.864864864864867,-10.871436787544173,1.801280977763429,0.009181805941879156,-0.7818094559403013,5.041130363411244,7.025279284197205,-28.17780764331415,85.76465356161914,15.792195335223147,0.165688026830864,17864864864.86486
0.0039,0.0057,0.0002200000000000000,0.001574,3,0.029500000000000002,0.007,0.00003500000000000000,0.0005000000000000000,0.001,17.905405405405407,-10.894921204691016,1.7982539217373263,0.009186218374678796,-0.7326929244988818,5.089793838742909,7.06700191666895,-28.16832718868614,85.89609777751141,15.275130470892734,0.1659703523101956,17905405405.40541
0.0039,0.0057,0.0002200000000000000,0.001574,3,0.029500000000000002,0.007,0.00003500000000000000,0.0005000000000000000,0.001,17.945945945945947,-10.92021931407103,1.7950095111117705,0.009190944958267996,-0.6650254804145227,5.158875352652103,7.125550346945233,-28.156974174799686,86.02695651876431,14.717485064446066,0.16631921145222917,17945945945.94595
0.0039,0.0057,0.0002200000000000000,0.001574,3,0.029500000000000002,0.007,0.00003500000000000000,0.0005000000000000000,0.001,17.986486486486488,-10.947743811667003,1.7914987851187214,0.009196056332271517,-0.5990785006311694,5.223367601786897,7.179505909929864,-28.142568180934504,86.15380540739595,14.1159927131393,0.16677907428816585,17986486486.48649
0.0039,0.0057,0.0002200000000000000,0.001574,3,0.029500000000000002,0.007,0.00003500000000000000,0.0005000000000000000,0.001,18.027027027027028,-10.977937747975924,1.7876704276494808,0.00920162629411385,-0.5335177315506037,5.283261247723705,7.229020862954215,-28.123892681764854,86.27278990357675,13.467231000375827,0.16739641027555757,18027027027.02703
0.0039,0.0057,0.0002200000000000000,0.001574,3,0.029500000000000002,0.007,0.00003500000000000000,0.0005000000000000000,0.001,18.06756756756757,-11.011289406868617,1.7834692544899198,0.009207733925785354,-0.4669922937213971,5.338523677699398,7.274211732693967,-28.099676415671713,86.37950601795256,12.767589257269181,0.16822076256702642,18067567567.56757
0.0039,0.0057,0.0002200000000000000,0.001574,3,0.029500000000000002,0.007,0.00003500000000000000,0.0005000000000000000,0.001,18.10810810810811,-11.04835105257864,1.7788343711651657,0.009214466167238705,-0.3981425968316641,5.389059604403599,7.3151298703273495,-28.068570669369933,86.4688453232557,12.013252874521424,0.16930615750808684,18108108108.10811
0.0039,0.0057,0.0002200000000000000,0.001574,3,0.029500000000000002,0.007,0.00003500000000000000,0.0005000000000000000,0.001,18.14864864864865,-11.089762549020318,1.773696941812451,0.009221920908564317,-0.3256072757047611,5.4346665696685506,7.35172904191386,-28.029122385716864,86.53479788549669,11.20021485337532,0.17071291109199452,18148648648.64865
0.0039,0.0057,0.0002200000000000000,0.001574,3,0.029500000000000002,0.007,0.00003500000000000000,0.0005000000000000000,0.001,18.18918918918919,-11.136281122524704,1.767977507485253,0.00923021066880373,-0.24802982753439798,5.4749858496114765,7.383830010567049,-27.979743704055306,86.57020705298751,10.324330690162093,0.17250989712770312,18189189189.18919
0.0039,0.0057,0.0002200000000000000,0.001574,3,0.029500000000000002,0.007,0.00003500000000000000,0.0005000000000000000,0.001,18.22972972972973,-11.18881881972165,1.7615828024003675,0.00923946690382062,-0.16406647242774877,5.509449985001739,7.411082448769076,-27.918679779783048,86.56647223408262,9.381439935412532,0.17477733295916512,18229729729.72973
0.0039,0.0057,0.0002200000000000000,0.001574,3,0.029500000000000002,0.007,0.00003500000000000000,0.0005000000000000000,0.001,18.270270270270274,-11.248489489776714,1.7544020465588475,0.009249844926225416,-0.07239785936251976,5.537229598622383,7.4329253170182685,-27.843978657907847,86.5132012288225,8.367586965317328,0.17761010963854315,18270270270.27027
0.0039,0.0057,0.0002200000000000000,0.001574,3,0.029500000000000002,0.007,0.00003500000000000000,0.0005000000000000000,0.001,18.31081081081081,-11.316667348832436,1.746302755697591,0.009261529306033751,0.028251426001081655,5.55718457653592,7.448548216980652,-27.753469738054605,86.39782444162371,7.279384269852288,0.1811216312315191,18310810810.81081
0.0039,0.0057,0.0002200000000000000,0.001574,3,0.029500000000000002,0.007,0.00003500000000000000,0.0005000000000000000,0.001,18.351351351351354,-11.395059268883534,1.737126224488239,0.009274739419726934,0.1390801031147362,5.567828224045873,7.456858281650467,-27.64476101201415,86.20520233471582,6.114572389320576,0.18544801203731762,18351351351.35135
0.0039,0.0057,0.0002200000000000000,0.001574,3,0.029500000000000002,0.007,0.00003500000000000000,0.0005000000000000000,0.001,18.39189189189189,-11.48579269871017,1.726683034418163,0.009289734483485333,0.2611572623951056,5.567317427303054,7.456459838354112,-27.51526956304579,85.91728840734545,4.87283782736562,0.19075228209306688,18391891891.89189
0.0039,0.0057,0.0002200000000000000,0.001574,3,0.029500000000000002,0.007,0.00003500000000000000,0.0005000000000000000,0.001,18.432432432432435,-11.591520270671253,1.7147492499274444,0.009306816888852402,0.4754252468784403,5.656842658324523,7.5257409926865035,-27.362304053056178,85.51295618268671,3.5569464220562264,0.19722793399636354,18432432432.43243
0.0039,0.0057,0.0002200000000000000,0.001574,3,0.029500000000000002,0.007,0.00003500000000000000,0.0005000000000000000,0.001,18.472972972972975,-11.715540192599365,1.7010644329140097,0.009326331903234826,0.7707079296861629,5.822422427901358,7.651037111425175,-27.183220512138053,84.96816077531541,2.174221904135107,0.20510067129901519,18472972972.97297
0.0039,0.0057,0.0002200000000000000,0.001574,3,0.029500000000000002,0.007,0.00003500000000000000,0.0005000000000000000,0.001,18.513513513513516,-11.861927741726978,1.6853332488702621,0.009348660785872405,1.0654026518390167,5.954657277271941,7.748567705420735,-26.975671035724854,84.25667637227616,0.7383286375868638,0.21462657473620858,18513513513.51352
0.0039,0.0057,0.0002200000000000000,0.001574,3,0.029500000000000002,0.007,0.00003500000000000000,0.0005000000000000000,0.001,18.554054054054056,-12.035666563397351,1.6672332256048559,0.009374203191929283,1.3561377088360476,6.044267507310095,7.8134367710605535,-26.737955433218428,83.35170705430141,-0.7288185135453441,0.226084138178534,18554054054.05405
0.0039,0.0057,0.0002200000000000000,0.001574,3,0.029500000000000002,0.007,0.00003500000000000000,0.0005000000000000000,0.001,18.594594594594597,-12.242757825479414,1.6464320020686145,0.009403343718106362,1.6387621246883202,6.082820830014318,7.841050244717872,-26.469465009450385,82.22866089144317,-2.195409727833095,0.2397569404925872,18594594594.59460
0.0039,0.0057,0.0002200000000000000,0.001574,3,0.029500000000000002,0.007,0.00003500000000000000,0.0005000000000000000,0.001,18.635135135135137,-12.490269526487712,1.622617791745791,0.009436397322874,1.9082782216846983,6.063892172877447,7.8275147014037705,-26.171174292493085,80.86922899919557,-3.619029562472152,0.25590357438642375,18635135135.13514
0.0039,0.0057,0.0002200000000000000,0.001574,3,0.029500000000000002,0.007,0.00003500000000000000,0.0005000000000000000,0.001,18.675675675675677,-12.786267356279819,1.5955460894908096,0.009473530441643936,2.1588595510064406,5.9842160540942695,7.770072649043787,-25.846094548135667,79.26653787063782,-4.94779629108789,0.2747126701609413,18675675675.67567
0.0039,0.0057,0.0002200000000000000,0.001574,3,0.029500000000000002,0.007,0.00003500000000000000,0.0005000000000000000,0.001,18.716216216216218,-13.139545178495366,1.5651028945390533,0.009514660674599915,2.3840114696700905,5.844546089415152,7.667507877789435,-25.499563363419455,77.43051766715156,-6.124305652726126,0.296244543039489,18716216216.21622
0.0039,0.0057,0.0002200000000000000,0.001574,3,0.029500000000000002,0.007,0.00003500000000000000,0.0005000000000000000,0.001,18.756756756756758,-13.559055844108656,1.531378990007191,0.00955934934948611,2.5885697583689997,5.665102196483453,7.53207748792267,-25.139224396273736,75.39188365452769,-7.092929266953855,0.3203680715749393,18756756756.75676
0.0039,0.0057,0.0002200000000000000,0.001574,3,0.029500000000000002,0.007,0.00003500000000000000,0.0005000000000000000,0.001,18.7972972972973,-14.052950077899908,1.4947410825542549,0.009606717164676022,2.8350140082153286,5.540298290915406,7.435331478712284,-24.774567424028255,73.20261908759156,-7.810049723872965,0.34671150481690505,18797297297.29730
0.0039,0.0057,0.0002200000000000000,0.001574,3,0.029500000000000002,0.007,0.00003500000000000000,0.0005000000000000000,0.001,18.83783783783784,-14.62719754266249,1.4558757794338368,0.009655427792081861,3.063980679009726,5.4046221262123755,7.327653348781068,-24.415957466426615,70.93103322148586,-8.255511573867581,0.37465603531905184,18837837837.83784
0.0039,0.0057,0.0002200000000000000,0.001574,3,0.029500000000000002,0.007,0.00003500000000000000,0.0005000000000000000,0.001,18.878378378378383,-15.283953121221511,1.4157755253493236,0.009703786609014227,3.2512153405665796,5.240581191061047,7.193794537917312,-24.073166821183477,68.6505056683292,-8.442599198233482,0.4034057463469383,18878378378.37838
0.0039,0.0057,0.0002200000000000000,0.001574,3,0.029500000000000002,0.007,0.00003500000000000000,0.0005000000000000000,0.001,18.91891891891892,-16.020257842328988,1.3756357929796277,0.00974998030803768,3.4251473552100364,5.091749898049071,7.0686706337031335,-23.753485892911797,66.42228994437589,-8.423956278686731,0.43216309005631803,18918918918.91892
0.0039,0.0057,0.0002200000000000000,0.001574,3,0.029500000000000002,0.007,0.00003500000000000000,0.0005000000000000000,0.001,18.959459459459463,-16.828523854440363,1.3366399058831278,0.009792438110978758,3.7421831662585845,5.141064966785831,7.11053092009092,-23.459439399317898,64.27269275451098,-8.291974441445909,0.46043170862577054,18959459459.45946
0.0039,0.0057,0.0002200000000000000,0.001574,3,0.029500000000000002,0.007,0.00003500000000000000,0.0005000000000000000,0.001,19,-17.701777852575656,1.2996171322247234,0.009830245140793548,3.9728757845411184,5.11019239041238,7.084372509217206,-23.185853243235034,62.161528937539366,-8.172275926367435,0.4884839823404821,19000000000.00000
0.0039,0.0057,0.0002200000000000000,0.0018000000000000002,3,0.029500000000000002,0.007,0.00003500000000000000,0.0005000000000000000,0.001,16,-6.769995591372526,2.6946032022626953,0.007896219424636476,-2.7335489206780377,5.730019782891158,7.581561213715147,-31.340918051878468,108.20734777932493,48.76285755386147,0.09300129299025045,16000000000.00000
0.0039,0.0057,0.0002200000000000000,0.0018000000000000002,3,0.029500000000000002,0.007,0.00003500000000000000,0.0005000000000000000,0.001,16.04054054054054,-6.79514662182021,2.6855738624360828,0.007908367709523285,-2.5964229225466395,5.715508204369703,7.570548524987069,-31.18610290572882,108.6356864970179,48.04502332708495,0.09622830925520692,16040540540.54054
0.0039,0.0057,0.0002200000000000000,0.0018000000000000002,3,0.029500000000000002,0.007,0.00003500000000000000,0.0005000000000000000,0.001,16.08108108108108,-6.821872501087273,2.676055776876665,0.007921199800204575,-2.452949842676164,5.699026948078976,7.558007105576746,-31.02304726980115,109.04102458381816,47.30109969083532,0.09974802493433489,16081081081.08108
0.0039,0.0057,0.0002200000000000000,0.0018000000000000002,3,0.029500000000000002,0.007,0.00003500000000000000,0.0005000000000000000,0.001,16.121621621621625,-6.850268352468448,2.666028449662848,0.007934747460993935,-2.3066282165137637,5.676323510227751,7.540671391996295,-30.851968518195186,109.42015907508738,46.53182524009481,0.10357860059251134,16121621621.62162
0.0039,0.0057,0.0002200000000000000,0.0018000000000000002,3,0.029500000000000002,0.007,0.00003500000000000000,0.0005000000000000000,0.001,16.162162162162165,-6.880424555232198,2.6554747467049307,0.00794903832776792,-2.159822174446668,5.644859080835201,7.516531045994156,-30.673207310235124,109.76970895803379,45.73840921823336,0.10773695032633851,16162162162.16216
0.0039,0.0057,0.0002200000000000000,0.0018000000000000002,3,0.029500000000000002,0.007,0.00003500000000000000,0.0005000000000000000,0.001,16.202702702702705,-6.912422417311394,2.644382399393018,0.007964093831279533,-2.013055596317943,5.604728151648019,7.4855455268436515,-30.487237441642378,110.08616939985922,44.922619793677875,0.11223799183549636,16202702702.70270
0.0039,0.0057,0.0002200000000000000,0.0018000000000000002,3,0.029500000000000002,0.007,0.00003500000000000000,0.0005000000000000000,0.001,16.243243243243246,-6.9463285432291215,2.6327458471100535,0.007979926619918748,-1.866960057230168,5.556105450555127,7.44770479714896,-30.294675876598728,110.36599257523983,44.086875024231226,0.11709369601924166,16243243243.24324
0.0039,0.0057,0.0002200000000000000,0.0018000000000000002,3,0.029500000000000002,0.007,0.00003500000000000000,0.0005000000000000000,0.001,16.283783783783782,-6.982187720695046,2.620568429557372,0.007996537453711738,-1.7222841757745122,5.499241773563267,7.403028138110273,-30.09629255680023,110.60570050686401,43.23433029521525,0.12231191578053767,16283783783.78378
0.0039,0.0057,0.0002200000000000000,0.0018000000000000002,3,0.029500000000000002,0.007,0.00003500000000000000,0.0005000000000000000,0.001,16.324324324324326,-7.020014221155519,2.607864906397183,0.008013911586183342,-1.5799011136400096,5.434459565326924,7.351563617679763,-29.893019263809112,110.80203452659464,42.36895315451363,0.12789498840107924,16324324324.32432
0.0039,0.0057,0.0002200000000000000,0.0018000000000000002,3,0.029500000000000002,0.007,0.00003500000000000000,0.0005000000000000000,0.001,16.364864864864867,-7.059781547662225,2.5946642302993252,0.00803201472212027,-1.4408129582569211,5.36214856383578,7.29338842388427,-29.685956423809955,110.95214396023803,41.4955732795298,0.13383813055346125,16364864864.86486
0.0039,0.0057,0.0002200000000000000,0.0018000000000000002,3,0.029500000000000002,0.007,0.00003500000000000000,0.0005000000000000000,0.001,16.405405405405407,-7.101410889513816,2.581012427530709,0.00805078874204162,-1.3061504026579338,5.282761718479044,7.228610220661725,-29.476376317110923,111.05381302828468,40.61989222527101,0.14012768191124528,16405405405.40541
0.0039,0.0057,0.0002200000000000000,0.0018000000000000002,3,0.029500000000000002,0.007,0.00003500000000000000,0.0005000000000000000,0.001,16.445945945945947,-7.1447588735198755,2.566975348516087,0.008070147518627186,-1.1771658620407597,5.1968114664066825,7.157369614669912,-29.265720741706996,111.10571944224279,39.74843534334501,0.14673930315186712,16445945945.94595
0.0039,0.0057,0.0002200000000000000,0.0018000000000000002,3,0.029500000000000002,0.007,0.00003500000000000000,0.0005000000000000000,0.001,16.486486486486488,-7.189605636587383,2.5526409460461457,0.008089973308319273,-1.0552180115045426,5.104866323232494,7.07984374073742,-29.055590865004465,111.10771076193059,38.888427857027516,0.15363629476635207,16486486486.48649
0.0039,0.0057,0.0002200000000000000,0.0018000000000000002,3,0.029500000000000002,0.007,0.00003500000000000000,0.0005000000000000000,0.001,16.527027027027028,-7.235644751934041,2.538120636673882,0.008110114361343155,-0.9417457949020593,5.007547624839051,6.996250883912646,-28.847726896073425,111.06107580055684,38.04757975943131,0.16076826766753075,16527027027.02703
0.0039,0.0057,0.0002200000000000000,0.0018000000000000002,3,0.029500000000000002,0.007,0.00003500000000000000,0.0005000000000000000,0.001,16.56756756756757,-7.2824770409500506,2.5235492278240756,0.00813038451722632,-0.8382303539701161,4.905526161808986,6.906855962042365,-28.64397546061152,110.96877951667564,37.23377112588667,0.1680704521380531,16567567567.56757
0.0039,0.0057,0.0002200000000000000,0.0018000000000000002,3,0.029500000000000002,0.007,0.00003500000000000000,0.0005000000000000000,0.001,16.60810810810811,-7.329610653779838,2.5090828854984735,0.008150565586140296,-0.7461441591611253,4.799518389920609,6.8119766006439555,-28.446243295205708,110.83562304141297,36.454641210177584,0.17546395895290606,16608108108.10811
0.0039,0.0057,0.0002200000000000000,0.0018000000000000002,3,0.029500000000000002,0.007,0.00003500000000000000,0.0005000000000000000,0.001,16.64864864864865,-7.376469809974402,2.494894714964924,0.008170413196983735,-0.6668879347987732,4.690281889691364,6.711989449450463,-28.256437180451602,110.66828849599229,35.717100803664955,0.1828572826192015,16648648648.64865
0.0039,0.0057,0.0002200000000000000,0.0018000000000000002,3,0.029500000000000002,0.007,0.00003500000000000000,0.0005000000000000000,0.001,16.68918918918919,-7.422414049413782,2.481167759537677,0.00818966647080947,-0.6017177042351782,4.578609791285807,6.607336326710809,-28.076391878831437,110.47523374695686,35.02680561746142,0.19014924129985325,16689189189.18919
0.0039,0.0057,0.0002200000000000000,0.0018000000000000002,3,0.029500000000000002,0.007,0.00003500000000000000,0.0005000000000000000,0.001,16.729729729729733,-7.466768614477807,2.4680855925724283,0.008208061342715437,-0.551666235635218,4.465323977714691,6.498529742277858,-27.90779004323791,110.26641681603542,34.3876450197102,0.19723337313989098,16729729729.72973
0.0039,0.0057,0.0002200000000000000,0.0018000000000000002,3,0.029500000000000002,0.007,0.00003500000000000000,0.0005000000000000000,0.001,16.770270270270274,-7.5088647037277925,2.4558211417675615,0.00822534666472476,-0.5174649949275296,4.351267021151909,6.3861573515540515,-27.75208023903978,110.05285264462151,33.8013103781912,0.20400356898490637,16770270270.27027
0.0039,0.0057,0.0002200000000000000,0.0018000000000000002,3,0.029500000000000002,0.007,0.00003500000000000000,0.0005000000000000000,0.001,16.81081081081081,-7.548086104503247,2.444524848061843,0.00824130151468427,-0.499473957786244,4.2372929779135315,6.270884933359556,-27.61040085668611,109.84603270463401,33.2670059748431,0.21036045954534174,16810810810.81081
0.0039,0.0057,0.0002200000000000000,0.0018000000000000002,3,0.029500000000000002,0.007,0.00003500000000000000,0.0005000000000000000,0.001,16.85135135135135,-7.583916689075346,2.4343135935717983,0.00825575160875683,-0.49762685744557267,4.124257344638205,6.153457564828059,-27.483518243890693,109.65726436033133,32.78135071197542,0.21621785658290799,16851351351.35135
0.0039,0.0057,0.0002200000000000000,0.0018000000000000002,3,0.029500000000000002,0.007,0.00003500000000000000,0.0005000000000000000,0.001,16.89189189189189,-7.615982130241394,2.4252619086819243,0.008268582562923538,-0.5113983782653708,4.013006635220509,6.034698778094109,-27.371786483881728,109.49700480247847,32.33849214755219,0.22150844297552383,16891891891.89189
0.0039,0.0057,0.0002200000000000000,0.0018000000000000002,3,0.029500000000000002,0.007,0.00003500000000000000,0.0005000000000000000,0.001,16.93243243243243,-7.64407949906564,2.4173967193508688,0.008279748084547688,-0.5397974770213227,3.9043681498839864,5.915507613319873,-27.27513385673727,109.37426823793615,31.930421284981673,0.22618796379417933,16932432432.43243
0.0039,0.0057,0.0002200000000000000,0.0018000000000000002,3,0.029500000000000002,0.007,0.00003500000000000000,0.0005000000000000000,0.001,16.972972972972975,-7.66819027191112,2.4106963509976223,0.008289271963991558,-0.5813878085079753,3.7991405556238895,5.796853613100917,-27.193077534568392,109.29617308746336,31.54744498681887,0.23023739235145463,16972972972.97297
0.0039,0.0057,0.0002200000000000000,0.0018000000000000002,3,0.029500000000000002,0.007,0.00003500000000000000,0.0005000000000000000,0.001,17.013513513513516,-7.6884752719867535,2.4050937936997694,0.008297243790158611,-0.6343328035564488,3.6980858716459144,5.6797699150378715,-27.124764211117643,109.26767117295378,31.178750625724334,0.23366288154706968,17013513513.51351
0.0039,0.0057,0.0002200000000000000,0.0018000000000000002,3,0.029500000000000002,0.007,0.00003500000000000000,0.0005000000000000000,0.001,17.054054054054056,-7.705253359019533,2.4004835408157548,0.008303809353115275,-0.6686383216476439,3.625072011781022,5.593166382197012,-27.069031007182428,109.29146986594506,30.81298942099934,0.23649367475465158,17054054054.05405
0.0039,0.0057,0.0002200000000000000,0.0018000000000000002,3,0.029500000000000002,0.007,0.00003500000000000000,0.0005000000000000000,0.001,17.094594594594597,-7.7189683332996,2.396730813523342,0.00830915745635209,-0.555857339029184,3.6848442621743325,5.664191373761854,-27.024478824658296,109.36812871052237,30.438811241167727,0.23877845000953926,17094594594.59460
0.0039,0.0057,0.0002200000000000000,0.0018000000000000002,3,0.029500000000000002,0.007,0.00003500000000000000,0.0005000000000000000,0.001,17.135135135135137,-7.730149896870668,2.3936817774938994,0.008313505185034948,-0.45232815440156315,3.7454700131994296,5.735063243935061,-26.98954967847684,109.49629041912998,30.045300891383846,0.24058074209018515,17135135135.13514
0.0039,0.0057,0.0002200000000000000,0.0018000000000000002,3,0.029500000000000002,0.007,0.00003500000000000000,0.0005000000000000000,0.001,17.175675675675677,-7.739374466722112,2.391173446456831,0.008317083558592784,-0.3576029164330323,3.8060177190516002,5.804708058291997,-26.962600327747516,109.67299545430234,29.622288270823816,0.2419741107598274,17175675675.67568
0.0039,0.0057,0.0002200000000000000,0.0018000000000000002,3,0.029500000000000002,0.007,0.00003500000000000000,0.0005000000000000000,0.001,17.216216216216218,-7.747230470484538,2.3890422707343495,0.008320125054131851,-0.2711899087521732,3.865516192081041,5.87207496806358,-26.9419663375724,109.89402930057794,29.1605265226013,0.2430376248710488,17216216216.21622
0.0039,0.0057,0.0002200000000000000,0.0018000000000000002,3,0.029500000000000002,0.007,0.00003500000000000000,0.0005000000000000000,0.001,17.256756756756758,-7.754291026230278,2.387130809418693,0.008322853897119883,-0.19258035359886078,3.9229749275639536,5.936155324845145,-26.926012969326045,110.15425920282676,28.651749305068595,0.24385206191104092,17256756756.75676
0.0039,0.0057,0.0002200000000000000,0.0018000000000000002,3,0.029500000000000002,0.007,0.00003500000000000000,0.0005000000000000000,0.001,17.2972972972973,-7.761095162529724,2.3852922731665185,0.008325479441891614,-0.12126734840389321,3.9774036471065464,5.995996676305504,-26.913171497252772,110.44792883492165,28.088628772978474,0.2444970353935531,17297297297.29730
0.0039,0.0057,0.0002200000000000000,0.0018000000000000002,3,0.029500000000000002,0.007,0.00003500000000000000,0.0005000000000000000,0.001,17.33783783783784,-7.768137350558955,2.3833930275482946,0.008328192516440708,-0.05675740261943126,4.027830139944585,6.050711473730836,-26.901961317639223,110.76889161727834,27.46465995069664,0.24504910031666674,17337837837.83784
0.0039,0.0057,0.0002200000000000000,0.0018000000000000002,3,0.029500000000000002,0.007,0.00003500000000000000,0.0005000000000000000,0.001,17.378378378378383,-7.775864256640083,2.381313334825047,0.008331164328215712,0.001424173498088294,4.073315559982507,6.099480562069149,-26.890999380525503,111.1107738003843,26.773996337190937,0.24558077249611227,17378378378.37838
0.0039,0.0057,0.0002200000000000000,0.0018000000000000002,3,0.029500000000000002,0.007,0.00003500000000000000,0.0005000000000000000,0.001,17.41891891891892,-7.784677265603599,2.378946689667919,0.008334547413132864,0.0537323584392329,4.112966381866896,6.141551597330098,-26.878999023663624,111.46706572496869,26.01125768614097,0.24616033604237886,17418918918.91892
0.0039,0.0057,0.0002200000000000000,0.0018000000000000002,3,0.029500000000000002,0.007,0.00003500000000000000,0.0005000000000000000,0.001,17.459459459459463,-7.794939360943465,2.376198095551312,0.008338478123132313,0.10060418122024294,4.145942205642021,6.1762324374296025,-26.864760319420565,111.83114354970384,25.171325717904804,0.2468522979238074,17459459459.45946
0.0039,0.0057,0.0002200000000000000,0.0018000000000000002,3,0.029500000000000002,0.007,0.00003500000000000000,0.0005000000000000000,0.001,17.5,-7.8069852405599445,2.3729815624612596,0.008343080245016225,0.14246138085254653,4.171458512763114,6.202879286659401,-26.847153698662712,112.19622446252797,24.24913842847457,0.24771836757758828,17500000000.00000
0.0039,0.0057,0.0002200000000000000,0.0018000000000000002,3,0.029500000000000002,0.007,0.00003500000000000000,0.0005000000000000000,0.001,17.540540540540544,-7.821133982369543,2.36921700840222,0.008348469487704017,0.17971228178383714,4.188783323983955,6.220878958990793,-26.825098034908784,112.5552564421726,23.239489646053343,0.2488188808034095,17540540540.54054
0.0039,0.0057,0.0002200000000000000,0.0018000000000000002,3,0.029500000000000002,0.007,0.00003500000000000000,0.0005000000000000000,0.001,17.581081081081084,-7.837704078288387,2.3648266344649285,0.008354758740789567,0.25261640954999176,4.235931442805969,6.269489225752013,-26.797533682712494,112.9007394850864,22.136838274867774,0.2502146410431251,17581081081.08108
0.0039,0.0057,0.0002200000000000000,0.0018000000000000002,3,0.029500000000000002,0.007,0.00003500000000000000,0.0005000000000000000,0.001,17.62162162162162,-7.857031196272569,2.3597307254286988,0.008362064180839696,0.35516063221729677,4.306937670792609,6.3416858677845775,-26.76339027015623,113.22446922568103,20.93513194988174,0.2519692112221269,17621621621.62162
0.0039,0.0057,0.0002200000000000000,0.0018000000000000002,3,0.029500000000000002,0.007,0.00003500000000000000,0.0005000000000000000,0.001,17.662162162162165,-7.879489610440357,2.3538427085439664,0.008370512478730966,0.45141735929473026,4.3656471210282195,6.400486283992638,-26.721548442887237,113.5171863611789,19.627653521966785,0.25415175180324656,17662162162.16216
0.0039,0.0057,0.0002200000000000000,0.0018000000000000002,3,0.029500000000000002,0.007,0.00003500000000000000,0.0005000000000000000,0.001,17.7027027027027,-7.905518883811935,2.347063183121482,0.008380249541252244,0.5411590549107014,4.410139148469536,6.44452292519791,-26.670794360863116,113.7681066987712,18.20690732610616,0.25684056284801027,17702702702.70270
0.0039,0.0057,0.0002200000000000000,0.0018000000000000002,3,0.029500000000000002,0.007,0.00003500000000000000,0.0005000000000000000,0.001,17.743243243243246,-7.935658133670518,2.3392725150315052,0.008391451401448759,0.6239511989856925,4.438219496631675,6.4720877689974525,-26.609765732731407,113.96429799340748,16.66457775670515,0.26012754545994426,17743243243.24324
0.0039,0.0057,0.0002200000000000000,0.0018000000000000002,3,0.029500000000000002,0.007,0.00003500000000000000,0.0005000000000000000,0.001,17.783783783783782,-7.970591088314141,2.330321483204957,0.00840433804210448,0.6991000174828049,4.44736114063027,6.481023970483774,-26.536888828764575,114.08986344464209,14.991618466866631,0.26412384121891924,17783783783.78378
0.0039,0.0057,0.0002200000000000000,0.0018000000000000002,3,0.029500000000000002,0.007,0.00003500000000000000,0.0005000000000000000,0.001,17.824324324324326,-8.01120616346084,2.320019396451266,0.00841919105882151,0.7655838043968441,4.434651721612367,6.4685951789463765,-26.450307722696728,114.12489291893404,13.178570555340503,0.2689669155078726,17824324324.32433
0.0039,0.0057,0.0002200000000000000,0.0018000000000000002,3,0.029500000000000002,0.007,0.00003500000000000000,0.0005000000000000000,0.001,17.864864864864867,-8.058676888453157,2.3081191272083683,0.008436376059855175,0.821964621006561,4.396767132053393,6.431334644956763,-26.347810717874847,114.04416176470905,11.216266303146366,0.27482927842471555,17864864864.86486
0.0039,0.0057,0.0002200000000000000,0.0018000000000000002,3,0.029500000000000002,0.007,0.00003500000000000000,0.0005000000000000000,0.001,17.905405405405407,-8.11456900427205,2.294298747629505,0.00845637039380476,1.0802112365801089,4.548641117074001,6.5788167281085705,-26.226765520929575,113.81561154845922,9.097152060676047,0.28192880521220876,17905405405.40541
0.0039,0.0057,0.0002200000000000000,0.0018000000000000002,3,0.029500000000000002,0.007,0.00003500000000000000,0.0005000000000000000,0.001,17.945945945945947,-8.1809809901295,2.278140101731397,0.008479795894769963,1.4193938004930904,4.772361249855976,6.787333107067999,-26.084085315660563,113.39876603869621,6.817550025001984,0.29054009175132156,17945945945.94595
0.0039,0.0057,0.0002200000000000000,0.0018000000000000002,3,0.029500000000000002,0.007,0.00003500000000000000,0.0005000000000000000,0.001,17.986486486486488,-8.260723758268458,2.2591060208496736,0.008507454346120205,1.7718983095803615,4.995923193258357,6.986157529606091,-25.916262947996334,112.7434581194683,4.381239404342013,0.3010052552438438,17986486486.48649
0.0039,0.0057,0.0002200000000000000,0.0018000000000000002,3,0.029500000000000002,0.007,0.00003500000000000000,0.0005000000000000000,0.001,18.027027027027028,-8.357541167081589,2.2365204216006727,0.008540359573083913,2.1331949378746398,5.2089295764645565,7.167484859104114,-25.719528360335854,111.78960395687402,1.8046907989346288,0.31374080597108694,18027027027.02703
0.0039,0.0057,0.0002200000000000000,0.0018000000000000002,3,0.029500000000000002,0.007,0.00003500000000000000,0.0005000000000000000,0.001,18.06756756756757,-8.47636317249638,2.209559659909053,0.008579753646970693,2.4974620194484163,5.398099903771561,7.322409178742984,-25.490198979288788,110.46924656324232,-0.8760198946621309,0.3292344591119655,18067567567.56757
0.0039,0.0057,0.0002200000000000000,0.0018000000000000002,3,0.029500000000000002,0.007,0.00003500000000000000,0.0005000000000000000,0.001,18.10810810810811,-8.62356398497237,2.1772693356041897,0.008627085153317535,2.857315547081207,5.54784937843767,7.44124661665604,-25.22529022211166,108.71254646404282,-3.5973761919343263,0.34802215591511954,18108108108.10811
0.0039,0.0057,0.0002200000000000000,0.0018000000000000002,3,0.029500000000000002,0.007,0.00003500000000000000,0.0005000000000000000,0.001,18.14864864864865,-8.80716396418797,2.138627124699092,0.008683916017383676,3.2035951003871688,5.641782478016814,7.514163376828513,-24.923412129265788,106.45939291379607,-6.261842335385435,0.370632221203117,18148648648.64865
0.0039,0.0057,0.0002200000000000000,0.0018000000000000002,3,0.029500000000000002,0.007,0.00003500000000000000,0.0005000000000000000,0.001,18.18918918918919,-9.036863278219627,2.0926754399587115,0.008751715229000092,3.525313159750088,5.6651604845682,7.5321221721357015,-24.585877234747215,103.67710168736708,-8.736544847562442,0.39748349401545774,18189189189.18919
0.0039,0.0057,0.0002200000000000000,0.0018000000000000002,3,0.029500000000000002,0.007,0.00003500000000000000,0.0005000000000000000,0.001,18.22972972972973,-9.323732082337683,2.0387403005538367,0.008831505179234877,3.809917732007291,5.60796142685257,7.488050177683934,-24.217785166041615,100.38157211426035,-10.862350036062594,0.4287328445785575,18229729729.72973
0.0039,0.0057,0.0002200000000000000,0.0018000000000000002,3,0.029500000000000002,0.007,0.00003500000000000000,0.0005000000000000000,0.001,18.270270270270274,-9.679327631550947,1.9767250983039768,0.008923368116677922,4.052860131855061,5.478771221063928,7.386831658291369,-23.82868343290438,96.65475804141391,-12.476877859033559,0.46409068050663466,18270270270.27027
0.0039,0.0057,0.0002200000000000000,0.0018000000000000002,3,0.029500000000000002,0.007,0.00003500000000000000,0.0005000000000000000,0.001,18.31081081081081,-10.114010895437229,1.9074166033565454,0.009025910391275201,4.354094635744572,5.421692057214817,7.341348467652496,-23.432343656361464,92.64817997732807,-13.449107296236976,0.502660335543613,18310810810.81081
0.0039,0.0057,0.0002200000000000000,0.0018000000000000002,3,0.029500000000000002,0.007,0.00003500000000000000,0.0005000000000000000,0.001,18.351351351351354,-10.634362696765585,1.8326833886968883,0.009135900546782962,4.654584266356197,5.379548491738832,7.3074582663758,-23.04536036794833,88.56481895067753,-13.71485415260551,0.5428909474715452,18351351351.35135
0.0039,0.0057,0.0002200000000000000,0.0018000000000000002,3,0.029500000000000002,0.007,0.00003500000000000000,0.0005000000000000000,0.001,18.39189189189189,-11.239908056224937,1.7554294055866104,0.009248361193327887,4.876772014698769,5.27487042146382,7.2221179554614015,-22.684698113641932,84.6215436915212,-13.297823292791051,0.582727355331422,18391891891.89189
0.0039,0.0057,0.0002200000000000000,0.0018000000000000002,3,0.029500000000000002,0.007,0.00003500000000000000,0.0005000000000000000,0.001,18.432432432432435,-11.919838617868256,1.6792325291250025,0.009357288400214906,5.016829707164221,5.120523138395875,7.093143329509198,-22.364813471969477,81.00555781183192,-12.306077633666263,0.6199670921561138,18432432432.43243
0.0039,0.0057,0.0002200000000000000,0.0018000000000000002,3,0.029500000000000002,0.007,0.00003500000000000000,0.0005000000000000000,0.001,18.472972972972975,-12.650990457546579,1.6077344245599763,0.009456873548745871,5.0777202000700274,4.932244805878181,6.930446241287854,-22.09525022154217,77.84182876153284,-10.906593584116477,0.6527207150359549,18472972972.97297
0.0039,0.0057,0.0002200000000000000,0.0018000000000000002,3,0.029500000000000002,0.007,0.00003500000000000000,0.0005000000000000000,0.001,18.513513513513516,-13.39886339120354,1.5439602289814172,0.009542792168421237,5.068854019099128,4.7260937035324,6.745023280715571,-21.879414606905392,75.18081221007438,-9.29135000643483,0.6798029953460064,18513513513.51352
0.0039,0.0057,0.0002200000000000000,0.0018000000000000002,3,0.029500000000000002,0.007,0.00003500000000000000,0.0005000000000000000,0.001,18.554054054054056,-14.123726224472312,1.4897429600452952,0.009613074477659633,5.0048060710655,4.51656391765202,6.548081606743072,-21.71465246529641,73.0034962288367,-7.6495884954261895,0.7009264462917434,18554054054.05405
0.0039,0.0057,0.0002200000000000000,0.0018000000000000002,3,0.029500000000000002,0.007,0.00003500000000000000,0.0005000000000000000,0.001,18.594594594594597,-14.793293702982684,1.4453185135817337,0.009668357156821137,4.904820266353486,4.316639297492209,6.351457601101665,-21.59311048258472,71.23227607661772,-6.153915313161965,0.7166981220952904,18594594594.59460
0.0039,0.0057,0.0002200000000000000,0.0018000000000000002,3,0.029500000000000002,0.007,0.00003500000000000000,0.0005000000000000000,0.001,18.635135135135137,-15.40180329794152,1.409026462012681,0.009711716576939136,4.794297420594823,4.139743028958644,6.169733834955437,-21.50247641805716,69.73337652613284,-4.958643965436264,0.72854496072121,18635135135.13514
0.0039,0.0057,0.0002200000000000000,0.0018000000000000002,3,0.029500000000000002,0.007,0.00003500000000000000,0.0005000000000000000,0.001,18.675675675675677,-15.99507065874131,1.3769322224740532,0.00974852609015802,4.668902432431351,3.966337452600011,5.9838966084446685,-21.42560459266775,68.29553060724102,-4.1982336194245065,0.7387552536803823,18675675675.67567
0.0039,0.0057,0.0002200000000000000,0.0018000000000000002,3,0.029500000000000002,0.007,0.00003500000000000000,0.0005000000000000000,0.001,18.716216216216218,-16.71005456453858,1.3420535412057986,0.009786698188615313,4.550167112095153,3.797396449667517,5.794859400197094,-21.33833033465683,66.5702399884096,-3.9506718766653095,0.7508112496772842,18716216216.21622
0.0039,0.0057,0.0002200000000000000,0.0018000000000000002,3,0.029500000000000002,0.007,0.00003500000000000000,0.0005000000000000000,0.001,18.756756756756758,-17.870390810114447,1.2930130676483997,0.009836709499951824,4.44588074950917,3.6154448053988304,5.5816173583430215,-21.207238149930575,63.99632739371744,-4.0708828042253185,0.769885852594858,18756756756.75676
0.0039,0.0057,0.0002200000000000000,0.0018000000000000002,3,0.029500000000000002,0.007,0.00003500000000000000,0.0005000000000000000,0.001,18.7972972972973,-20.284985314991566,1.214280892561378,0.009906351361352456,4.935219562648523,3.8869583054481818,5.896098820743077,-21.001741982067813,59.95955229331868,-3.7645142855134157,0.8015157747548217,18797297297.29730
0.0039,0.0057,0.0002200000000000000,0.0018000000000000002,3,0.029500000000000002,0.007,0.00003500000000000000,0.0005000000000000000,0.001,18.83783783783784,-26.383572068214022,1.1007379911438397,0.009977004503381648,5.309300621780326,4.03433012002331,6.057714326567511,-20.758412022301812,54.828540369801246,-1.3998241750538,0.8417025240609731,18837837837.83784
0.0039,0.0057,0.0002200000000000000,0.0018000000000000002,3,0.029500000000000002,0.007,0.00003500000000000000,0.0005000000000000000,0.001,18.878378378378383,-28.578884255736057,1.077369453365788,0.009986128878544586,5.913657979977786,4.516426554074708,6.547949521485521,-20.64031987496805,50.872608320184405,3.6566871731332187,0.8641136108279831,18878378378.37838
0.0039,0.0057,0.0002200000000000000,0.0018000000000000002,3,0.029500000000000002,0.007,0.00003500000000000000,0.0005000000000000000,0.001,18.91891891891892,-20.529975975622804,1.2077025141116515,0.009911487949385777,6.003627744389274,4.685659523488094,6.707707280418917,-20.742690963225627,49.66681115745261,9.412564931243,0.8503388988801823,18918918918.91892
0.0039,0.0057,0.0002200000000000000,0.0018000000000000002,3,0.029500000000000002,0.007,0.00003500000000000000,0.0005000000000000000,0.001,18.959459459459463,-17.157711975369715,1.3221039567110024,0.009807589484801123,5.994451144663856,4.864142295234366,6.8700627126697285,-20.959988774623667,50.29011314903168,14.044197392829556,0.8174079234870045,18959459459.45946
0.0039,0.0057,0.0002200000000000000,0.0018000000000000002,3,0.029500000000000002,0.007,0.00003500000000000000,0.0005000000000000000,0.001,19,-15.414710909756668,1.408295087118449,0.009712572108497276,5.884463658850776,4.947157994290154,6.943557803768556,-21.185751583629788,51.45645335294894,17.390597364409622,0.783593068222982,19000000000.00000
0.0039,0.005889999999999999,0.0002000000000000000,0.001574,3,0.029500000000000002,0.007,0.00003500000000000000,0.0005000000000000000,0.001,16,-9.312813578538949,2.0407267439460504,0.008828563795750498,-4.56604160324805,6.885581821708634,8.379406433992722,-33.486547441226705,83.58875297028516,33.01552524446137,0.05075223780929446,16000000000.00000
0.0039,0.005889999999999999,0.0002000000000000000,0.001574,3,0.029500000000000002,0.007,0.00003500000000000000,0.0005000000000000000,0.001,16.04054054054054,-9.337331087670702,2.036273291453557,0.00883515834897557,-4.475613372922999,6.863571118788708,8.36550138103654,-33.378971377985714,83.81654355612737,32.657974146378805,0.05198625402655693,16040540540.54054
0.0039,0.005889999999999999,0.0002000000000000000,0.001574,3,0.029500000000000002,0.007,0.00003500000000000000,0.0005000000000000000,0.001,16.08108108108108,-9.36278654511045,2.0316764711138005,0.008841965906730292,-4.3826183222669925,6.835318266004441,8.347587409889222,-33.26471737215507,84.03830894427531,32.29081054130703,0.053330963116957286,16081081081.08108
0.0039,0.005889999999999999,0.0002000000000000000,0.001574,3,0.029500000000000002,0.007,0.00003500000000000000,0.0005000000000000000,0.001,16.121621621621625,-9.389241632983744,2.026928048985767,0.008848998640217518,-4.286863759250944,6.800955286599785,8.325699195533089,-33.14362167111789,84.25335726540939,31.913906153758226,0.05479534990299057,16121621621.62162
0.0039,0.005889999999999999,0.0002000000000000000,0.001574,3,0.029500000000000002,0.007,0.00003500000000000000,0.0005000000000000000,0.001,16.162162162162165,-9.416761897947051,2.022019447728226,0.008856269216739782,-4.188187181417007,6.760650767537216,8.299885023244043,-33.01556410521237,84.46093244617643,31.527170359499348,0.056388790520465755,16162162162.16216
0.0039,0.005889999999999999,0.0002000000000000000,0.001574,3,0.029500000000000002,0.007,0.00003500000000000000,0.0005000000000000000,0.001,16.202702702702705,-9.445416595986998,2.0169418129818397,0.008863790698177337,-4.086461774326603,6.714603790322484,8.270203912782632,-32.880470762564165,84.66020932147549,31.13056172605518,0.0581210472885467,16202702702.70270
0.0039,0.005889999999999999,0.0002000000000000000,0.001574,3,0.029500000000000002,0.007,0.00003500000000000000,0.0005000000000000000,0.001,16.243243243243246,-9.475278319870673,2.0116861191793833,0.008871576380402268,-3.9816023598952044,6.663037825092217,8.236722787014546,-32.73831718705472,84.85028963097304,30.72410214579473,0.060002242979753664,16243243243.24324
0.0039,0.005889999999999999,0.0002000000000000000,0.001574,3,0.029500000000000002,0.007,0.00003500000000000000,0.0005000000000000000,0.001,16.283783783783782,-9.506422335381437,2.0062433256794794,0.008879639557404818,-3.8735719166267413,6.606194891630293,8.199513818154454,-32.5891323623619,85.03019952029501,30.307893875710473,0.06204280530992129,16283783783.78378
0.0039,0.005889999999999999,0.0002000000000000000,0.001574,3,0.029500000000000002,0.007,0.00003500000000000000,0.0005000000000000000,0.001,16.324324324324326,-9.538925536916857,2.0006045957501133,0.008887993191517679,-3.762388759134671,6.54433026861859,8.15865208484056,-32.43300371147647,85.1988893586482,29.88213972779041,0.0642533707189575,16324324324.32432
0.0039,0.005889999999999999,0.0002000000000000000,0.001574,3,0.029500000000000002,0.007,0.00003500000000000000,0.0005000000000000000,0.001,16.364864864864867,-9.572864917231227,1.9947615922626907,0.008896649469199306,-3.6481344056513048,6.477707999504374,8.114213670977193,-32.27008328097172,85.35523689859801,29.44716652177972,0.06664463478246588,16364864864.86486
0.0039,0.005889999999999999,0.0002000000000000000,0.001574,3,0.029500000000000002,0.007,0.00003500000000000000,0.0005000000000000000,0.001,16.405405405405407,-9.60831543154314,1.9887068647051833,0.008905619220819658,-3.530962079961003,6.406597401256652,8.066274332307668,-32.10059519242665,85.4980550287927,29.0034516988447,0.06922713504568508,16405405405.40541
0.0039,0.005889999999999999,0.0002000000000000000,0.001574,3,0.029500000000000002,0.007,0.00003500000000000000,0.0005000000000000000,0.001,16.445945945945947,-9.645347125375217,1.9824343418546309,0.008914911183432392,-3.4111056893212655,6.331270731021289,8.014908847542525,-31.92484432898059,85.62610558746425,28.551652677443435,0.07201095098688576,16445945945.94595
0.0039,0.005889999999999999,0.0002000000000000000,0.001574,3,0.029500000000000002,0.007,0.00003500000000000000,0.0005000000000000000,0.001,16.486486486486488,-9.684021392099966,1.9759399425835615,0.008924531088491509,-3.28888899457273,6.2520021050253325,7.960191155724744,-31.743226082880078,85.73812088101705,28.092638090489338,0.07500530561631535,16486486486.48649
0.0039,0.005889999999999999,0.0002000000000000000,0.001574,3,0.029500000000000002,0.007,0.00003500000000000000,0.0005000000000000000,0.001,16.527027027027028,-9.724386235883118,1.9692223130193998,0.00893448056306611,-3.164734544244878,6.16906769504917,7.9021953591507685,-31.55623681975844,85.8328346405023,27.627519456975392,0.07821805450333676,16527027027.02703
0.0039,0.005889999999999999,0.0002000000000000000,0.001574,3,0.029500000000000002,0.007,0.00003500000000000000,0.0005000000000000000,0.001,16.56756756756757,-9.76647044609952,1.9622836906894627,0.0089447558447202,-3.0391717844412094,6.082747150911787,7.840997639812436,-31.364484518245686,85.90902408137723,27.157681107785542,0.08165505159779643,16567567567.56757
0.0039,0.005889999999999999,0.0002000000000000000,0.001574,3,0.029500000000000002,0.007,0.00003500000000000000,0.0005000000000000000,0.001,16.60810810810811,-9.810276650081581,1.95513088430325,0.00895534632841925,-2.912843585465159,5.993326116155258,7.776679096993773,-31.16869882347371,85.9655644221916,26.684805322572707,0.08531938803543554,16608108108.10811
0.0039,0.005889999999999999,0.0002000000000000000,0.001574,3,0.029500000000000002,0.007,0.00003500000000000000,0.0005000000000000000,0.001,16.64864864864865,-9.855773313143988,1.9477763404994095,0.008966232989957733,-2.786510254925782,5.901099621332718,7.709329463844458,-30.96973951942457,86.0014965644829,26.210888701940547,0.08921051122534056,16648648648.64865
0.0039,0.005889999999999999,0.0002000000000000000,0.001574,3,0.029500000000000002,0.007,0.00003500000000000000,0.0005000000000000000,0.001,16.68918918918919,-9.90288590869682,1.9402392456705684,0.008977386765188248,-2.6610499518548503,5.806376061351279,7.639051603417949,-30.768602195975085,86.0161075385014,25.738244911760482,0.09332324778655605,16689189189.18919
0.0039,0.005889999999999999,0.0002000000000000000,0.001574,3,0.029500000000000002,0.007,0.00003500000000000000,0.0005000000000000000,0.001,16.729729729729733,-9.951487693328136,1.9325465822668868,0.008988767007032822,-2.5374543035818613,5.709481396247604,7.5659666219041,-30.56641969087376,86.00902170503036,25.269488280294485,0.09764677570224489,16729729729.72973
0.0039,0.005889999999999999,0.0002000000000000000,0.001574,3,0.029500000000000002,0.007,0.00003500000000000000,0.0005000000000000000,0.001,16.770270270270274,-10.001390789123192,1.9247340267189994,0.009000320189758573,-2.4168179935284004,5.610763166420443,7.490219372674394,-30.364457767173178,85.98029856936192,24.80749256221589,0.10216361772766837,16770270270.27027
0.0039,0.005889999999999999,0.0002000000000000000,0.001574,3,0.029500000000000002,0.007,0.00003500000000000000,0.0005000000000000000,0.001,16.81081081081081,-10.052338578818528,1.9168465445141432,0.00901197907581893,-2.3003211787671445,5.5105938919524755,7.411984064922054,-30.164103496688828,85.93053052886896,24.35531981682268,0.10684875733577619,16810810810.81081
0.0039,0.005889999999999999,0.0002000000000000000,0.001574,3,0.029500000000000002,0.007,0.00003500000000000000,0.0005000000000000000,0.001,16.85135135135135,-10.10400071557519,1.9089385138797175,0.009023662594285825,-2.1892038609905904,5.409373437057878,7.331469640738496,-29.96684502028595,85.86093123322694,23.916116085999064,0.11166900586112845,16851351351.35135
0.0039,0.005889999999999999,0.0002000000000000000,0.001574,3,0.029500000000000002,0.007,0.00003500000000000000,0.0005000000000000000,0.001,16.89189189189189,-10.155972266710393,1.9010732023532924,0.009035276687568379,-2.084731813582597,5.307529971131971,7.248924552658236,-29.77424180109528,85.77340297836909,23.492973605990027,0.11658276824376088,16891891891.89189
0.0039,0.005889999999999999,0.0002000000000000000,0.001574,3,0.029500000000000002,0.007,0.00003500000000000000,0.0005000000000000000,0.001,16.93243243243243,-10.20777855275319,1.8933214408474286,0.00904671634927771,-1.9881543809839903,5.205519245810554,7.164640564868839,-29.58788520923154,85.67057034593701,23.088763622315433,0.12154035637035453,16932432432.43243
0.0039,0.005889999999999999,0.0002000000000000000,0.001574,3,0.029500000000000002,0.007,0.00003500000000000000,0.0005000000000000000,0.001,16.972972972972975,-10.258887003559032,1.8857593967477642,0.00905786898799666,-1.900655388849735,5.10382203105117,7.078955222413253,-29.409350263206314,85.55576786250289,22.705949120223682,0.1264849748904465,16972972972.97297
0.0039,0.005889999999999999,0.0002000000000000000,0.001574,3,0.029500000000000002,0.007,0.00003500000000000000,0.0005000000000000000,0.001,17.013513513513516,-10.308726748642496,1.8784654447567017,0.009068619105136691,-1.8232994541048597,5.002939701600195,6.992252685399923,-29.240140526540014,85.43297236637386,22.34639213457883,0.1313544487103023,17013513513.51351
0.0039,0.005889999999999999,0.0002000000000000000,0.001574,3,0.029500000000000002,0.007,0.00003500000000000000,0.0005000000000000000,0.001,17.054054054054056,-10.356715674304116,1.8715162654548425,0.009078854080566072,-1.7569770165007141,4.903388125199648,6.904962709661769,-29.081629366383567,85.30667620913233,22.011174600867108,0.13608367446912184,17054054054.05405
0.0039,0.005889999999999999,0.0002000000000000000,0.001574,3,0.029500000000000002,0.007,0.00003500000000000000,0.0005000000000000000,0.001,17.094594594594597,-10.402293412423822,1.8649824481996808,0.009088470646112092,-1.7023522309548365,4.80569015890114,6.817557667555885,-28.935001809782307,85.1817049247877,21.7004536621776,0.1406076695186734,17094594594.59460
0.0039,0.005889999999999999,0.0002000000000000000,0.001574,3,0.029500000000000002,0.007,0.00003500000000000000,0.0005000000000000000,0.001,17.135135135135137,-10.444957402881915,1.8589240067613069,0.009097381439374668,-1.659818252414966,4.710367191902016,6.730547634348506,-28.801201842763003,85.06299139926267,21.413370915166603,0.14486498017716623,17135135135.13514
0.0039,0.005889999999999999,0.0002000000000000000,0.001574,3,0.029500000000000002,0.007,0.00003500000000000000,0.0005000000000000000,0.001,17.175675675675677,-10.484298121538489,1.8533862974794677,0.009105520919863913,-1.6294642418510128,4.617930267884096,6.644473706552593,-28.68088998344607,84.95532615329644,21.14802989407065,0.14880112174016422,17175675675.67568
0.0039,0.005889999999999999,0.0002000000000000000,0.001574,3,0.029500000000000002,0.007,0.00003500000000000000,0.0005000000000000000,0.001,17.216216216216218,-10.520029127833554,1.8483968307041299,0.009112849938036717,-1.6110575555433293,4.528871364984716,6.55989985449861,-28.57441522230594,84.86310829014312,20.90154774380291,0.15237168106416357,17216216216.21622
0.0039,0.005889999999999999,0.0002000000000000000,0.001574,3,0.029500000000000002,0.007,0.00003500000000000000,0.0005000000000000000,0.001,17.256756756756758,-10.552007985441037,1.8439633741902979,0.00911935839083302,-1.6040431231738508,4.443655402761723,6.4774037284270225,-28.481804013406933,84.79012259682976,20.670177043900537,0.15554473481595438,17256756756.75676
0.0039,0.005889999999999999,0.0002000000000000000,0.001574,3,0.029500000000000002,0.007,0.00003500000000000000,0.0005000000000000000,0.001,17.2972972972973,-10.580245347799613,1.8400735741879861,0.009125065654201013,-1.6075601927678573,4.3627134831235495,6.397566920644451,-28.40276713483377,84.73936481566287,20.449484199276895,0.15830232326087057,17297297297.29730
0.0039,0.005889999999999999,0.0002000000000000000,0.001574,3,0.029500000000000002,0.007,0.00003500000000000000,0.0005000000000000000,0.001,17.33783783783784,-10.604901323285443,1.8366961020985775,0.009130018800183185,-1.5995048547084203,4.307184852867379,6.341935109215338,-28.33672324574615,84.71292994763469,20.234563735168535,0.1606408537548687,17337837837.83784
0.0039,0.005889999999999999,0.0002000000000000000,0.001574,3,0.029500000000000002,0.007,0.00003500000000000000,0.0005000000000000000,0.001,17.378378378378383,-10.62627020302717,1.8337831208113533,0.009134288912569108,-1.6017666255940268,4.253845406195621,6.287817026668149,-28.28283621240679,84.71196925088346,20.02026457412695,0.1625704600693883,17378378378.37838
0.0039,0.005889999999999999,0.0002000000000000000,0.001574,3,0.029500000000000002,0.007,0.00003500000000000000,0.0005000000000000000,0.001,17.41891891891892,-10.644756275398654,1.831273701531025,0.009137966045596317,-1.5466558773964303,4.267663389647122,6.301901572885341,-28.240062050354517,84.73671237641281,19.801405244119135,0.1641134800941483,17418918918.91892
0.0039,0.005889999999999999,0.0002000000000000000,0.001574,3,0.029500000000000002,0.007,0.00003500000000000000,0.0005000000000000000,0.001,17.459459459459463,-10.6608444204392,1.8290977384550808,0.009141153484544971,-1.3549298002742156,4.428208894428438,6.4622809991167705,-28.207200789136305,84.7865436241882,19.572959261155574,0.16530230902705956,17459459459.45946
0.0039,0.005889999999999999,0.0002000000000000000,0.001574,3,0.029500000000000002,0.007,0.00003500000000000000,0.0005000000000000000,0.001,17.5,-10.675069356576143,1.8271799105897581,0.00914396195926679,-1.1633151880624364,4.6036019152152665,6.63097762068948,-28.182948702371252,84.86011669510229,19.3301982671378,0.166176925292802,17500000000.00000
0.0039,0.005889999999999999,0.0002000000000000000,0.001574,3,0.029500000000000002,0.007,0.00003500000000000000,0.0005000000000000000,0.001,17.540540540540544,-10.687986909407346,1.825443311290177,0.009146504355766385,-0.9892018070087787,4.774519446727995,6.789296665717435,-28.165947017381686,84.95549079738853,19.068787327274748,0.1667823745314205,17540540540.54054
0.0039,0.005889999999999999,0.0002000000000000000,0.001574,3,0.029500000000000002,0.007,0.00003500000000000000,0.0005000000000000000,0.001,17.581081081081084,-10.700149743079685,1.8238124781224883,0.009148891308206382,-0.8315746051562081,4.939618726330871,6.93693428389046,-28.154824208383413,85.07027206244591,18.78483280627165,0.167166446671666,17581081081.08108
0.0039,0.005889999999999999,0.0002000000000000000,0.001574,3,0.029500000000000002,0.007,0.00003500000000000000,0.0005000000000000000,0.001,17.62162162162162,-10.712088931154579,1.8222156778010103,0.009151227877609091,-0.6893509642083057,5.097617905832103,7.07367279621355,-28.148230060529396,85.20174704542605,18.474887661413142,0.1673777108676571,17621621621.62162
0.0039,0.005889999999999999,0.0002000000000000000,0.001574,3,0.029500000000000002,0.007,0.00003500000000000000,0.0005000000000000000,0.001,17.662162162162165,-10.724301784850068,1.8205864090468826,0.009153611368247399,-0.5614283780746097,5.247297657156411,7.199357005989416,-28.144860686161874,85.3469986562738,18.13592156990212,0.16746400044591098,17662162162.16216
0.0039,0.005889999999999999,0.0002000000000000000,0.001574,3,0.029500000000000002,0.007,0.00003500000000000000,0.0005000000000000000,0.001,17.7027027027027,-10.737245643989635,1.8188641662075444,0.009156130217960398,-0.4467231035242836,5.387497686490612,7.3138709667327495,-28.143474464679258,85.50299836895503,17.765264227087307,0.16747137767092138,17702702702.70270
0.0039,0.005889999999999999,0.0002000000000000000,0.001574,3,0.029500000000000002,0.007,0.00003500000000000000,0.0005000000000000000,0.001,17.743243243243246,-10.75133691417757,1.8169945542393084,0.009158863830094092,-0.3442002477983903,5.51710842592251,7.417115190886314,-28.142899416989042,85.66667144367209,17.36052983554948,0.16744356278108177,17743243243.24324
0.0039,0.005889999999999999,0.0002000000000000000,0.001574,3,0.029500000000000002,0.007,0.00003500000000000000,0.0005000000000000000,0.001,17.783783783783782,-10.766954476688042,1.8149288641981802,0.00916188318806955,-0.25289618261779384,5.635058308412308,7.508984142402796,-28.142032821826714,85.83493390029393,16.91952975079037,0.1674217848323804,17783783783.78378
0.0039,0.005889999999999999,0.0002000000000000000,0.001574,3,0.029500000000000002,0.007,0.00003500000000000000,0.0005000000000000000,0.001,17.824324324324326,-10.784446643400152,1.8126232144624377,0.00916525209903957,-0.17193439495289617,5.740297131802129,7.5893437312309935,-28.13983397470007,86.00470105049227,16.44017891773195,0.16744500138211674,17824324324.32433
0.0039,0.005889999999999999,0.0002000000000000000,0.001574,3,0.029500000000000002,0.007,0.00003500000000000000,0.0005000000000000000,0.001,17.864864864864867,-10.804141008716217,1.8100373441684117,0.009169028939741539,-0.10053596278278945,5.831776087369398,7.658008407751565,-28.135310935799534,86.17286761863275,15.920400491216283,0.1675504362515568,17864864864.86486
0.0039,0.005889999999999999,0.0002000000000000000,0.001574,3,0.029500000000000002,0.007,0.00003500000000000000,0.0005000000000000000,0.001,17.905405405405407,-10.826356805459309,1.8071331184750887,0.009173268815833987,-0.038025836680031476,5.908425086726669,7.714717334541467,-28.127501967505673,86.33625900857317,15.35803215411132,0.16777439556669188,17905405405.40541
0.0039,0.005889999999999999,0.0002000000000000000,0.001574,3,0.029500000000000002,0.007,0.00003500000000000000,0.0005000000000000000,0.001,17.945945945945947,-10.851419662194042,1.8038727752657016,0.009178026088451375,0.016163935136124522,5.969128099855319,7.759108991234283,-28.115452177714477,86.49155227274997,14.750737328474331,0.1681533385827038,17945945945.94595
0.0039,0.005889999999999999,0.0002000000000000000,0.001574,3,0.029500000000000002,0.007,0.00003500000000000000,0.0005000000000000000,0.001,17.986486486486488,-10.879678964181586,1.8002169129453827,0.009183357263637856,0.06249294402971266,6.012697371626806,7.790693456815172,-28.09818571109544,86.63516397284775,14.095924888157606,0.16872519887826445,17986486486.48649
0.0039,0.005889999999999999,0.0002000000000000000,0.001574,3,0.029500000000000002,0.007,0.00003500000000000000,0.0005000000000000000,0.001,18.027027027027028,-10.911528334354578,1.796122190894183,0.009189324278856357,0.10131204758960599,6.037847697470948,7.808821539036785,-28.0746737168165,86.76310054830472,13.39068230953985,0.1695309715386344,18027027027.02703
0.0039,0.005889999999999999,0.0002000000000000000,0.001574,3,0.029500000000000002,0.007,0.00003500000000000000,0.0005000000000000000,0.001,18.06756756756757,-10.947430081790802,1.7915386888330433,0.009195998254108401,0.13286280527420516,6.043172530705514,7.812649933985064,-28.043798327260625,86.87076522074052,12.631729680124346,0.17061660154071925,18067567567.56757
0.0039,0.005889999999999999,0.0002000000000000000,0.001574,3,0.029500000000000002,0.007,0.00003500000000000000,0.0005000000000000000,0.001,18.10810810810811,-10.987944828740805,1.7864068497569185,0.009203463801361904,0.15727561406768364,6.027124722254212,7.801101786300697,-28.00431308714369,86.95271414352875,11.815405961963805,0.1720352261806523,18108108108.10811
0.0039,0.005889999999999999,0.0002000000000000000,0.001574,3,0.029500000000000002,0.007,0.00003500000000000000,0.0005000000000000000,0.001,18.14864864864865,-11.03376794385204,1.7806539148562466,0.009211824001500278,0.17456541313361124,5.988006343761329,7.772822517677216,-27.954800785901813,87.00235394049022,10.937704835358776,0.17384983768718695,18148648648.64865
0.0039,0.005889999999999999,0.0002000000000000000,0.001574,3,0.029500000000000002,0.007,0.00003500000000000000,0.0005000000000000000,0.001,18.18918918918919,-11.085774898042885,1.7741897518841743,0.00922120615559061,0.18462385867800285,5.923974489758945,7.726131796633544,-27.89363062280159,87.01157382827583,9.994385902397774,0.17613643671354806,18189189189.18919
0.0039,0.005889999999999999,0.0002000000000000000,0.001574,3,0.029500000000000002,0.007,0.00003500000000000000,0.0005000000000000000,0.001,18.22972972972973,-11.145078229983891,1.7669019887962512,0.00923176838269328,0.2084719822145915,5.861704566796414,7.680239259681015,-27.818918278816426,86.97030969262943,8.98119860270124,0.17898773498219747,18229729729.72973
0.0039,0.005889999999999999,0.0002000000000000000,0.001574,3,0.029500000000000002,0.007,0.00003500000000000000,0.0005000000000000000,0.001,18.270270270270274,-11.21309944124831,1.7586504077479133,0.0092437070432784,0.2841156831257349,5.849345101812293,7.671072447846717,-27.72849503349925,86.86604734001594,7.894271218637357,0.18251742101411153,18270270270.27027
0.0039,0.005889999999999999,0.0002000000000000000,0.001574,3,0.029500000000000002,0.007,0.00003500000000000000,0.0005000000000000000,0.001,18.31081081081081,-11.2916597539253,1.7492606586824027,0.009257264769304305,0.36008532243710634,5.814077250583762,7.644807978642968,-27.619895803504207,86.68329175167605,6.730735232562227,0.18686490068073922,18310810810.81081
0.0039,0.005889999999999999,0.0002000000000000000,0.001574,3,0.029500000000000002,0.007,0.00003500000000000000,0.0005000000000000000,0.001,18.351351351351354,-11.383094041757825,1.7385175642680488,0.009272738502573307,0.4377113862134085,5.754628003948088,7.600172548026057,-27.49038103620368,86.40306454513929,5.48967315960478,0.1922002214937301,18351351351.35135
0.0039,0.005889999999999999,0.0002000000000000000,0.001574,3,0.029500000000000002,0.007,0.00003500000000000000,0.0005000000000000000,0.001,18.39189189189189,-11.490391923020418,1.7261586841847183,0.009290486264007,0.518368930747545,5.669916903169465,7.535766940323395,-27.33701355397877,86.00255075868557,4.17348813207519,0.19872852038045075,18391891891.89189
0.0039,0.005889999999999999,0.0002000000000000000,0.001574,3,0.029500000000000002,0.007,0.00003500000000000000,0.0005000000000000000,0.001,18.432432432432435,-11.617368053042638,1.7118694955592035,0.009310930234469618,0.6033794138889117,5.559206220648872,7.4501278463915375,-27.15681770699032,85.45510593800071,2.7897795205832425,0.20669270871961098,18432432432.43243
0.0039,0.005889999999999999,0.0002000000000000000,0.001574,3,0.029500000000000002,0.007,0.00003500000000000000,0.0005000000000000000,0.001,18.472972972972975,-11.768858366384727,1.6952826611634222,0.00933455193988771,0.6938485932977212,5.42230005944259,7.341835469136716,-26.94705211008924,84.73095597758464,1.3537407393639131,0.21637212604261483,18472972972.97297
0.0039,0.005889999999999999,0.0002000000000000000,0.001574,3,0.029500000000000002,0.007,0.00003500000000000000,0.0005000000000000000,0.001,18.513513513513516,-11.95092746563528,1.6759855046112206,0.009361872804798515,0.7904225764814732,5.259778018140894,7.209674157258311,-26.705624217935203,83.79905477893898,-0.1090727355346743,0.2280735076971746,18513513513.51352
0.0039,0.005889999999999999,0.0002000000000000000,0.001574,3,0.029500000000000002,0.007,0.00003500000000000000,0.0005000000000000000,0.001,18.554054054054056,-12.171050002441142,1.6535419262017121,0.00939341034453391,0.8929497642906052,5.073224369984963,7.052840699837906,-26.431657989542746,82.63064234065236,-1.5600771162254574,0.24210898468463618,18554054054.05405
0.0039,0.005889999999999999,0.0002000000000000000,0.001574,3,0.029500000000000002,0.007,0.00003500000000000000,0.0005000000000000000,0.001,18.594594594594597,-12.438189813880676,1.62753702358235,0.009429598027582543,1.0440944085395507,4.914974575252346,6.91521275605353,-26.126186550706233,81.20492905202357,-2.946058130075455,0.25875465127581304,18594594594.59460
0.0039,0.005889999999999999,0.0002000000000000000,0.001574,3,0.029500000000000002,0.007,0.00003500000000000000,0.0005000000000000000,0.001,18.635135135135137,-12.762639600815186,1.59765309427797,0.009470658382732117,1.3517480990451916,4.9072979065094575,6.9084242342334505,-25.792874421133437,79.51681149169124,-4.200153769251694,0.2781841530511921,18635135135.13514
0.0039,0.005889999999999999,0.0002000000000000000,0.001574,3,0.029500000000000002,0.007,0.00003500000000000000,0.0005000000000000000,0.001,18.675675675675677,-13.155403416259762,1.563781529618686,0.009516429656646341,1.7525442973970475,4.984101023054452,6.975868364822629,-25.43858365002115,77.58542711698537,-5.247232062434985,0.3003776347726116,18675675675.67567
0.0039,0.005889999999999999,0.0002000000000000000,0.001574,3,0.029500000000000002,0.007,0.00003500000000000000,0.0005000000000000000,0.001,18.716216216216218,-13.626828813747904,1.5261624247989245,0.0095661724595707,2.1195979200309627,5.012440137478939,7.0004919897131845,-25.073512008728933,75.46081426657865,-6.014904581384544,0.32502037947762874,18716216216.21622
0.0039,0.005889999999999999,0.0002000000000000000,0.001574,3,0.029500000000000002,0.007,0.00003500000000000000,0.0005000000000000000,0.001,18.756756756756758,-14.184196350010714,1.4855204447332917,0.009618424602775842,2.4331733661940196,4.982895385477448,6.974817693731842,-24.71060487779296,73.2247364993898,-6.449472538855412,0.351427357766503,18756756756.75676
0.0039,0.005889999999999999,0.0002000000000000000,0.001574,3,0.029500000000000002,0.007,0.00003500000000000000,0.0005000000000000000,0.001,18.7972972972973,-14.828195503882021,1.4431370404912487,0.00967101170268811,2.8211994081972795,5.058206022648896,7.039965143475265,-24.36404664707237,70.98220145533305,-6.533105345589519,0.3785501533674078,18797297297.29730
0.0039,0.005889999999999999,0.0002000000000000000,0.001574,3,0.029500000000000002,0.007,0.00003500000000000000,0.0005000000000000000,0.001,18.83783783783784,-15.54887988714009,1.4007825801870002,0.009721316015481265,3.2162059387944004,5.17649956185821,7.140361815882442,-24.046905265300268,68.84322370951686,-6.296263493435458,0.4051206793663872,18837837837.83784
0.0039,0.005889999999999999,0.0002000000000000000,0.001574,3,0.029500000000000002,0.007,0.00003500000000000000,0.0005000000000000000,0.001,18.878378378378383,-16.32302521824603,1.3604485450742072,0.009766816681717467,3.5116206809181536,5.22095017875588,7.177495489481913,-23.768344445521024,66.8987465130153,-5.820194305293197,0.42994462025293906,18878378378.37838
0.0039,0.005889999999999999,0.0002000000000000000,0.001574,3,0.029500000000000002,0.007,0.00003500000000000000,0.0005000000000000000,0.001,18.91891891891892,-17.116754544752553,1.323872929597326,0.009805766316856644,3.708776220729523,5.19346142397358,7.154569101134603,-23.530977487641174,65.19685952263953,-5.228838697430455,0.4522938806493436,18918918918.91892
0.0039,0.005889999999999999,0.0002000000000000000,0.001574,3,0.029500000000000002,0.007,0.00003500000000000000,0.0005000000000000000,0.001,18.959459459459463,-17.898967701899778,1.2919101551980252,0.009837780435998698,3.8140753371499048,5.095244805727852,7.071650549219615,-23.328603956547372,63.722086418486306,-4.674691863883971,0.47232668089472934,18959459459.45946
0.0039,0.005889999999999999,0.0002000000000000000,0.001574,3,0.029500000000000002,0.007,0.00003500000000000000,0.0005000000000000000,0.001,19,-18.671269357719428,1.2637998600774383,0.009864208350381915,3.8359280627649017,4.920554750469035,6.920140685165278,-23.143590254502385,62.370498741884276,-4.323242857893502,0.49156249259373735,19000000000.00000
0.0039,0.005889999999999999,0.0002000000000000000,0.0018000000000000002,3,0.029500000000000002,0.007,0.00003500000000000000,0.0005000000000000000,0.001,16,-6.785685512254388,2.688962197199197,0.007903806119608349,-2.7496210081585266,5.327911665979906,7.265570158440186,-31.036828381946727,109.67873866430409,47.49840488042336,0.099650821513377,16000000000.00000
0.0039,0.005889999999999999,0.0002000000000000000,0.0018000000000000002,3,0.029500000000000002,0.007,0.00003500000000000000,0.0005000000000000000,0.001,16.04054054054054,-6.810307650117084,2.6801648193272105,0.007915656775041888,-2.6606044271874647,5.283268849556746,7.229027111806225,-30.90476199079518,110.13285604528276,46.73387890206486,0.10257389475672096,16040540540.54054
0.0039,0.005889999999999999,0.0002000000000000000,0.0018000000000000002,3,0.029500000000000002,0.007,0.00003500000000000000,0.0005000000000000000,0.001,16.08108108108108,-6.836732615416481,2.670797356819157,0.007928300608624109,-2.567852386317969,5.2319743060354265,7.186656025229325,-30.762707327006535,110.56595683934731,45.93514821239975,0.10581546843116776,16081081081.08108
0.0039,0.005889999999999999,0.0002000000000000000,0.0018000000000000002,3,0.029500000000000002,0.007,0.00003500000000000000,0.0005000000000000000,0.001,16.121621621621625,-6.865122599057339,2.660817755950593,0.00794179921220819,-2.4712779786412584,5.174139045690807,7.138380954212764,-30.610469904280322,110.97420229336747,45.101806806693986,0.10940422819911559,16121621621.62162
0.0039,0.005889999999999999,0.0002000000000000000,0.0018000000000000002,3,0.029500000000000002,0.007,0.00003500000000000000,0.0005000000000000000,0.001,16.162162162162165,-6.89565019955594,2.6501831345357116,0.007956216069931193,-2.370893408723849,5.109915619642499,7.0841372866187315,-30.44796500624161,111.35334411122277,44.23383082883546,0.11336968252623107,16162162162.16216
0.0039,0.005889999999999999,0.0002000000000000000,0.0018000000000000002,3,0.029500000000000002,0.007,0.00003500000000000000,0.0005000000000000000,0.001,16.202702702702705,-6.928496971521119,2.638850683231536,0.007971615408261351,-2.2598236068480846,5.04762379546742,7.030869790330298,-30.275230017839828,111.69872209267245,43.33169070700308,0.11774179712524233,16202702702.70270
0.0039,0.005889999999999999,0.0002000000000000000,0.0018000000000000002,3,0.029500000000000002,0.007,0.00003500000000000000,0.0005000000000000000,0.001,16.243243243243246,-6.96385081153378,2.6267789614479797,0.00798806049206504,-2.1145289778177445,5.014553276116098,7.002322497474278,-30.09243802488355,112.00528263645428,42.396482971685856,0.12255043368109897,16243243243.24324
0.0039,0.005889999999999999,0.0002000000000000000,0.0018000000000000002,3,0.029500000000000002,0.007,0.00003500000000000000,0.0005000000000000000,0.001,16.283783783783782,-7.001901787598367,2.613929680741041,0.008005611224663834,-1.9657584272901558,4.975192939086187,6.9680992744470105,-29.899912744723466,112.26762667347498,41.43008068485112,0.1278245374432022,16283783783.78378
0.0039,0.005889999999999999,0.0002000000000000000,0.0018000000000000002,3,0.029500000000000002,0.007,0.00003500000000000000,0.0005000000000000000,0.001,16.324324324324326,-7.0428359396571105,2.6002700728465915,0.0080243208981504,-1.814132497796856,4.929575323964371,6.928095070250945,-29.698144687079203,112.48009715225942,40.435298838040985,0.13359101304427295,16324324324.32432
0.0039,0.005889999999999999,0.0002000000000000000,0.0018000000000000002,3,0.029500000000000002,0.007,0.00003500000000000000,0.0005000000000000000,0.001,16.364864864864867,-7.086826512036382,2.585775933194168,0.008044231942308704,-1.660434174097796,4.877777509171632,6.88221986887363,-29.487808200187267,112.63691730519342,39.416067377405334,0.13987322736905108,16364864864.86486
0.0039,0.005889999999999999,0.0002000000000000000,0.0018000000000000002,3,0.029500000000000002,0.007,0.00003500000000000000,0.0005000000000000000,0.001,16.405405405405407,-7.134022048524827,2.570435406404722,0.00806537054737643,-1.5056244157583665,4.81991916446187,6.8303975468645595,-29.269778712844005,112.73239102849942,38.37759954987524,0.146689086400188,16405405405.40541
0.0039,0.005889999999999999,0.0002000000000000000,0.0018000000000000002,3,0.029500000000000002,0.007,0.00003500000000000000,0.0005000000000000000,0.001,16.445945945945947,-7.184530825409344,2.554253528388442,0.008087740102359938,-1.3508556630480606,4.756160729488828,6.772565227234808,-29.04514902172823,112.76117503681694,37.32653711704296,0.15404865504635518,16445945945.94595
0.0039,0.005889999999999999,0.0002000000000000000,0.0018000000000000002,3,0.029500000000000002,0.007,0.00003500000000000000,0.0005000000000000000,0.001,16.486486486486488,-7.238401272179428,2.5372574493745903,0.008111313514296278,-1.1974811864016213,4.686702200435153,6.708673587225508,-28.81524289511546,112.71862805717474,36.27104711324016,0.16195133138007245,16486486486.48649
0.0039,0.005889999999999999,0.0002000000000000000,0.0018000000000000002,3,0.029500000000000002,0.007,0.00003500000000000000,0.0005000000000000000,0.001,16.527027027027028,-7.295598402967535,2.5195021240040223,0.008136024671710486,-1.0470575827969866,4.611782942621422,6.638688586746754,-28.581623600814705,112.60123424390392,35.22083829447299,0.17038265565106916,16527027027.02703
0.0039,0.005889999999999999,0.0002000000000000000,0.0018000000000000002,3,0.029500000000000002,0.007,0.00003500000000000000,0.0005000000000000000,0.001,16.56756756756757,-7.355976927810058,2.5010760646943293,0.008161759597365169,-0.9013372408795679,4.5316828091513806,6.562595042239851,-28.346094297240903,112.40708558563543,34.187061044008814,0.1793109335718918,16567567567.56757
0.0039,0.005889999999999999,0.0002000000000000000,0.0018000000000000002,3,0.029500000000000002,0.007,0.00003500000000000000,0.0005000000000000000,0.001,16.60810810810811,-7.419252684047249,2.482106522027003,0.00818834819266266,-0.7089719933946885,4.50160901894496,6.533677722530325,-28.11068669729858,112.13639154337527,33.18205482638218,0.18868397998231543,16608108108.10811
0.0039,0.005889999999999999,0.0002000000000000000,0.0018000000000000002,3,0.029500000000000002,0.007,0.00003500000000000000,0.0005000000000000000,0.001,16.64864864864865,-7.484975312459893,2.4627632114627374,0.008215557867798297,-0.4553908905744367,4.537967631250589,6.568613937923304,-27.877634238211286,111.79196519258149,32.21891524518588,0.19842642923730336,16648648648.64865
0.0039,0.005889999999999999,0.0002000000000000000,0.0018000000000000002,3,0.029500000000000002,0.007,0.00003500000000000000,0.0005000000000000000,0.001,16.68918918918919,-7.552506562066642,2.443259508203738,0.00824309069165607,-0.2071129207988755,4.5741608104525495,6.603114287150933,-27.649326427552843,111.37961741784994,31.310870790744534,0.2084381832549561,16689189189.18919
0.0039,0.005889999999999999,0.0002000000000000000,0.0018000000000000002,3,0.029500000000000002,0.007,0.00003500000000000000,0.0005000000000000000,0.001,16.729729729729733,-7.621009917260261,2.4238499685406,0.008270585849047878,0.034222700584315244,4.610868939190649,6.6378277786997595,-27.42824233809469,110.90837985365448,30.47048801726464,0.21859463167637533,16729729729.72973
0.0039,0.005889999999999999,0.0002000000000000000,0.0018000000000000002,3,0.029500000000000002,0.007,0.00003500000000000000,0.0005000000000000000,0.001,16.770270270270274,-7.68945786991009,2.4048232067441133,0.00829762899778299,0.26694495517271005,4.648735766269305,6.673348616245905,-27.21686353283349,110.39047982046803,29.708760328677457,0.22874922633622172,16770270270.27027
0.0039,0.005889999999999999,0.0002000000000000000,0.0018000000000000002,3,0.029500000000000002,0.007,0.00003500000000000000,0.0005000000000000000,0.001,16.81081081081081,-7.756662448736272,2.386489640413848,0.008323769436348686,0.4894104548860931,4.688328992122404,6.710180796418863,-27.01756992155721,109.84101169319142,29.034172681405657,0.2387387776017971,16810810810.81081
0.0039,0.005889999999999999,0.0002000000000000000,0.0018000000000000002,3,0.029500000000000002,0.007,0.00003500000000000000,0.0005000000000000000,0.001,16.85135135135135,-7.821332012169369,2.3691644217181858,0.008348544792552244,0.7000703601988884,4.7301007593327515,6.748703920604622,-26.83252574406184,109.27728989030135,28.45186172552464,0.24839145071727628,16851351351.35135
0.0039,0.005889999999999999,0.0002000000000000000,0.0018000000000000002,3,0.029500000000000002,0.007,0.00003500000000000000,0.0005000000000000000,0.001,16.89189189189189,-7.882152714596124,2.3531468866935565,0.00837151137808337,0.8975385267476704,4.774351059435674,6.789143496456552,-26.66356625129677,108.71792323939279,27.962997059587163,0.2575369232988351,16891891891.89189
0.0039,0.005889999999999999,0.0002000000000000000,0.0018000000000000002,3,0.029500000000000002,0.007,0.00003500000000000000,0.0005000000000000000,0.001,16.93243243243243,-7.937887184299569,2.338698839789455,0.008392276789847627,1.0806532885941027,4.821197243606765,6.831548995928799,-26.51209771629775,108.18170635508392,27.56448727441147,0.26601763571778764,16932432432.43243
0.0039,0.005889999999999999,0.0002000000000000000,0.0018000000000000002,3,0.029500000000000002,0.007,0.00003500000000000000,0.0005000000000000000,0.001,16.972972972972975,-7.987477403381443,2.326024629560099,0.00841053027704802,1.2485253533058525,4.870552625498647,6.875782401855729,-26.3790232628228,107.6864648991539,27.249065513651615,0.2736996834639,16972972972.97297
0.0039,0.005889999999999999,0.0002000000000000000,0.0018000000000000002,3,0.029500000000000002,0.007,0.00003500000000000000,0.0005000000000000000,0.001,17.013513513513516,-8.030135611116012,2.3152559874848344,0.008426066283346911,1.4005659889180624,4.922116577937347,6.921518955421866,-26.264704254841753,107.2480047102653,27.005744192878687,0.28048181129798433,17013513513.51351
0.0039,0.005889999999999999,0.0002000000000000000,0.0018000000000000002,3,0.029500000000000002,0.007,0.00003500000000000000,0.0005000000000000000,0.001,17.054054054054056,-8.06540788362023,2.3064438944155627,0.008438797594976332,1.5364927634910621,4.9753776151323095,6.968260478846985,-26.168962011027652,106.87929467843834,26.82056461093448,0.28630123964720716,17054054054.05405
0.0039,0.005889999999999999,0.0002000000000000000,0.0018000000000000002,3,0.029500000000000002,0.007,0.00003500000000000000,0.0005000000000000000,0.001,17.094594594594597,-8.093200133814925,2.2995584594910325,0.008448756457555828,1.656313824080442,5.029629842774383,7.015360241899497,-26.091118503901143,106.58996570638527,26.677521770531158,0.29113562955915806,17094594594.59460
0.0039,0.005889999999999999,0.0002000000000000000,0.0018000000000000002,3,0.029500000000000002,0.007,0.00003500000000000000,0.0005000000000000000,0.001,17.135135135135137,-8.113764177336702,2.2944963089303236,0.008456084304558966,1.760295119025697,5.084002004348225,7.062057131009325,-26.030068970949994,106.38614752146574,26.559528427969383,0.295001211007798,17135135135.13514
0.0039,0.005889999999999999,0.0002000000000000000,0.0018000000000000002,3,0.029500000000000002,0.007,0.00003500000000000000,0.0005000000000000000,0.001,17.175675675675677,-8.127649633413023,2.291093717357073,0.008461012697559842,1.848917244302767,5.1374973002348145,7.1075160666156005,-25.984375354285486,106.27060841446382,26.449295705143893,0.2979477552411749,17175675675.67568
0.0039,0.005889999999999999,0.0002000000000000000,0.0018000000000000002,3,0.029500000000000002,0.007,0.00003500000000000000,0.0005000000000000000,0.001,17.216216216216218,-8.135633244857846,2.2891429924160813,0.008463839210629832,1.9228293051606609,5.18904131446224,7.150871285040513,-25.95236793603961,106.24312327102399,26.330042105791964,0.3000514998651152,17216216216.21622
0.0039,0.005889999999999999,0.0002000000000000000,0.0018000000000000002,3,0.029500000000000002,0.007,0.00003500000000000000,0.0005000000000000000,0.001,17.256756756756758,-8.13863933527789,2.2884095439932337,0.00846490213926715,1.9828063966042881,5.23753480379071,7.191269219016135,-25.93224340543027,106.30097803797486,26.18598574350942,0.3014072661061128,17256756756.75676
0.0039,0.005889999999999999,0.0002000000000000000,0.0018000000000000002,3,0.029500000000000002,0.007,0.00003500000000000000,0.0005000000000000000,0.001,17.2972972972973,-8.137663735615902,2.2886475144198557,0.008464557255957747,2.0297154688863173,5.281907782215332,7.227908145110737,-25.92215020632036,106.43952199075002,26.002614141370216,0.3021208739916346,17297297297.29730
0.0039,0.005889999999999999,0.0002000000000000000,0.0018000000000000002,3,0.029500000000000002,0.007,0.00003500000000000000,0.0005000000000000000,0.001,17.33783783783784,-8.133709886387669,2.2896125727081635,0.008463158740963686,2.0644920608689548,5.321171229634373,7.260072342844021,-25.920255413129848,106.6526960143617,25.766754511863148,0.3023026622238563,17337837837.83784
0.0039,0.005889999999999999,0.0002000000000000000,0.0018000000000000002,3,0.029500000000000002,0.007,0.00003500000000000000,0.0005000000000000000,0.001,17.378378378378383,-8.127741560946843,2.2910712322966713,0.00846104527310843,2.08812819513777,5.35446280536718,7.287159060983184,-25.924790677179214,106.93348747091909,25.46648250093876,0.30206257020104726,17378378378.37838
0.0039,0.005889999999999999,0.0002000000000000000,0.0018000000000000002,3,0.029500000000000002,0.007,0.00003500000000000000,0.0005000000000000000,0.001,17.41891891891892,-8.12065301942303,2.292806658882413,0.008458531344758267,2.101669985976614,5.381083092936385,7.3086969833252535,-25.93407736723845,107.27428334344256,25.09091050629039,0.3015069311195459,17418918918.91892
0.0039,0.005889999999999999,0.0002000000000000000,0.0018000000000000002,3,0.029500000000000002,0.007,0.00003500000000000000,0.0005000000000000000,0.001,17.459459459459463,-8.113255025565332,2.2946213123820014,0.008455903290632977,2.1062223531300144,5.400519085301138,7.324355052021145,-25.946532625462602,107.66710896315489,24.629891490244823,0.3007369079018923,17459459459.45946
0.0039,0.005889999999999999,0.0002000000000000000,0.0018000000000000002,3,0.029500000000000002,0.007,0.00003500000000000000,0.0005000000000000000,0.001,17.5,-8.106274109951174,2.2963369160520064,0.008453419290201554,2.1029576322624126,5.412451787754125,7.333940408338285,-25.96065867060291,108.10374789574121,24.073664785851932,0.29984839076259906,17500000000.00000
0.0039,0.005889999999999999,0.0002000000000000000,0.0018000000000000002,3,0.029500000000000002,0.007,0.00003500000000000000,0.0005000000000000000,0.001,17.540540540540544,-8.100362483360717,2.2977922131631443,0.008451312647483436,2.0931247039121357,5.416744920077774,7.337383847083045,-25.97501746043725,108.57573927704054,23.412460310242338,0.298933154931763,17540540540.54054
0.0039,0.005889999999999999,0.0002000000000000000,0.0018000000000000002,3,0.029500000000000002,0.007,0.00003500000000000000,0.0005000000000000000,0.001,17.581081081081084,-8.096116736150954,2.2988388167973857,0.00844979788033462,2.078055365375135,5.413411688914047,7.3347105635853325,-25.98819199096757,109.07424262170443,22.636069669468224,0.2980811274265422,17581081081.08108
0.0039,0.005889999999999999,0.0002000000000000000,0.0018000000000000002,3,0.029500000000000002,0.007,0.00003500000000000000,0.0005000000000000000,0.001,17.62162162162162,-8.094104599798829,2.2993352320455864,0.00844907948743199,2.05916488575826,5.402556440414049,7.3259931264594815,-25.998734281742788,109.58974755708256,21.733389226010118,0.29738371051464885,17621621621.62162
0.0039,0.005889999999999999,0.0002000000000000000,0.0018000000000000002,3,0.029500000000000002,0.007,0.00003500000000000000,0.0005000000000000000,0.001,17.662162162162165,-8.094900409014903,2.29913886591728,0.008449363654929785,2.0379438669394405,5.3842877089365535,7.311282583231127,-26.005098693728215,110.1115875414507,20.691943871341604,0.29693823883808523,17662162162.16216
0.0039,0.005889999999999999,0.0002000000000000000,0.0018000000000000002,3,0.029500000000000002,0.007,0.00003500000000000000,0.0005000000000000000,0.001,17.7027027027027,-8.09913142116109,2.2980955567858516,0.008450873590396896,2.0159385474233362,5.358598905070409,7.290512510100749,-26.005557907643365,110.62719284555563,19.497414695408526,0.2968537938948584,17702702702.70270
0.0039,0.005889999999999999,0.0002000000000000000,0.0018000000000000002,3,0.029500000000000002,0.007,0.00003500000000000000,0.0005000000000000000,0.001,17.743243243243246,-8.107538852200644,2.296025862900841,0.008453869616249986,1.9947164028585938,5.3252130957622335,7.263369913524553,-25.998098056312617,111.1209901166348,18.133224957335695,0.29725875117780104,17743243243.24324
0.0039,0.005889999999999999,0.0002000000000000000,0.0018000000000000002,3,0.029500000000000002,0.007,0.00003500000000000000,0.0005000000000000000,0.001,17.783783783783782,-8.121059457592107,2.292707066367621,0.008458675597657766,1.9758131857408332,5.283390050372662,7.2291267399783,-25.980289859610046,111.57282766161067,16.580296353145116,0.2983105718141493,17783783783.78378
0.0039,0.005889999999999999,0.0002000000000000000,0.0018000000000000002,3,0.029500000000000002,0.007,0.00003500000000000000,0.0005000000000000000,0.001,17.824324324324326,-8.1409358074328,2.287849624805979,0.008465713657198596,1.9606562932922285,5.231698967641461,7.186427466974388,-25.949135424815065,111.95578800585227,14.817185837352886,0.30020842955150256,17824324324.32433
0.0039,0.005889999999999999,0.0002000000000000000,0.0018000000000000002,3,0.029500000000000002,0.007,0.00003500000000000000,0.0005000000000000000,0.001,17.864864864864867,-8.168866080433641,2.281066762021925,0.0084755492722622,1.9504575078082849,5.167772479652531,7.1330338482322055,-25.90089781068983,112.23326782154015,12.820970294336378,0.30320919399341645,17864864864.86486
0.0039,0.005889999999999999,0.0002000000000000000,0.0018000000000000002,3,0.029500000000000002,0.007,0.00003500000000000000,0.0005000000000000000,0.001,17.905405405405407,-8.207206991524394,2.2718363032646707,0.008488948379847653,1.946065871621625,5.088081532035769,7.065540618835833,-25.83093582017726,112.35531332670904,10.569476920426169,0.3076468872457034,17905405405.40541
0.0039,0.005889999999999999,0.0002000000000000000,0.0018000000000000002,3,0.029500000000000002,0.007,0.00003500000000000000,0.0005000000000000000,0.001,17.945945945945947,-8.259245574676914,2.2594552643682695,0.008506946250324561,1.980833806719863,5.025930310527022,7.01216462377649,-25.73359392906978,112.25449537922368,8.045749267762666,0.31395464891007757,17945945945.94595
0.0039,0.005889999999999999,0.0002000000000000000,0.0018000000000000002,3,0.029500000000000002,0.007,0.00003500000000000000,0.0005000000000000000,0.001,17.986486486486488,-8.329555012392156,2.242991040345341,0.008530923205251695,2.1043111450694636,5.030962935843252,7.016511177992035,-25.60223970805716,111.84224602367674,5.245896581633889,0.3226859057279544,17986486486.48649
0.0039,0.005889999999999999,0.0002000000000000000,0.0018000000000000002,3,0.029500000000000002,0.007,0.00003500000000000000,0.0005000000000000000,0.001,18.027027027027028,-8.424442402202866,2.221239740322845,0.008562672417647861,2.338778655071801,5.122083411339374,7.094466465239494,-25.42959451490951,111.0077226870758,2.1914087132740123,0.33452703322521776,18027027027.02703
0.0039,0.005889999999999999,0.0002000000000000000,0.0018000000000000002,3,0.029500000000000002,0.007,0.00003500000000000000,0.0005000000000000000,0.001,18.06756756756757,-8.552474489921085,2.192713890981733,0.008604427024425435,2.7400786279093765,5.365180978310475,7.295843761726011,-25.20854557766902,109.6228993004199,-1.0539852252313906,0.350286569877315,18067567567.56757
0.0039,0.005889999999999999,0.0002000000000000000,0.0018000000000000002,3,0.029500000000000002,0.007,0.00003500000000000000,0.0005000000000000000,0.001,18.10810810810811,-8.725018199989986,2.1556986838964627,0.008658785685236698,3.129416971621372,5.543184060980945,7.4375929954523015,-24.93360611887504,107.5590191957661,-4.365689783015458,0.370836435205123,18108108108.10811
0.0039,0.005889999999999999,0.0002000000000000000,0.0018000000000000002,3,0.029500000000000002,0.007,0.00003500000000000000,0.0005000000000000000,0.001,18.14864864864865,-8.956639582357042,2.108433336278749,0.008728442388875551,3.492941113646026,5.630323082603491,7.50533316514944,-24.603024554047472,104.71875054351435,-7.545816930828111,0.3969728404880812,18148648648.64865
0.0039,0.005889999999999999,0.0002000000000000000,0.0018000000000000002,3,0.029500000000000002,0.007,0.00003500000000000000,0.0005000000000000000,0.001,18.18918918918919,-9.265056005230724,2.049475661444641,0.008815610906605185,3.813770675224548,5.607215136107869,7.487472193109232,-24.22117738252989,101.08211709579301,-10.330575326923258,0.42917048626410814,18189189189.18919
0.0039,0.005889999999999999,0.0002000000000000000,0.0018000000000000002,3,0.029500000000000002,0.007,0.00003500000000000000,0.0005000000000000000,0.001,18.22972972972973,-9.67015012488657,1.9782627048333596,0.008921090573651553,4.104503837144536,5.506904615790805,7.409075542015534,-23.800392218096157,96.75123815327039,-12.430805113613829,0.467243027752134,18229729729.72973
0.0039,0.005889999999999999,0.0002000000000000000,0.0018000000000000002,3,0.029500000000000002,0.007,0.00003500000000000000,0.0005000000000000000,0.001,18.270270270270274,-10.191416495164036,1.8957602234370499,0.009043118076277773,4.392912356878061,5.391552561276168,7.3171384342493955,-23.36104406262157,91.96618882637819,-13.604693614980095,0.5100084741456389,18270270270.27027
0.0039,0.005889999999999999,0.0002000000000000000,0.0018000000000000002,3,0.029500000000000002,0.007,0.00003500000000000000,0.0005000000000000000,0.001,18.31081081081081,-10.843291831828415,1.8049282372977684,0.009176486322158124,4.584178518467528,5.176089417685759,7.1400177022480165,-22.929074967637014,87.06833471660879,-13.735756499260885,0.5551573341437329,18310810810.81081
0.0039,0.005889999999999999,0.0002000000000000000,0.0018000000000000002,3,0.029500000000000002,0.007,0.00003500000000000000,0.0005000000000000000,0.001,18.351351351351354,-11.628288347788391,1.7106572459069445,0.009312660717494618,4.666890643425997,4.8851642415353345,6.8887916948640315,-22.531163242874364,82.41693777147064,-12.873657523245036,0.5995285852009736,18351351351.35135
0.0039,0.005889999999999999,0.0002000000000000000,0.0018000000000000002,3,0.029500000000000002,0.007,0.00003500000000000000,0.0005000000000000000,0.001,18.39189189189189,-12.52872847319508,1.6190157263157485,0.009441366272495663,4.638871162127318,4.5481450014546265,6.57834302173956,-22.189123397912876,78.29898339557815,-11.213293266937836,0.6398126376106869,18391891891.89189
0.0039,0.005889999999999999,0.0002000000000000000,0.0018000000000000002,3,0.029500000000000002,0.007,0.00003500000000000000,0.0005000000000000000,0.001,18.432432432432435,-13.499167304299833,1.5360408380931991,0.009553230754638525,4.968174402109698,4.661691054378813,6.685434880124328,-21.915757797117354,74.87641078238394,-9.027885062450808,0.6734013026994381,18432432432.43243
0.0039,0.005889999999999999,0.0002000000000000000,0.0018000000000000002,3,0.029500000000000002,0.007,0.00003500000000000000,0.0005000000000000000,0.001,18.472972972972975,-14.463830376182642,1.4665502795440988,0.009642219256377173,5.207648259902581,4.745765860434993,6.763063078321332,-21.71364479072379,72.18516613914542,-6.596499190210076,0.6989699711276322,18472972972.97297
0.0039,0.005889999999999999,0.0002000000000000000,0.0018000000000000002,3,0.029500000000000002,0.007,0.00003500000000000000,0.0005000000000000000,0.001,18.513513513513516,-15.326905849010561,1.413300706401836,0.009706701788236644,5.345036608447389,4.77799307090608,6.792455155960616,-21.576701674278652,70.16819099488025,-4.157549990341363,0.7165692133960271,18513513513.51352
0.0039,0.005889999999999999,0.0002000000000000000,0.0018000000000000002,3,0.029500000000000002,0.007,0.00003500000000000000,0.0005000000000000000,0.001,18.554054054054056,-16.003336998933854,1.3765061685784614,0.009749004289138233,5.400615454840311,4.767892925654291,6.783264937288988,-21.493046867837748,68.71439402604328,-1.895409754905607,0.7273359463157606,18554054054.05405
0.0039,0.005889999999999999,0.0002000000000000000,0.0018000000000000002,3,0.029500000000000002,0.007,0.00003500000000000000,0.0005000000000000000,0.001,18.594594594594597,-16.462873049415535,1.353673543032366,0.00977420584518257,5.391393094204192,4.7202700621012585,6.739668467538149,-21.44746056285024,67.68359683305465,0.04969467219858011,0.7331156028532888,18594594594.59460
0.0039,0.005889999999999999,0.0002000000000000000,0.0018000000000000002,3,0.029500000000000002,0.007,0.00003500000000000000,0.0005000000000000000,0.001,18.635135135135137,-16.759287051724158,1.3397917706647449,0.009789102566417927,5.327541172949877,4.6315525132266275,6.657265925103074,-21.422295963148823,66.90699129197807,1.5632873336956163,0.7362537584237637,18635135135.13514
0.0039,0.005889999999999999,0.0002000000000000000,0.0018000000000000002,3,0.029500000000000002,0.007,0.00003500000000000000,0.0005000000000000000,0.001,18.675675675675677,-17.030151109238666,1.3276499560108623,0.009801854191861954,5.206642852345365,4.483427897910447,6.516101898658071,-21.396376667832293,66.15454504710145,2.5485857564380825,0.7396974054296709,18675675675.67567
0.0039,0.005889999999999999,0.0002000000000000000,0.0018000000000000002,3,0.029500000000000002,0.007,0.00003500000000000000,0.0005000000000000000,0.001,18.716216216216218,-17.497996584813286,1.30782430990451,0.009822090007439435,5.001198654043312,4.232358406750692,6.265824377330196,-21.342586627372064,65.06208414991639,2.9716674905295157,0.7473730403220532,18716216216.21622
0.0039,0.005889999999999999,0.0002000000000000000,0.0018000000000000002,3,0.029500000000000002,0.007,0.00003500000000000000,0.0005000000000000000,0.001,18.756756756756758,-18.51100438282687,1.269374127015707,0.00985910370868619,5.389128308948284,4.526648615470485,6.557767833653526,-21.230265174547355,63.07109743949856,3.068553077492985,0.7640751010317137,18756756756.75676
0.0039,0.005889999999999999,0.0002000000000000000,0.0018000000000000002,3,0.029500000000000002,0.007,0.00003500000000000000,0.0005000000000000000,0.001,18.7972972972973,-20.438249030200662,1.2101392542216227,0.009909598612331821,6.160819285134494,5.2208031680880085,7.177373199824762,-21.055993276981457,59.73247486675451,3.7765233370375118,0.7913062729352836,18797297297.29730
0.0039,0.005889999999999999,0.0002000000000000000,0.0018000000000000002,3,0.029500000000000002,0.007,0.00003500000000000000,0.0005000000000000000,0.001,18.83783783783784,-21.660451022475424,1.1800729481091554,0.009931773216425526,6.773067656046798,5.835491223972195,7.660774202581816,-20.91743860402,55.84993722565495,6.52004516504198,0.8151346325262191,18837837837.83784
0.0039,0.005889999999999999,0.0002000000000000000,0.0018000000000000002,3,0.029500000000000002,0.007,0.00003500000000000000,0.0005000000000000000,0.001,18.878378378378383,-19.00303829239553,1.252664744844911,0.009874195501519991,6.93759454065302,6.09492494203811,7.849683617248051,-20.967071859922246,53.50369324062244,11.138195479386564,0.8105710569598615,18878378378.37838
0.0039,0.005889999999999999,0.0002000000000000000,0.0018000000000000002,3,0.029500000000000002,0.007,0.00003500000000000000,0.0005000000000000000,0.001,18.91891891891892,-16.26361764444274,1.363371747334362,0.009763605027744452,6.842339833370201,6.202207290132677,7.9254627713129,-21.18702091437127,53.30436318578486,15.722616445403562,0.7792695494894668,18918918918.91892
0.0039,0.005889999999999999,0.0002000000000000000,0.0018000000000000002,3,0.029500000000000002,0.007,0.00003500000000000000,0.0005000000000000000,0.001,18.959459459459463,-14.615841136229854,1.4566083728512498,0.009654525587962913,6.5531987073311555,6.096298494566614,7.850662233199698,-21.450154146673803,54.22231124588103,19.24127873322156,0.7417433261153841,18959459459.45946
0.0039,0.005889999999999999,0.0002000000000000000,0.0018000000000000002,3,0.029500000000000002,0.007,0.00003500000000000000,0.0005000000000000000,0.001,19,-13.61361785665309,1.5271744127489888,0.009564850775046738,6.223420324405138,5.915741718062441,7.72009204393667,-21.689889731339235,55.39109214979279,21.79301338931621,0.7084885371305889,19000000000.00000
0.0039,0.005889999999999999,0.0002200000000000000,0.001574,3,0.029500000000000002,0.007,0.00003500000000000000,0.0005000000000000000,0.001,16,-9.37587872182098,2.029322888838112,0.008845451642381708,-4.5142169583504455,6.90477096146576,8.391492771476246,-33.43850960407539,82.9784697113207,32.84152209571163,0.05121875610513805,16000000000.00000
0.0039,0.005889999999999999,0.0002200000000000000,0.001574,3,0.029500000000000002,0.007,0.00003500000000000000,0.0005000000000000000,0.001,16.04054054054054,-9.400900603283986,2.0248446735164345,0.008852084448236498,-4.44057125998825,6.856702471871251,8.361153048353689,-33.33126882421493,83.2026526975367,32.48822971400196,0.05245991338035659,16040540540.54054
0.0039,0.005889999999999999,0.0002200000000000000,0.001574,3,0.029500000000000002,0.007,0.00003500000000000000,0.0005000000000000000,0.001,16.08108108108108,-9.426851555192439,2.020227692259471,0.008858923281568547,-4.365020785020147,6.802132351586517,8.326450779060963,-33.21766215704736,83.42091475012383,32.1256048990611,0.05380874259981488,16081081081.08108
0.0039,0.005889999999999999,0.0002200000000000000,0.001574,3,0.029500000000000002,0.007,0.00003500000000000000,0.0005000000000000000,0.001,16.121621621621625,-9.45379194080534,2.0154640686946523,0.00886597975999241,-4.287287409632964,6.74136168918804,8.287476286377704,-33.09749634080555,83.63258885090332,31.753527065690374,0.055274348245425015,16121621621.62162
0.0039,0.005889999999999999,0.0002200000000000000,0.001574,3,0.029500000000000002,0.007,0.00003500000000000000,0.0005000000000000000,0.001,16.162162162162165,-9.481785660700409,2.010545639412891,0.008873265911089378,-4.207112231966656,6.674746714763926,8.244347902662115,-32.97062516955761,83.83694703253498,31.37191324819631,0.056866170984390126,16162162162.16216
0.0039,0.005889999999999999,0.0002200000000000000,0.001574,3,0.029500000000000002,0.007,0.00003500000000000000,0.0005000000000000000,0.001,16.202702702702705,-9.510899897007384,2.005464034280443,0.00888079405004375,-4.124262767100532,6.602689614237726,8.197208820084116,-32.83695360041599,84.03319656243458,30.980729389481688,0.058593958789663766,16202702702.70270
0.0039,0.005889999999999999,0.0002200000000000000,0.001574,3,0.029500000000000002,0.007,0.00003500000000000000,0.0005000000000000000,0.001,16.243243243243246,-9.54120464859996,2.0002107931397717,0.008888576602757436,-4.038540490802408,6.525628726718277,8.146223611275618,-32.69644190639192,84.22047723772533,30.580003812263698,0.06046771950086319,16243243243.24324
0.0039,0.005889999999999999,0.0002200000000000000,0.001574,3,0.029500000000000002,0.007,0.00003500000000000000,0.0005000000000000000,0.001,16.283783783783782,-9.572772000417299,1.994777526669631,0.008896625862886766,-3.949788639881639,6.4440286748198945,8.091574642872708,-32.54911001065462,84.3978603172293,30.169843037939327,0.06249764772052822,16283783783.78378
0.0039,0.005889999999999999,0.0002200000000000000,0.001574,3,0.029500000000000002,0.007,0.00003500000000000000,0.0005000000000000000,0.001,16.324324324324326,-9.60567505852832,1.9891561302814065,0.00890495366964173,-3.8579001773580983,6.3583709407719216,8.033458606078726,-32.39504214069383,84.56434974923498,29.750450055768226,0.06469401749715487,16324324324.32432
0.0039,0.005889999999999999,0.0002200000000000000,0.001574,3,0.029500000000000002,0.007,0.00003500000000000000,0.0005000000000000000,0.001,16.364864864864867,-9.639986470830792,1.983339060813272,0.00891357099193768,-3.743898973039588,6.2965263168498025,7.991010228691399,-32.23439192410413,84.71888650248941,29.32214503612753,0.06706703083095131,16364864864.86486
0.0039,0.005889999999999999,0.0002200000000000000,0.001574,3,0.029500000000000002,0.007,0.00003500000000000000,0.0005000000000000000,0.001,16.405405405405407,-9.675776442573692,1.9773196862228908,0.00892248740393309,-3.6228924504807485,6.236422062991936,7.949354993047578,-32.067388008273845,84.86035696309425,28.88538831284246,0.06962661080303487,16405405405.40541
0.0039,0.005889999999999999,0.0002200000000000000,0.001574,3,0.029500000000000002,0.007,0.00003500000000000000,0.0005000000000000000,0.001,16.445945945945947,-9.713110148259409,1.9710927181311095,0.008931710437640406,-3.500282431769526,6.1707849819118366,7.90340413891928,-31.89434022088654,84.98760650574934,28.44080521489881,0.07238212732014589,16445945945.94595
0.0039,0.005889999999999999,0.0002200000000000000,0.001574,3,0.029500000000000002,0.007,0.00003500000000000000,0.0005000000000000000,0.001,16.486486486486488,-9.752044439893341,1.964654735489639,0.008941244800827508,-3.37633559715146,6.0999889090622315,7.853290453816767,-31.715646195785233,85.09945946001966,27.989211991754257,0.07534204341671036,16486486486.48649
0.0039,0.005889999999999999,0.0002200000000000000,0.001574,3,0.029500000000000002,0.007,0.00003500000000000000,0.0005000000000000000,0.001,16.527027027027028,-9.792623760052763,1.9580048042944844,0.008951091453644457,-3.2513984845022845,6.024430143285289,7.799159728516764,-31.531798269473683,85.19474673433051,27.531641640119307,0.07851347121706194,16527027027.02703
0.0039,0.005889999999999999,0.0002200000000000000,0.001574,3,0.029500000000000002,0.007,0.00003500000000000000,0.0005000000000000000,0.001,16.56756756756757,-9.834875192251172,1.9511451925008272,0.008961246546261556,-3.1259036018596102,5.9445241645037505,7.741170968014793,-31.343390309738645,85.27234228505188,27.06936790283416,0.08190162959839636,16567567567.56757
0.0039,0.005889999999999999,0.0002200000000000000,0.001574,3,0.029500000000000002,0.007,0.00003500000000000000,0.0005000000000000000,0.001,16.60810810810811,-9.878802627133334,1.9440821704481055,0.008971700233265422,-3.0003744336096503,5.860702932945189,7.679497084397409,-31.151123975019548,85.33120936558379,26.603925090347797,0.08550920096142124,16608108108.10811
0.0039,0.005889999999999999,0.0002200000000000000,0.001574,3,0.029500000000000002,0.007,0.00003500000000000000,0.0005000000000000000,0.001,16.64864864864865,-9.924380098262116,1.9368268746220285,0.008982435399404945,-2.8754287928620985,5.77341260726694,7.614325962403417,-30.955813730321925,85.37045699567334,26.13712071699489,0.08933559298386612,16648648648.64865
0.0039,0.005889999999999999,0.0002200000000000000,0.001574,3,0.029500000000000002,0.007,0.00003500000000000000,0.0005000000000000000,0.001,16.68918918918919,-9.97154445247231,1.9293961961703254,0.008993426355870521,-2.751779840427141,5.68311149442211,7.545861763574706,-30.758389776824014,85.38940629072164,25.671037327764072,0.09337612335396288,16689189189.18919
0.0039,0.005889999999999999,0.0002200000000000000,0.001574,3,0.029500000000000002,0.007,0.00003500000000000000,0.0005000000000000000,0.001,16.729729729729733,-10.020187671003594,1.92181363557869,0.009004637596019627,-2.6302339715627983,5.590268047996219,7.474326323899443,-30.55989790815442,85.38766514296479,25.208019439979438,0.09762116146663592,16729729729.72973
0.0039,0.005889999999999999,0.0002200000000000000,0.001574,3,0.029500000000000002,0.007,0.00003500000000000000,0.0005000000000000000,0.001,16.770270270270274,-10.070149347313018,1.9141100425573891,0.009016022732312761,-2.511684693241631,5.495358757616965,7.39996050056591,-30.36149521344202,85.36520825248697,24.75064140465079,0.10205528047869294,16770270270.27027
0.0039,0.005889999999999999,0.0002200000000000000,0.001574,3,0.029500000000000002,0.007,0.00003500000000000000,0.0005000000000000000,0.001,16.81081081081081,-10.12121004423955,1.9063241380556644,0.009027523768201968,-2.369616390252249,5.433141993872088,7.350510553648963,-30.164440538532865,85.32245774264744,24.301652399099115,0.10665649451735795,16810810810.81081
0.0039,0.005889999999999999,0.0002200000000000000,0.001574,3,0.029500000000000002,0.007,0.00003500000000000000,0.0005000000000000000,0.001,16.85135135135135,-10.173086471242932,1.8985026975871575,0.009039070883471502,-2.2163130962940354,5.388902862588797,7.315003553121356,-29.970078728420596,85.26035774115466,23.86389589047373,0.11139567644202747,16851351351.35135
0.0039,0.005889999999999999,0.0002200000000000000,0.001574,3,0.029500000000000002,0.007,0.00003500000000000000,0.0005000000000000000,0.001,16.89189189189189,-10.225429598815783,1.890700267371585,0.00905058292062491,-2.0712587138634855,5.339892009919006,7.275324742625445,-29.779817939510018,85.18043466269604,23.440202895929048,0.11623626712700888,16891891891.89189
0.0039,0.005889999999999999,0.0002200000000000000,0.001574,3,0.029500000000000002,0.007,0.00003500000000000000,0.0005000000000000000,0.001,16.93243243243243,-10.277826901824298,1.8829782937786892,0.009061968743707209,-1.9358716749916225,5.28622163242291,7.231453675963849,-29.595099752062637,85.08483389696859,23.0332612215196,0.12113439229943537,16932432432.43243
0.0039,0.005889999999999999,0.0002200000000000000,0.001574,3,0.029500000000000002,0.007,0.00003500000000000000,0.0005000000000000000,0.001,16.972972972972975,-10.329809827140362,1.875403578304145,0.009073129590855829,-1.811534625269016,5.22805195019535,7.183398944347267,-29.41736243043191,84.97632364229649,22.64546639820651,0.12603949169507098,16972972972.97297
0.0039,0.005889999999999999,0.0002200000000000000,0.001574,3,0.029500000000000002,0.007,0.00003500000000000000,0.0005000000000000000,0.001,17.013513513513516,-10.380867250604656,1.8680460284000944,0.009083962453358886,-1.6995494588658822,5.16559351621323,7.131202282772582,-29.247998436769166,84.85825813079087,22.27876381387532,0.13089553298851375,17013513513.51351
0.0039,0.005889999999999999,0.0002200000000000000,0.001574,3,0.029500000000000002,0.007,0.00003500000000000000,0.0005000000000000000,0.001,17.054054054054056,-10.430465093097212,1.8609757574294252,0.009094364390300806,-1.6010895673207148,5.099107962240708,7.074942072820493,-29.088308126135644,84.73449566844403,21.934494892352745,0.13564282807347403,17054054054.05405
0.0039,0.005889999999999999,0.0002200000000000000,0.001574,3,0.029500000000000002,0.007,0.00003500000000000000,0.0005000000000000000,0.001,17.094594594594597,-10.478071433628218,1.8542596862858243,0.009104237542582671,-1.5171519260187813,5.028907183301837,7.0147362008069445,-28.93945232119307,84.60927162561741,21.61326228971418,0.1402203953664306,17094594594.59460
0.0039,0.005889999999999999,0.0002200000000000000,0.001574,3,0.029500000000000002,0.007,0.00003500000000000000,0.0005000000000000000,0.001,17.135135135135137,-10.523185496985008,1.847957898765626,0.009113494467473608,-1.4485120892943424,4.955351083573976,6.950744294080558,-28.80240704070779,84.4870322006196,21.314829216292054,0.14456872859952558,17135135135.13514
0.0039,0.005889999999999999,0.0002200000000000000,0.001574,3,0.029500000000000002,0.007,0.00003500000000000000,0.0005000000000000000,0.001,17.175675675675677,-10.565367989994689,1.8421200812100047,0.009122063306113731,-1.385376106905003,4.8904391671045575,6.893478610226173,-28.677923898418406,84.37224049601141,21.038065699274338,0.14863275517217175,17175675675.67568
0.0039,0.005889999999999999,0.0002200000000000000,0.001574,3,0.029500000000000002,0.007,0.00003500000000000000,0.0005000000000000000,0.001,17.216216216216218,-10.604269641963604,1.8367824125317866,0.009129892252215102,-1.3299432017258173,4.831937205168161,6.841212816507066,-28.566499496497684,84.26917104406823,20.78094993092985,0.1523647130797119,17216216216.21622
0.0039,0.005889999999999999,0.0002200000000000000,0.001574,3,0.029500000000000002,0.007,0.00003500000000000000,0.0005000000000000000,0.001,17.256756756756758,-10.639654676883053,1.8319652481814581,0.009136952830985808,-1.2914847314303735,4.769672476825807,6.784885579938152,-28.46835648240497,84.18171133808235,20.540626444340365,0.15572665994332682,17256756756.75676
0.0039,0.005889999999999999,0.0002200000000000000,0.001574,3,0.029500000000000002,0.007,0.00003500000000000000,0.0005000000000000000,0.001,17.2972972972973,-10.671416414275178,1.827671858165293,0.009143241624750376,-1.2696516515085539,4.704124638295556,6.724788200848528,-28.3834378839138,84.11318852444464,20.31351585396545,0.15869235851907015,17297297297.29730
0.0039,0.005889999999999999,0.0002200000000000000,0.001574,3,0.029500000000000002,0.007,0.00003500000000000000,0.0005000000000000000,0.001,17.33783783783784,-10.699583215973231,1.8238883474862426,0.009148780275804336,-1.263781312449904,4.635820051749295,6.661265696450807,-28.311415035227277,84.06623617307444,20.095464628416536,0.16124835733995493,17337837837.83784
0.0039,0.005889999999999999,0.0002200000000000000,0.001574,3,0.029500000000000002,0.007,0.00003500000000000000,0.0005000000000000000,0.001,17.378378378378383,-10.724314365037317,1.8205847329236,0.009153613819973675,-1.272918895686232,4.56532292995237,6.59471502951596,-28.251708064074915,84.04271061352638,19.881919007489916,0.1633941891460142,17378378378.37838
0.0039,0.005889999999999999,0.0002200000000000000,0.001574,3,0.029500000000000002,0.007,0.00003500000000000000,0.0005000000000000000,0.001,17.41891891891892,-10.745886877967088,1.817717004376294,0.009157807611240609,-1.2958487845785616,4.493226493408873,6.5255831094967895,-28.20351673851327,84.04365981584937,19.66810543821148,0.16514172266297258,17418918918.91892
0.0039,0.005889999999999999,0.0002200000000000000,0.001574,3,0.029500000000000002,0.007,0.00003500000000000000,0.0005000000000000000,0.001,17.459459459459463,-10.76467540605341,1.8152298902108903,0.00916144324955416,-1.3311329660367104,4.420144460501387,6.454364633249689,-28.16585864214478,84.06934147109676,19.44920085559959,0.16651380312172956,17459459459.45946
0.0039,0.005889999999999999,0.0002200000000000000,0.001574,3,0.029500000000000002,0.007,0.00003500000000000000,0.0005000000000000000,0.001,17.5,-10.781128060063828,1.8130599913121026,0.009164613997647276,-1.3771532515342335,4.346703104373867,6.381599773117087,-28.137611247349852,84.11928185595306,19.2204792623727,0.1675423865871066,17500000000.00000
0.0039,0.005889999999999999,0.0002200000000000000,0.001574,3,0.029500000000000002,0.007,0.00003500000000000000,0.0005000000000000000,0.001,17.540540540540544,-10.795741123475661,1.8111389504861795,0.009167420165876024,-1.4068051854230248,4.29855083273557,6.333220668765368,-28.11755448806369,84.1923638899058,18.977425486056944,0.16826640438944493,17540540540.54054
0.0039,0.005889999999999999,0.0002200000000000000,0.001574,3,0.029500000000000002,0.007,0.00003500000000000000,0.0005000000000000000,0.001,17.581081081081084,-10.809035274886686,1.8093963722704394,0.009169964872141528,-1.2938839105597362,4.399672632131824,6.434203629980134,-28.104410820550388,84.28693164807777,18.71581174114165,0.16872958795372398,17581081081.08108
0.0039,0.005889999999999999,0.0002200000000000000,0.001574,3,0.029500000000000002,0.007,0.00003500000000000000,0.0005000000000000000,0.001,17.62162162162162,-10.821535286675761,1.8077622850000965,0.009172350472729431,-1.1946755249461312,4.49470430821393,6.527011262060624,-28.096880380652483,84.40089918887232,18.43173687891637,0.16897844968393969,17621621621.62162
0.0039,0.005889999999999999,0.0002200000000000000,0.001574,3,0.029500000000000002,0.007,0.00003500000000000000,0.0005000000000000000,0.001,17.662162162162165,-10.833754399746457,1.8061690224912097,0.009174675837192885,-1.1080716652528992,4.583006978582017,6.611505185490315,-28.093669565212952,84.5318533442083,18.121631446821226,0.16906056456109525,17662162162.16216
0.0039,0.005889999999999999,0.0002200000000000000,0.001574,3,0.029500000000000002,0.007,0.00003500000000000000,0.0005000000000000000,0.001,17.7027027027027,-10.846183860489289,1.8045524806043858,0.009177034529067275,-1.0330158068923188,4.663929658507014,6.68751991761116,-28.093512066874098,84.67714248041213,17.782233706634074,0.1690232419950637,17702702702.70270
0.0039,0.005889999999999999,0.0002200000000000000,0.001574,3,0.029500000000000002,0.007,0.00003500000000000000,0.0005000000000000000,0.001,17.743243243243246,-10.859287554377683,1.8028527638786223,0.009179513868694623,-0.9685290890540161,4.736799175111425,6.7548497244385866,-28.095181990296215,84.83394561597862,17.410542654024095,0.1689126279121677,17743243243.24324
0.0039,0.005889999999999999,0.0002200000000000000,0.001574,3,0.029500000000000002,0.007,0.00003500000000000000,0.0005000000000000000,0.001,17.783783783783782,-10.873501325533548,1.8010142752437976,0.009182194800441175,-0.9137272640981237,4.800911369742195,6.813236884754787,-28.09749912791617,84.9993182770936,17.00375409260848,0.16877323896516533,17783783783.78378
0.0039,0.005889999999999999,0.0002200000000000000,0.001574,3,0.029500000000000002,0.007,0.00003500000000000000,0.0005000000000000000,0.001,17.824324324324326,-10.889236428117869,1.7989853182853477,0.009185152462956186,-0.8678300266418324,4.855523305465659,6.862360429831938,-28.099326761572534,85.17021284781617,16.559185275754526,0.16864790645367836,17824324324.32433
0.0039,0.005889999999999999,0.0002200000000000000,0.001574,3,0.029500000000000002,0.007,0.00003500000000000000,0.0005000000000000000,0.001,17.864864864864867,-10.906886579285473,1.7967172803594462,0.009188457362525812,-0.8301643511447026,4.899845868139933,6.901824188715489,-28.099562495833833,85.34347183975932,16.074192878541627,0.16857809662530018,17864864864.86486
0.0039,0.005889999999999999,0.0002200000000000000,0.001574,3,0.029500000000000002,0.007,0.00003500000000000000,0.0005000000000000000,0.001,17.905405405405407,-10.926838230749482,1.7941634508819446,0.009192177069076997,-0.8001636616948122,4.9330359486201525,6.93114280317296,-28.09712264903267,85.51579248085066,15.546088409068913,0.1686045744965328,17905405405.40541
0.0039,0.005889999999999999,0.0002200000000000000,0.001574,3,0.029500000000000002,0.007,0.00003500000000000000,0.0005000000000000000,0.001,17.945945945945947,-10.949483906861099,1.7912775069993283,0.009196378385244954,-0.7773647152278202,4.954187365815591,6.949724274417961,-28.090920669410913,85.68366038157859,14.97205488443658,0.16876838753761655,17945945945.94595
0.0039,0.005889999999999999,0.0002200000000000000,0.001574,3,0.029500000000000002,0.007,0.00003500000000000000,0.0005000000000000000,0.001,17.986486486486488,-10.975238742955089,1.7880116724123796,0.009201129975499567,-0.761404047114792,4.96231988101566,6.956847563251984,-28.07983995431353,85.84324889494346,14.349068932840774,0.169112160904728,17986486486.48649
0.0039,0.005889999999999999,0.0002200000000000000,0.001574,3,0.029500000000000002,0.007,0.00003500000000000000,0.0005000000000000000,0.001,18.027027027027028,-11.004560683951809,1.7843145271509129,0.00920650548034584,-0.7520157485110128,4.956366124177467,6.951633799955888,-28.062701388293796,85.99027928668245,13.673833702543472,0.16968171505447482,18027027027.02703
0.0039,0.005889999999999999,0.0002200000000000000,0.001574,3,0.029500000000000002,0.007,0.00003500000000000000,0.0005000000000000000,0.001,18.06756756756757,-11.037975168556446,1.7801284185979511,0.009212587176715789,-0.6932355782023414,4.99897135565851,6.988806482318685,-28.03822595530932,86.11983517061876,12.942730374567091,0.17052803745423997,18067567567.56757
0.0039,0.005889999999999999,0.0002200000000000000,0.001574,3,0.029500000000000002,0.007,0.00003500000000000000,0.0005000000000000000,0.001,18.10810810810811,-11.076105538649223,1.775386398811815,0.009219470276551315,-0.634539876359921,5.032123404345638,7.01751282908039,-28.00499302047796,86.22612314108636,12.151800100334373,0.17170966046463312,18108108108.10811
0.0039,0.005889999999999999,0.0002200000000000000,0.001574,3,0.029500000000000002,0.007,0.00003500000000000000,0.0005000000000000000,0.001,18.14864864864865,-11.119710894234132,1.7700085926198772,0.009227267976569913,-0.578706551337097,5.0505889471177525,7.033420239740668,-27.961395456152328,86.30217066630648,11.296774359507356,0.1732955141440519,18148648648.64865
0.0039,0.005889999999999999,0.0002200000000000000,0.001574,3,0.029500000000000002,0.007,0.00003500000000000000,0.0005000000000000000,0.001,18.18918918918919,-11.169733681151364,1.763897889599056,0.009236117374909867,-0.5250565835479273,5.052928751716927,7.0354317455837005,-27.905593895090455,86.33945301110319,10.373180739345928,0.17536833032062066,18189189189.18919
0.0039,0.005889999999999999,0.0002200000000000000,0.001574,3,0.029500000000000002,0.007,0.00003500000000000000,0.0005000000000000000,0.001,18.22972972972973,-11.227359962529349,1.7569348599030168,0.009246186338907064,-0.47280830919972916,5.037664474615289,7.022292386532364,-27.835474280220673,86.32744485932047,9.37656371923718,0.1780286630561848,18229729729.72973
0.0039,0.005889999999999999,0.0002200000000000000,0.001574,3,0.029500000000000002,0.007,0.00003500000000000000,0.0005000000000000000,0.001,18.270270270270274,-11.29409606547923,1.7489718363066522,0.009257681313155689,-0.42106700917853157,5.0033065251313635,6.992571105378565,-27.74861584924622,86.25310220041072,8.30287673611751,0.18139954297378535,18270270270.27027
0.0039,0.005889999999999999,0.0002200000000000000,0.001574,3,0.029500000000000002,0.007,0.00003500000000000000,0.0005000000000000000,0.001,18.31081081081081,-11.37186601721696,1.7398262146213515,0.009270855845761919,-0.3688272259229936,4.948404695973041,6.944652103670986,-27.642281047549886,86.10030050612046,7.1491222226414575,0.1856316679926693,18310810810.81081
0.0039,0.005889999999999999,0.0002200000000000000,0.001574,3,0.029500000000000002,0.007,0.00003500000000000000,0.0005000000000000000,0.001,18.351351351351354,-11.463134634389773,1.729273257196475,0.009286019194329918,-0.3149938510362183,4.871634184088652,6.876746692396662,-27.513444773194585,85.84929321217261,5.9143376262383205,0.19090879906086877,18351351351.35135
0.0039,0.005889999999999999,0.0002200000000000000,0.001574,3,0.029500000000000002,0.007,0.00003500000000000000,0.0005000000000000000,0.001,18.39189189189189,-11.571060732800456,1.7170391298400751,0.009303543611090353,-0.25843024983087726,4.771930704089576,6.786941284077707,-27.358887556307046,85.4763193877337,4.601039435045892,0.19745259537710547,18391891891.89189
0.0039,0.005889999999999999,0.0002200000000000000,0.001574,3,0.029500000000000002,0.007,0.00003500000000000000,0.0005000000000000000,0.001,18.432432432432435,-11.699682513965993,1.7027956955858656,0.009323867598525614,-0.06877475483704866,4.789134948919097,6.80257074826105,-27.17538452518062,84.9535908838198,3.2172255281708706,0.20552537519021782,18432432432.43243
0.0039,0.005889999999999999,0.0002200000000000000,0.001574,3,0.029500000000000002,0.007,0.00003500000000000000,0.0005000000000000000,0.001,18.472972972972975,-11.854130554168389,1.6861599000433467,0.009347490341404278,0.3173879205907829,4.993860974668305,6.98436447752047,-26.960026306152063,84.25002990365168,1.7789637116290726,0.21542809661091683,18472972972.97297
0.0039,0.005889999999999999,0.0002200000000000000,0.001574,3,0.029500000000000002,0.007,0.00003500000000000000,0.0005000000000000000,0.001,18.513513513513516,-12.040849122425213,1.6667025579236738,0.009374949527580197,0.7129668971194121,5.180074366068441,7.143359945987725,-26.710703666152867,83.33328623573779,0.3134054777349587,0.22748915372956366,18513513513.51352
0.0039,0.005889999999999999,0.0002200000000000000,0.001574,3,0.029500000000000002,0.007,0.00003500000000000000,0.0005000000000000000,0.001,18.554054054054056,-12.267777754518956,1.6439739196631973,0.009406771203272839,1.1114346850716568,5.336550806327084,7.272606484577829,-26.42676598949397,82.17366208831471,-1.138307181514699,0.24203759005268244,18554054054.05405
0.0039,0.005889999999999999,0.0002200000000000000,0.001574,3,0.029500000000000002,0.007,0.00003500000000000000,0.0005000000000000000,0.001,18.594594594594597,-12.544394270502647,1.6175558560776166,0.009443377736615376,1.5604400143080932,5.522716877500291,7.421527796547814,-26.109814163417916,80.75044120750455,-2.5193557875333554,0.259352967648353,18594594594.59460
0.0039,0.005889999999999999,0.0002200000000000000,0.001574,3,0.029500000000000002,0.007,0.00003500000000000000,0.0005000000000000000,0.001,18.635135135135137,-12.881441583210911,1.5871508131638254,0.009484942350385064,2.0425204840971762,5.724494811359417,7.577371660652475,-25.76450422070848,79.06049389532562,-3.7585638041751306,0.2795856533972219,18635135135.13514
0.0039,0.005889999999999999,0.0002200000000000000,0.001574,3,0.029500000000000002,0.007,0.00003500000000000000,0.0005000000000000000,0.001,18.675675675675677,-13.290060129538894,1.5527118696687774,0.009531193108689513,2.501350131949165,5.877531137121021,7.691949385445776,-25.399126566014036,77.1276882654162,-4.776832776402486,0.30264957936633974,18675675675.67567
0.0039,0.005889999999999999,0.0002200000000000000,0.001574,3,0.029500000000000002,0.007,0.00003500000000000000,0.0005000000000000000,0.001,18.716216216216218,-13.77996846693907,1.5146010517857644,0.009581203394113304,2.921809962178032,5.97260017909186,7.761634429530028,-25.025623870719976,75.00976549412057,-5.500041202537573,0.3281085542992211,18716216216.21622
0.0039,0.005889999999999999,0.0002200000000000000,0.001574,3,0.029500000000000002,0.007,0.00003500000000000000,0.0005000000000000000,0.001,18.756756756756758,-14.356393469323143,1.4737323398208306,0.009633257996606455,3.2888979530591413,6.005269773961561,7.785325219322996,-24.658695349686454,72.79797318021363,-5.877247480953639,0.35510539739411545,18756756756.75676
0.0039,0.005889999999999999,0.0002200000000000000,0.001574,3,0.029500000000000002,0.007,0.00003500000000000000,0.0005000000000000000,0.001,18.7972972972973,-15.015870937054913,1.4316207244245454,0.00968492575351541,3.592631166178127,5.980528040398362,7.767395309628261,-24.313801186612736,70.60564639428738,-5.899330406402922,0.3824050207374909,18797297297.29730
0.0039,0.005889999999999999,0.0002200000000000000,0.001574,3,0.029500000000000002,0.007,0.00003500000000000000,0.0005000000000000000,0.001,18.83783783783784,-15.742103932349266,1.3902448651053179,0.009733443297780302,3.868912862754276,5.964633522983827,7.755837650499041,-24.004259755371944,68.54603373572084,-5.61072310575593,0.40860861714354135,18837837837.83784
0.0039,0.005889999999999999,0.0002200000000000000,0.001574,3,0.029500000000000002,0.007,0.00003500000000000000,0.0005000000000000000,0.001,18.878378378378383,-16.504877463359044,1.3516673191459048,0.00977637917073173,4.067466223874611,5.8983630255246196,7.707314984854126,-23.73806839033829,66.70504539151176,-5.108634751473887,0.4325288931898056,18878378378.37838
0.0039,0.005889999999999999,0.0002200000000000000,0.001574,3,0.029500000000000002,0.007,0.00003500000000000000,0.0005000000000000000,0.001,18.91891891891892,-17.26687620229364,1.317442573214188,0.0098123656358857,4.198676965092127,5.796460342220024,7.631628688879855,-23.515214495291815,65.11661318830842,-4.530236750602019,0.4536331957317524,18918918918.91892
0.0039,0.005889999999999999,0.0002200000000000000,0.001574,3,0.029500000000000002,0.007,0.00003500000000000000,0.0005000000000000000,0.001,18.959459459459463,-18.003168746579515,1.2879280116817076,0.009841626277276262,4.284358615043467,5.676435950849447,7.5407574192599105,-23.325730111682198,63.743351898966075,-4.0342070236293415,0.4724546410929719,18959459459.45946
0.0039,0.005889999999999999,0.0002200000000000000,0.001574,3,0.029500000000000002,0.007,0.00003500000000000000,0.0005000000000000000,0.001,19,-18.735489532182513,1.261602437978619,0.009866201560954252,4.358350571811548,5.555740064212093,7.447419182536357,-23.147568774634642,62.453430085133895,-3.781787657353976,0.49101316769600734,19000000000.00000
0.0039,0.005889999999999999,0.0002200000000000000,0.0018000000000000002,3,0.029500000000000002,0.007,0.00003500000000000000,0.0005000000000000000,0.001,16,-6.823496182934443,2.675480047250735,0.007921976848822447,-1.7751545866361662,6.807635367749612,8.329962859109628,-31.116781756861037,108.81180312061265,47.430817645507844,0.09760863858839978,16000000000.00000
0.0039,0.005889999999999999,0.0002200000000000000,0.0018000000000000002,3,0.029500000000000002,0.007,0.00003500000000000000,0.0005000000000000000,0.001,16.04054054054054,-6.8491946134933945,2.6664060255313204,0.007934236789919533,-1.6547390312358068,6.782635400219919,8.313984722429097,-30.97367217919835,109.23562901626374,46.6826796193695,0.10072276158985735,16040540540.54054
0.0039,0.005889999999999999,0.0002200000000000000,0.0018000000000000002,3,0.029500000000000002,0.007,0.00003500000000000000,0.0005000000000000000,0.001,16.08108108108108,-6.876629077813582,2.656797687758092,0.007947245124866942,-1.5319506844306916,6.747718621139981,8.291569642795531,-30.821354241179314,109.63724068574564,45.90433771785671,0.10414728845418367,16081081081.08108
0.0039,0.005889999999999999,0.0002200000000000000,0.0018000000000000002,3,0.029500000000000002,0.007,0.00003500000000000000,0.0005000000000000000,0.001,16.121621621621625,-6.9059448787445525,2.646619167096403,0.007961054994517635,-1.4069478376589997,6.702726450642431,8.262514954789538,-30.659756552335367,110.01299842643422,45.09583345908026,0.10790801925364657,16121621621.62162
0.0039,0.005889999999999999,0.0002200000000000000,0.0018000000000000002,3,0.029500000000000002,0.007,0.00003500000000000000,0.0005000000000000000,0.001,16.162162162162165,-6.937291085151946,2.6358357924544835,0.007975718568078844,-1.2799786272746752,6.647615144711535,8.22665868572954,-30.48893910280413,110.3589273788751,44.2576656416011,0.11203049856475156,16162162162.16216
0.0039,0.005889999999999999,0.0002200000000000000,0.0018000000000000002,3,0.029500000000000002,0.007,0.00003500000000000000,0.0005000000000000000,0.001,16.202702702702705,-6.970817038953961,2.6244155151990536,0.007991285122815191,-1.1513933023841445,6.582459683887536,8.183882078284219,-30.309109118356613,110.6707513530446,43.39090261530608,0.11653931523803703,16202702702.70270
0.0039,0.005889999999999999,0.0002200000000000000,0.0018000000000000002,3,0.029500000000000002,0.007,0.00003500000000000000,0.0005000000000000000,0.001,16.243243243243246,-7.006667507964906,2.612330722104578,0.008007798562179848,-1.0216560198548341,6.507455228909194,8.134111888589418,-30.12063651002692,110.94395456645509,42.49730411750667,0.12145718439829344,16243243243.24324
0.0039,0.005889999999999999,0.0002200000000000000,0.0018000000000000002,3,0.029500000000000002,0.007,0.00003500000000000000,0.0005000000000000000,0.001,16.283783783783782,-7.044976208250505,2.599560473465496,0.008025294302683329,-0.8913555500708787,6.422916024027914,8.07732243898002,-29.92406831138021,111.1738783239282,41.57944739713884,0.12680378032367318,16283783783.78378
0.0039,0.005889999999999999,0.0002200000000000000,0.0018000000000000002,3,0.029500000000000002,0.007,0.00003500000000000000,0.0005000000000000000,0.001,16.324324324324326,-7.085857437254985,2.586093182447803,0.00804379548800118,-0.7612140749772294,6.329271702802762,8.013537394563748,-29.720141267450735,111.35585941194014,40.64084928883748,0.13259429943387419,16324324324.32432
0.0039,0.005889999999999999,0.0002200000000000000,0.0018000000000000002,3,0.029500000000000002,0.007,0.00003500000000000000,0.0005000000000000000,0.001,16.364864864864867,-7.129395624216541,2.571929713322174,0.008063308539657034,-0.632093042378056,6.227061046220207,7.942831232943281,-29.50979149289585,111.48541560010545,39.68607231931528,0.13883775178177513,16364864864.86486
0.0039,0.005889999999999999,0.0002200000000000000,0.0018000000000000002,3,0.029500000000000002,0.007,0.00003500000000000000,0.0005000000000000000,0.001,16.405405405405407,-7.175632739004944,2.557086818946814,0.008083818132922214,-0.504994830781793,6.116923356482751,7.86533038930834,-29.294159876699688,111.558480697635,38.720799182549676,0.14553500930561267,16405405405.40541
0.0039,0.005889999999999999,0.0002200000000000000,0.0018000000000000002,3,0.029500000000000002,0.007,0.00003500000000000000,0.0005000000000000000,0.001,16.445945945945947,-7.22455372795252,2.541600760109071,0.008105281798313973,-0.3810588118277903,5.999587733348959,7.7812140850312765,-29.07459171016377,111.5716867287856,37.75185662979955,0.15267668098348278,16445945945.94595
0.0039,0.005889999999999999,0.0002200000000000000,0.0018000000000000002,3,0.029500000000000002,0.007,0.00003500000000000000,0.0005000000000000000,0.001,16.486486486486488,-7.276070484428228,2.5255308531509866,0.008127624492239059,-0.26155031895586595,5.875860659763972,7.690714883753442,-28.85262889887572,111.52268381896874,36.787167917034736,0.16024093844753926,16486486486.48649
0.0039,0.005889999999999999,0.0002200000000000000,0.0018000000000000002,3,0.029500000000000002,0.007,0.00003500000000000000,0.0005000000000000000,0.001,16.527027027027028,-7.330005318250564,2.508962585480181,0.008150733645583929,-0.14249364515463098,5.753692543607031,7.599466510575369,-28.62999314331239,111.41047960630631,35.83561360254867,0.16819147700548923,16527027027.02703
0.0039,0.005889999999999999,0.0002200000000000000,0.0018000000000000002,3,0.029500000000000002,0.007,0.00003500000000000000,0.0005000000000000000,0.001,16.56756756756757,-7.386075439125936,2.49200983691477,0.008174455364711675,-0.017514187116029256,5.643691657747426,7.515632781161733,-28.40855870049495,111.23577033818121,34.906784906940395,0.17647585845619027,16567567567.56757
0.0039,0.005889999999999999,0.0002200000000000000,0.0018000000000000002,3,0.029500000000000002,0.007,0.00003500000000000000,0.0005000000000000000,0.001,16.60810810810811,-7.443880549458132,2.4748156729571456,0.008198592589195416,0.09671769363414692,5.526401810816806,7.424424581911461,-28.190313831764676,111.00122697197862,34.010622928043986,0.1850245306330416,16608108108.10811
0.0039,0.005889999999999999,0.0002200000000000000,0.0018000000000000002,3,0.029500000000000002,0.007,0.00003500000000000000,0.0005000000000000000,0.001,16.64864864864865,-7.502896129509264,2.45755116588145,0.008222906055323454,0.1986733355441604,5.402860399519897,7.326237462729677,-27.977310841384853,110.71169394199545,33.156950831157275,0.1937508369799202,16648648648.64865
0.0039,0.005889999999999999,0.0002200000000000000,0.0018000000000000002,3,0.029500000000000002,0.007,0.00003500000000000000,0.0005000000000000000,0.001,16.68918918918919,-7.562475216732848,2.440411784107057,0.008247118819508271,0.2869232100194296,5.274182388453528,7.221551442153437,-27.771605715524736,110.37425840625201,32.35492350334517,0.20255229896703023,16689189189.18919
0.0039,0.005889999999999999,0.0002200000000000000,0.0018000000000000002,3,0.029500000000000002,0.007,0.00003500000000000000,0.0005000000000000000,0.001,16.729729729729733,-7.621861226195802,2.4236110937817323,0.008270924817534258,0.36020315078441545,5.141541660285678,7.110933591055976,-27.575189709079165,109.99815586660165,31.61243732959151,0.2113133601820333,16729729729.72973
0.0039,0.005889999999999999,0.0002200000000000000,0.0018000000000000002,3,0.029500000000000002,0.007,0.00003500000000000000,0.0005000000000000000,0.001,16.770270270270274,-7.6802134570354195,2.4073718401114554,0.008294001463395326,0.41748305650158235,5.006152521796,6.995040770671125,-27.389916637618875,109.59449471429107,30.93555769048313,0.2199096202474036,16770270270.27027
0.0039,0.005889999999999999,0.0002200000000000000,0.0018000000000000002,3,0.029500000000000002,0.007,0.00003500000000000000,0.0005000000000000000,0.001,16.81081081081081,-7.736645326734925,2.3919148863780246,0.008316025668575635,0.45803339420454825,4.869251956304754,6.874622474154299,-27.21743086822801,109.17580587834054,30.328029085692382,0.2282133741026609,16810810810.81081
0.0039,0.005889999999999999,0.0002200000000000000,0.0018000000000000002,3,0.029500000000000002,0.007,0.00003500000000000000,0.0005000000000000000,0.001,16.85135135135135,-7.79027322538499,2.3774469136714003,0.008336691995736237,0.4814842895734307,4.7320831010771895,6.7505236275690015,-27.05910177285457,108.75545028552082,29.790929047737286,0.2361000430137605,16851351351.35135
0.0039,0.005889999999999999,0.0002200000000000000,0.0018000000000000002,3,0.029500000000000002,0.007,0.00003500000000000000,0.0005000000000000000,0.001,16.89189189189189,-7.840271589194546,2.3641481242239637,0.008355731105544517,0.48787211776520456,4.59588032957101,6.623687117299999,-26.915970443820264,108.34694052463355,29.322511272894687,0.24345488882297625,16891891891.89189
0.0039,0.005889999999999999,0.0002200000000000000,0.0018000000000000002,3,0.029500000000000002,0.007,0.00003500000000000000,0.0005000000000000000,0.001,16.93243243243243,-7.885927949140829,2.3521613447442844,0.008372926375371348,0.4776693873196458,4.4618562400969255,6.495155733125837,-26.788713621839992,107.96324812268548,28.918257959132337,0.25017929561437025,16932432432.43243
0.0039,0.005889999999999999,0.0002200000000000000,0.0018000000000000002,3,0.029500000000000002,0.007,0.00003500000000000000,0.0005000000000000000,0.001,16.972972972972975,-7.926690925163848,2.341583826538547,0.008388126677581827,0.4517952520983923,4.3311907902866285,6.366073149567346,-26.6776280918395,107.61617022954222,28.57113142618794,0.25619592062799795,16972972972.97297
0.0039,0.005889999999999999,0.0002200000000000000,0.0018000000000000002,3,0.029500000000000002,0.007,0.00003500000000000000,0.0005000000000000000,0.001,17.013513513513516,-7.962204792444341,2.3324626842737803,0.008401253816470172,0.4116059351785615,4.205022760534193,6.237683508468094,-26.5826365163139,107.31581861997715,28.27198734217492,0.26145216514430214,17013513513.51351
0.0039,0.005889999999999999,0.0002200000000000000,0.0018000000000000002,3,0.029500000000000002,0.007,0.00003500000000000000,0.0005000000000000000,0.001,17.054054054054056,-7.99232630958206,2.3247943759578678,0.008412303932705908,0.3588663376065309,4.084443667766684,6.111329106914496,-26.503313217713753,107.07027265096033,28.010092242402223,0.26592166606153017,17054054054.05405
0.0039,0.005889999999999999,0.0002200000000000000,0.0018000000000000002,3,0.029500000000000002,0.007,0.00003500000000000000,0.0005000000000000000,0.001,17.094594594594597,-8.017122479733933,2.3185280278924223,0.008421343100472472,0.29570575634390356,3.9704941759452246,5.988445633197026,-26.438926260423074,106.88541154318708,27.77367993969002,0.2696038019450169,17094594594.59460
0.0039,0.005889999999999999,0.0002200000000000000,0.0018000000000000002,3,0.029500000000000002,0.007,0.00003500000000000000,0.0005000000000000000,0.001,17.135135135135137,-8.036851034894799,2.313571887270103,0.008428498150371229,0.22456167096389723,3.864162960188363,5.8705543327612535,-26.388490703347614,106.76491609837083,27.55048502565409,0.272521476859601,17135135135.13514
0.0039,0.005889999999999999,0.0002200000000000000,0.0018000000000000002,3,0.029500000000000002,0.007,0.00003500000000000000,0.0005000000000000000,0.001,17.175675675675677,-8.051927910614179,2.3098018466973858,0.008433944284266252,0.14811587256047368,3.7663878853833572,5.759250442539258,-26.35082729315393,106.71041050795972,27.328204219344265,0.27471763749269046,17175675675.67568
0.0039,0.005889999999999999,0.0002200000000000000,0.0018000000000000002,3,0.029500000000000002,0.007,0.00003500000000000000,0.0005000000000000000,0.001,17.216216216216218,-8.06288730776203,2.3070708730641964,0.008437891235024744,0.0692268759379518,3.6780592632996916,5.656187225955559,-26.32462112004331,106.72170371582068,27.094853550898602,0.2762510675536788,17216216216.21622
0.0039,0.005889999999999999,0.0002200000000000000,0.0018000000000000002,3,0.029500000000000002,0.007,0.00003500000000000000,0.0005000000000000000,0.001,17.256756756756758,-8.070340020171404,2.3052182671898787,0.008440569593716635,-0.009138203392472125,3.6000248625881786,5.563055001138334,-26.308475654078094,106.79708686197243,26.839006935303594,0.27719199204685496,17256756756.75676
0.0039,0.005889999999999999,0.0002200000000000000,0.0018000000000000002,3,0.029500000000000002,0.007,0.00003500000000000000,0.0005000000000000000,0.001,17.2972972972973,-8.074934800573782,2.3040779149593758,0.008442218578803482,-0.08397004245412226,3.533096256876784,5.481554696626882,-26.300958815576514,106.93364683644981,26.54991634062181,0.27761793921923655,17297297297.29730
0.0039,0.005889999999999999,0.0002200000000000000,0.0018000000000000002,3,0.029500000000000002,0.007,0.00003500000000000000,0.0005000000000000000,0.001,17.33783783783784,-8.077326092839986,2.303484983555593,0.008443076081133486,-0.1522803398150256,3.478055988081385,5.413365687877657,-26.300639000212264,107.12756323939956,26.217523780395435,0.2776101860872855,17337837837.83784
0.0039,0.005889999999999999,0.0002200000000000000,0.0018000000000000002,3,0.029500000000000002,0.007,0.00003500000000000000,0.0005000000000000000,0.001,17.378378378378383,-8.078149932122562,2.3032807960692594,0.008443371395370306,-0.14861710423174368,3.4855007960607938,5.422651862619595,-26.306110038453127,107.37436443063291,25.832380504103693,0.2772509885472939,17378378378.37838
0.0039,0.005889999999999999,0.0002200000000000000,0.0018000000000000002,3,0.029500000000000002,0.007,0.00003500000000000000,0.0005000000000000000,0.001,17.41891891891892,-8.078008541487288,2.303315836381969,0.00844332071632664,-0.12862184045421737,3.509551176467829,5.452515797003712,-26.316004776484718,107.66912576319221,25.385489772828954,0.2766216938019242,17418918918.91892
0.0039,0.005889999999999999,0.0002200000000000000,0.0018000000000000002,3,0.029500000000000002,0.007,0.00003500000000000000,0.0005000000000000000,0.001,17.459459459459463,-8.077463306326546,2.3034509722765226,0.008443125270702633,-0.11945585906410787,3.5274216349473706,5.474573742653729,-26.328997272207655,108.00659815708647,24.868087737030812,0.27580176417541336,17459459459.45946
0.0039,0.005889999999999999,0.0002200000000000000,0.0018000000000000002,3,0.029500000000000002,0.007,0.00003500000000000000,0.0005000000000000000,0.001,17.5,-8.077035419794955,2.303557037136018,0.008442971872818545,-0.12061583753428738,3.5384503892040584,5.488131109640378,-26.343793522640617,108.38125711026784,24.271373556194938,0.27486871066070284,17500000000.00000
0.0039,0.005889999999999999,0.0002200000000000000,0.0018000000000000002,3,0.029500000000000002,0.007,0.00003500000000000000,0.0005000000000000000,0.001,17.540540540540544,-8.077213513405027,2.3035128896856856,0.00844303572144802,-0.1317133604391822,3.5419164631635462,5.492383140491618,-26.359110233692732,108.78726066189995,23.58619633778165,0.2738989389826922,17540540540.54054
0.0039,0.005889999999999999,0.0002200000000000000,0.0018000000000000002,3,0.029500000000000002,0.007,0.00003500000000000000,0.0005000000000000000,0.001,17.581081081081084,-8.078467936705625,2.303201990982061,0.008443485372620347,-0.15250721067663292,3.5370001857187288,5.486350826184319,-26.373640483353952,109.2182994411544,22.802704046688568,0.27296954529428374,17581081081.08108
0.0039,0.005889999999999999,0.0002200000000000000,0.0018000000000000002,3,0.029500000000000002,0.007,0.00003500000000000000,0.0005000000000000000,0.001,17.62162162162162,-8.081271958669547,2.302507410547779,0.00844449001180352,-0.1829400404005624,3.522734012436936,5.468798525789449,-26.386004302723233,109.66731243362248,21.909959789781567,0.2721611575353346,17621621621.62162
0.0039,0.005889999999999999,0.0002200000000000000,0.0018000000000000002,3,0.029500000000000002,0.007,0.00003500000000000000,0.0005000000000000000,0.001,17.662162162162165,-8.08613098992016,2.30130500831761,0.008446229394943654,-0.1495269302561751,3.5577736376705684,5.511783127647913,-26.394681333420987,110.1260281228301,20.895535997289972,0.2715619973132142,17662162162.16216
0.0039,0.005889999999999999,0.0002200000000000000,0.0018000000000000002,3,0.029500000000000002,0.007,0.00003500000000000000,0.0005000000000000000,0.001,17.7027027027027,-8.093621962630069,2.2994543430442187,0.008448907122018493,-0.05912101631636281,3.636475267872955,5.606806382259387,-26.397922038750025,110.58427207919726,19.745110422730605,0.27127343091770006,17702702702.70270
0.0039,0.005889999999999999,0.0002200000000000000,0.0018000000000000002,3,0.029500000000000002,0.007,0.00003500000000000000,0.0005000000000000000,0.001,17.743243243243246,-8.104446274245324,2.296786641311763,0.008452768236474404,0.06109208890396323,3.736556541437142,5.724715583701515,-26.393633881108475,111.02895971208639,18.44211501825731,0.27141737787391773,17743243243.24324
0.0039,0.005889999999999999,0.0002200000000000000,0.0018000000000000002,3,0.029500000000000002,0.007,0.00003500000000000000,0.0005000000000000000,0.001,17.783783783783782,-8.119501234042376,2.2930889473237817,0.00845812248013121,0.20544869239869096,3.8525019158225553,5.8574286336215255,-26.37924024347066,111.44267023252849,16.967538017403907,0.2721460316045342,17783783783.78378
0.0039,0.005889999999999999,0.0002200000000000000,0.0018000000000000002,3,0.029500000000000002,0.007,0.00003500000000000000,0.0005000000000000000,0.001,17.824324324324326,-8.13997675811689,2.288083416240756,0.008465374804459,0.3730378394827668,3.9820012020725435,6.001013867947042,-26.35151411588101,111.80168432770992,15.30006295587431,0.2736543758914767,17824324324.32433
0.0039,0.005889999999999999,0.0002200000000000000,0.0018000000000000002,3,0.029500000000000002,0.007,0.00003500000000000000,0.0005000000000000000,0.001,17.864864864864867,-8.167486064024981,2.2814007305037136,0.008475064785033227,0.5622041766847253,4.121006008678015,6.15003247752883,-26.306398033656038,112.07338519267033,13.416860446327854,0.27619586344808417,17864864864.86486
0.0039,0.005889999999999999,0.0002200000000000000,0.0018000000000000002,3,0.029500000000000002,0.007,0.00003500000000000000,0.0005000000000000000,0.001,17.905405405405407,-8.204241032787948,2.2725470454102865,0.008487916073968815,0.7703639143750247,4.26305996865201,6.297214419296734,-26.238839737544094,112.21301420503937,11.295540374012344,0.28010118715934884,17905405405.40541
0.0039,0.005889999999999999,0.0002200000000000000,0.0018000000000000002,3,0.029500000000000002,0.007,0.00003500000000000000,0.0005000000000000000,0.001,17.945945945945947,-8.253283982577015,2.260865145791396,0.008504895317184765,0.9937564945151898,4.398604575654146,6.433149216653661,-26.142702997618443,112.16001762740466,8.91801284249166,0.28579901507566136,17945945945.94595
0.0039,0.005889999999999999,0.0002200000000000000,0.0018000000000000002,3,0.029500000000000002,0.007,0.00003500000000000000,0.0005000000000000000,0.001,17.986486486486488,-8.318786166495576,2.2454933602568588,0.008527275935345963,1.2271216847132063,4.514483487410307,6.546080688467663,-26.010855837672473,111.83473953621109,6.277218946626967,0.2938353885822105,17986486486.48649
0.0039,0.005889999999999999,0.0002200000000000000,0.0018000000000000002,3,0.029500000000000002,0.007,0.00003500000000000000,0.0005000000000000000,0.001,18.027027027027028,-8.406416024372312,2.2253313120160216,0.008556694064733972,1.4633004487691776,4.5940385181132,6.621946321593747,-25.83558582741189,111.13713758662321,3.387653663148454,0.30488454693386574,18027027027.02703
0.0039,0.005889999999999999,0.0002200000000000000,0.0018000000000000002,3,0.029500000000000002,0.007,0.00003500000000000000,0.0005000000000000000,0.001,18.06756756756757,-8.52376103165262,2.199030935698014,0.008595169599345821,1.943642892111166,4.892946234828156,6.89570443627149,-25.60951703836984,109.9505159125526,0.299842800310938,0.3197376992641524,18067567567.56757
0.0039,0.005889999999999999,0.0002200000000000000,0.0018000000000000002,3,0.029500000000000002,0.007,0.00003500000000000000,0.0005000000000000000,0.001,18.10810810810811,-8.680746276648176,2.1650444689927952,0.00864504343871346,2.4195811783005605,5.145653846920898,7.114405674498164,-25.32715269806644,108.15449143559351,-2.8832468229482617,0.3392481987061456,18108108108.10811
0.0039,0.005889999999999999,0.0002200000000000000,0.0018000000000000002,3,0.029500000000000002,0.007,0.00003500000000000000,0.0005000000000000000,0.001,18.14864864864865,-8.88991848075486,2.1217746664280592,0.008708756489327783,2.8698598740802255,5.316671591110346,7.256398349289092,-24.986977003636817,105.65105433537896,-5.993935488885462,0.3642052086080554,18148648648.64865
0.0039,0.005889999999999999,0.0002200000000000000,0.0018000000000000002,3,0.029500000000000002,0.007,0.00003500000000000000,0.0005000000000000000,0.001,18.18918918918919,-9.166348067953063,2.0678743875435206,0.008788383460363694,3.2778069434915382,5.383437643468012,7.31059686971053,-24.593699945455946,102.40317613599868,-8.802500470439401,0.39511271643332035,18189189189.18919
0.0039,0.005889999999999999,0.0002200000000000000,0.0018000000000000002,3,0.029500000000000002,0.007,0.00003500000000000000,0.0005000000000000000,0.001,18.22972972972973,-9.526758351177696,2.002710438788677,0.008884873427288593,3.624822991908962,5.334784019127286,7.271168415299467,-24.15983297054393,98.4755235229695,-11.046511582021635,0.43188235181870044,18229729729.72973
0.0039,0.005889999999999999,0.0002200000000000000,0.0018000000000000002,3,0.029500000000000002,0.007,0.00003500000000000000,0.0005000000000000000,0.001,18.270270270270274,-9.98738599001756,1.926917812901913,0.008997091294767334,3.8931105240099577,5.175762878686746,7.1397437144023925,-23.705611916896842,94.05569375349222,-12.489180456727956,0.47351820533321143,18270270270.27027
0.0039,0.005889999999999999,0.0002200000000000000,0.0018000000000000002,3,0.029500000000000002,0.007,0.00003500000000000000,0.0005000000000000000,0.001,18.31081081081081,-10.560146916017505,1.8428398159913975,0.009121007218822818,4.093327640843282,4.954937603961868,6.950381899160121,-23.256626263822398,89.43398008416526,-12.989007915545317,0.5179580344874223,18310810810.81081
0.0039,0.005889999999999999,0.0002200000000000000,0.0018000000000000002,3,0.029500000000000002,0.007,0.00003500000000000000,0.0005000000000000000,0.001,18.351351351351354,-11.247088621671402,1.7545696352004065,0.009249602915823739,4.306215880641059,4.793861433814099,6.8068547663137835,-22.839407996301894,84.93947392671267,-12.54665117261934,0.5622586058821203,18351351351.35135
0.0039,0.005889999999999999,0.0002200000000000000,0.0018000000000000002,3,0.029500000000000002,0.007,0.00003500000000000000,0.0005000000000000000,0.001,18.39189189189189,-12.033918053533526,1.6674123832415044,0.009373951189604428,4.410466706491135,4.577183032731742,6.605982793742198,-22.47628920917114,80.85962159305292,-11.302304011698059,0.6031820254477376,18391891891.89189
0.0039,0.005889999999999999,0.0002200000000000000,0.0018000000000000002,3,0.029500000000000002,0.007,0.00003500000000000000,0.0005000000000000000,0.001,18.432432432432435,-12.88452592780187,1.5868811835236285,0.009485308012708844,4.411186812710976,4.328202959786924,6.363076176828079,-22.181374982826497,77.3819947406119,-9.487204880473003,0.6379858750522485,18432432432.43243
0.0039,0.005889999999999999,0.0002200000000000000,0.0018000000000000002,3,0.029500000000000002,0.007,0.00003500000000000000,0.0005000000000000000,0.001,18.472972972972975,-13.739819448420512,1.517602235129239,0.00957731381353963,4.471721980117836,4.210334979570792,6.243166502279996,-21.959007343215454,74.5792474977693,-7.359230982959345,0.6650519141517781,18472972972.97297
0.0039,0.005889999999999999,0.0002200000000000000,0.0018000000000000002,3,0.029500000000000002,0.007,0.00003500000000000000,0.0005000000000000000,0.001,18.513513513513516,-14.525469455879623,1.4624882376685608,0.009647261345154106,4.586416479572645,4.202706599422981,6.235290719708658,-21.804833802544373,72.42991639154673,-5.153505974619276,0.684088950957042,18513513513.51352
0.0039,0.005889999999999999,0.0002200000000000000,0.0018000000000000002,3,0.029500000000000002,0.007,0.00003500000000000000,0.0005000000000000000,0.001,18.554054054054056,-15.172004205690788,1.4223078170310723,0.009696051797465376,4.624387312815227,4.167477582078303,6.1987327232586775,-21.708396141629915,70.8528541148745,-3.061409055769504,0.6959298406927815,18554054054.05405
0.0039,0.005889999999999999,0.0002200000000000000,0.0018000000000000002,3,0.029500000000000002,0.007,0.00003500000000000000,0.0005000000000000000,0.001,18.594594594594597,-15.64307958791569,1.3956044102703633,0.009727295665301084,4.603261754812895,4.110466296941935,6.138910916332126,-21.65572799509772,69.7352537236579,-1.23480994677624,0.702158380792803,18594594594.59460
0.0039,0.005889999999999999,0.0002200000000000000,0.0018000000000000002,3,0.029500000000000002,0.007,0.00003500000000000000,0.0005000000000000000,0.001,18.635135135135137,-15.957936489495841,1.3788530526750538,0.009746366654011396,4.5354018487636525,4.031390438676429,6.05454861450312,-21.630719312546272,68.94149946458558,0.19412615893903434,0.704831529703456,18635135135.13514
0.0039,0.005889999999999999,0.0002200000000000000,0.0018000000000000002,3,0.029500000000000002,0.007,0.00003500000000000000,0.0005000000000000000,0.001,18.675675675675677,-16.19946362140121,1.3665592677387928,0.009760087079305766,4.66484541990685,4.143571198639018,6.173748056897672,-21.614365712482293,68.29056612247734,1.0888435296175993,0.7064960471337433,18675675675.67567
0.0039,0.005889999999999999,0.0002200000000000000,0.0018000000000000002,3,0.029500000000000002,0.007,0.00003500000000000000,0.0005000000000000000,0.001,18.716216216216218,-16.525659892181604,1.350679544258334,0.009777446714124784,4.986842183368116,4.436344331322315,6.470252469878716,-21.58115570871637,67.47796498810504,1.3061806234278739,0.7106552542427333,18716216216.21622
0.0039,0.005889999999999999,0.0002200000000000000,0.0018000000000000002,3,0.029500000000000002,0.007,0.00003500000000000000,0.0005000000000000000,0.001,18.756756756756758,-17.23429729888136,1.3188256304388406,0.009810952790966885,5.313971538360441,4.704069297715154,6.72473710898359,-21.49365371112936,65.91734394419395,0.8187598589209356,0.7226424055843587,18756756756.75676
0.0039,0.005889999999999999,0.0002200000000000000,0.0018000000000000002,3,0.029500000000000002,0.007,0.00003500000000000000,0.0005000000000000000,0.001,18.7972972972973,-18.96283654799598,1.253985741867413,0.009873025548574098,5.498024899229711,4.735726172997736,6.753865828630628,-21.311338320943406,62.69670096247783,0.24295150942710778,0.7488863367480304,18797297297.29730
0.0039,0.005889999999999999,0.0002200000000000000,0.0018000000000000002,3,0.029500000000000002,0.007,0.00003500000000000000,0.0005000000000000000,0.001,18.83783783783784,-22.73592712029602,1.15745067208622,0.00994673924874477,5.2367437074905085,4.250574233658961,6.284476052651698,-21.070925013452253,57.70913000944446,1.5398402071717763,0.7856457499627214,18837837837.83784
0.0039,0.005889999999999999,0.0002200000000000000,0.0018000000000000002,3,0.029500000000000002,0.007,0.00003500000000000000,0.0005000000000000000,0.001,18.878378378378383,-23.492445083249297,1.1433758759360724,0.009955253868801922,5.128775749713589,4.057900544203616,6.083013986281127,-20.973714842140563,53.51661625741462,5.978453617706411,0.8027423515500172,18878378378.37838
0.0039,0.005889999999999999,0.0002200000000000000,0.0018000000000000002,3,0.029500000000000002,0.007,0.00003500000000000000,0.0005000000000000000,0.001,18.91891891891892,-18.98717593225736,1.253185054196959,0.009873735167549753,5.332720099498024,4.358218654278703,6.39309015255014,-21.115555308736027,52.18724471121577,11.344141070838551,0.7833628912435645,18918918918.91892
0.0039,0.005889999999999999,0.0002200000000000000,0.0018000000000000002,3,0.029500000000000002,0.007,0.00003500000000000000,0.0005000000000000000,0.001,18.959459459459463,-16.339837076394236,1.3596262310861549,0.009767717606559069,5.537637305157835,4.7749030580242895,6.789645587904474,-21.3540773299773,52.67462583406736,15.600430844800197,0.7495475202738804,18959459459.45946
0.0039,0.005889999999999999,0.0002200000000000000,0.0018000000000000002,3,0.029500000000000002,0.007,0.00003500000000000000,0.0005000000000000000,0.001,19,-14.870566617798545,1.440505654230513,0.009674205807673216,5.640636868546287,5.104323784091057,7.0793821531813315,-21.5825920619397,53.650031772799174,18.655487526692934,0.7180016983824012,19000000000.00000
0.0039,0.006,0.0002000000000000000,0.001574,3,0.029500000000000002,0.007,0.00003500000000000000,0.0005000000000000000,0.001,16,-9.353196361186495,2.0334050784260005,0.008839405885494152,-4.42423497322672,6.4837648791964355,8.118272576386945,-33.07827678785469,83.47655356644471,32.73189748805521,0.05568641312985524,16000000000.00000
0.0039,0.006,0.0002000000000000000,0.001574,3,0.029500000000000002,0.007,0.00003500000000000000,0.0005000000000000000,0.001,16.04054054054054,-9.378546007136668,2.028844272999985,0.008846160508033614,-4.336584815538174,6.455742948786795,8.099462295600548,-32.96849896007646,83.6946815884177,32.37273084460512,0.0570683464233059,16040540540.54054
0.0039,0.006,0.0002000000000000000,0.001574,3,0.029500000000000002,0.007,0.00003500000000000000,0.0005000000000000000,0.001,16.08108108108108,-9.404903319803703,2.024130721416571,0.008853141948152425,-4.246621647064429,6.421750764612498,8.076534460990686,-32.85218183205483,83.90603700915725,32.00406295363437,0.0585712360494784,16081081081.08108
0.0039,0.006,0.0002000000000000000,0.001574,3,0.029500000000000002,0.007,0.00003500000000000000,0.0005000000000000000,0.001,16.121621621621625,-9.432326567461764,2.019257179741936,0.008860360894292927,-4.154244055629899,6.381901704010645,8.04950110773423,-32.72923104696594,84.10984995228195,31.62588994251851,0.06020401893452081,16121621621.62162
0.0039,0.006,0.0002000000000000000,0.001574,3,0.029500000000000002,0.007,0.00003500000000000000,0.0005000000000000000,0.001,16.162162162162165,-9.460875217911834,2.0142165361938793,0.008867827822307474,-4.059383852534982,6.336360286399944,8.018398633331497,-32.59960996321254,84.30530122376608,31.23826870175416,0.06197574433802848,16162162162.16216
0.0039,0.006,0.0002000000000000000,0.001574,3,0.029500000000000002,0.007,0.00003500000000000000,0.0005000000000000000,0.001,16.202702702702705,-9.490609410662621,2.0090019258727296,0.008875552821770445,-3.962010474804583,6.285337238274689,7.983285846142687,-32.463342191035174,84.49152256059322,30.841328225718723,0.06389551396836675,16202702702.70270
0.0039,0.006,0.0002000000000000000,0.001574,3,0.029500000000000002,0.007,0.00003500000000000000,0.0005000000000000000,0.001,16.243243243243246,-9.521589196502575,2.003606882628778,0.00888354536677407,-3.862135426469834,6.229084031325401,7.944241896146725,-32.320514077062555,84.66759847966321,30.435282616670147,0.06597239760548619,16243243243.24324
0.0039,0.006,0.0002000000000000000,0.001574,3,0.029500000000000002,0.007,0.00003500000000000000,0.0005000000000000000,0.001,16.283783783783782,-9.553873493837909,1.9980255341795248,0.008891814022168994,-3.759816633418965,6.167887280826526,7.901364283110009,-32.17127721070503,84.8325702584793,30.020445729668552,0.06821531805022349,16283783783.78378
0.0039,0.006,0.0002000000000000000,0.001574,3,0.029500000000000002,0.007,0.00003500000000000000,0.0005000000000000000,0.001,16.324324324324326,-9.587518705306682,1.9922528467525003,0.008900366076023881,-3.655162572757542,6.102063362045965,7.854767129170169,-32.015851004547244,84.98544266342029,29.597247333125257,0.07063289873265673,16324324324.32432
0.0039,0.006,0.0002000000000000000,0.001574,3,0.029500000000000002,0.007,0.00003500000000000000,0.0005000000000000000,0.001,16.364864864864867,-9.622576933525265,1.9862849253365389,0.008909207089443521,-3.548336031319751,6.031953540923312,7.804579878686237,-31.85452537019981,85.12519412060787,29.166250518910253,0.0732332670293834,16364864864.86486
0.0039,0.006,0.0002000000000000000,0.001574,3,0.029500000000000002,0.007,0.00003500000000000000,0.0005000000000000000,0.001,16.405405405405407,-9.659093732724795,1.9801193748700416,0.008918340356111772,-3.439557347950908,5.9579198293922,7.750946549906674,-31.687663472081557,85.2507910881594,28.728169909468168,0.07602380638561203,16405405405.40541
0.0039,0.006,0.0002000000000000000,0.001574,3,0.029500000000000002,0.007,0.00003500000000000000,0.0005000000000000000,0.001,16.445945945945947,-9.697105335365524,1.9737557261199519,0.008927766266403828,-3.3291069988334137,5.88034167416242,7.694025612619011,-31.515704494597365,85.36120742125847,28.283889971221285,0.07901085088893478,16445945945.94595
0.0039,0.006,0.0002000000000000000,0.001574,3,0.029500000000000002,0.007,0.00003500000000000000,0.0005000000000000000,0.001,16.486486486486488,-9.736635302114049,1.967195927293694,0.008937481575111816,-3.2071468737737616,5.8132245973975945,7.644171025067262,-31.339166303851023,85.45544950162653,27.834482451042316,0.08219931721666693,16486486486.48649
0.0039,0.006,0.0002000000000000000,0.001574,3,0.029500000000000002,0.007,0.00003500000000000000,0.0005000000000000000,0.001,16.527027027027028,-9.777690563063901,1.9604448982211649,0.008947478578272978,-3.0769801076491254,5.752643207245025,7.598674388734304,-31.158647823469465,85.53258780355647,27.38122160932884,0.0855922711570065,16527027027.02703
0.0039,0.006,0.0002000000000000000,0.001574,3,0.029500000000000002,0.007,0.00003500000000000000,0.0005000000000000000,0.001,16.56756756756757,-9.82025685168471,1.953511137872185,0.00895774421381937,-2.946777017585524,5.68858226500033,7.5500404298445565,-30.974830876291733,85.59179535761031,26.92559554211619,0.08919042949287374,16567567567.56757
0.0039,0.006,0.0002000000000000000,0.001574,3,0.029500000000000002,0.007,0.00003500000000000000,0.0005000000000000000,0.001,16.60810810810811,-9.864293584822645,1.9464073677414349,0.008968259113190272,-2.8171161445974304,5.621402081839639,7.49844650170894,-30.788481171173032,85.63239321511548,26.46931149472613,0.09299160325151942,16608108108.10811
0.0039,0.006,0.0002000000000000000,0.001574,3,0.029500000000000002,0.007,0.00003500000000000000,0.0005000000000000000,0.001,16.64864864864865,-9.909728316050428,1.9391511830903572,0.00897899664683074,-2.6886345032978864,5.551484901997653,7.4440916303073115,-30.60044803986008,85.65390248099615,26.014292716021277,0.09699009542983025,16648648648.64865
0.0039,0.006,0.0002000000000000000,0.001574,3,0.029500000000000002,0.007,0.00003500000000000000,0.0005000000000000000,0.001,16.68918918918919,-9.956450988355632,1.9317656713355766,0.008989922025344209,-2.5620223745332265,5.479235073770461,7.38719933223782,-30.411662458080198,85.65610174683137,25.56266415420172,0.10117607542816079,16689189189.18919
0.0039,0.006,0.0002000000000000000,0.001574,3,0.029500000000000002,0.007,0.00003500000000000000,0.0005000000000000000,0.001,16.729729729729733,-10.004308335020323,1.924279942675146,0.009000991538899465,-2.4380160527303913,5.405078811267976,7.32802030768378,-30.223132825849394,85.63908782346351,25.116724241041958,0.10553496342334896,16729729729.72973
0.0039,0.006,0.0002000000000000000,0.001574,3,0.029500000000000002,0.007,0.00003500000000000000,0.0005000000000000000,0.001,16.770270270270274,-10.053098919026171,1.9167295036678809,0.009012152038246247,-2.317388265009241,5.32946332519114,7.266834779490966,-30.03593794632218,85.60333657887374,24.678900258167154,0.11004687022141023,16770270270.27027
0.0039,0.006,0.0002000000000000000,0.001574,3,0.029500000000000002,0.007,0.00003500000000000000,0.0005000000000000000,0.001,16.81081081081081,-10.102569448038297,1.909156392128223,0.009023340778010926,-2.2009359841964904,5.252855155586198,7.203954255514569,-29.85121664606789,85.54975952258812,24.25168543397123,0.11468615059628832,16810810810.81081
0.0039,0.006,0.0002000000000000000,0.001574,3,0.029500000000000002,0.007,0.00003500000000000000,0.0005000000000000000,0.001,16.85135135135135,-10.152413130868524,1.90160898445843,0.009034485752202424,-2.089465405970062,5.175737606538258,7.1397225086754545,-29.67015354139938,85.47975069027082,23.837557072138804,0.11942113886535857,16851351351.35135
0.0039,0.006,0.0002000000000000000,0.001574,3,0.029500000000000002,0.007,0.00003500000000000000,0.0005000000000000000,0.001,16.89189189189189,-10.20227091828654,1.8941413882724167,0.009045506647404014,-1.9837739707716027,5.098607254389859,7.074515595610206,-29.493960595152803,85.39521758317298,23.438876697924034,0.12421414186002676,16891891891.89189
0.0039,0.006,0.0002000000000000000,0.001574,3,0.029500000000000002,0.007,0.00003500000000000000,0.0005000000000000000,0.001,16.93243243243243,-10.251736453720707,1.8868123479236694,0.009056316515186048,-1.8846295002495888,5.021969569990361,7.008740768306453,-29.323854343014535,85.29858966086383,23.057775371174216,0.1290217633532496,16932432432.43243
0.0039,0.006,0.0002000000000000000,0.001574,3,0.029500000000000002,0.007,0.00003500000000000000,0.0005000000000000000,0.001,16.972972972972975,-10.300365403270286,1.8796836216841244,0.009066824217315068,-1.7904560174862236,4.9489434893367665,6.945124947468338,-29.16102900550392,85.19279843199867,22.69602977615099,0.1337956221935982,16972972972.97297
0.0039,0.006,0.0002000000000000000,0.001574,3,0.029500000000000002,0.007,0.00003500000000000000,0.0005000000000000000,0.001,17.013513513513516,-10.34768950569718,1.8728178380582239,0.009076937624138309,-1.7028323722690677,4.878864165997864,6.883187269503926,-29.006626131524,85.08122473585107,22.354937135644313,0.13848350145347577,17013513513.51351
0.0039,0.006,0.0002000000000000000,0.001574,3,0.029500000000000002,0.007,0.00003500000000000000,0.0005000000000000000,0.001,17.054054054054056,-10.393235174785417,1.8662759027427682,0.009086567452163876,-1.6256184357049568,4.808484297258334,6.82008202138346,-28.861701908827825,84.96761141642554,22.035198969534513,0.14303092730609365,17054054054.05405
0.0039,0.006,0.0002000000000000000,0.001574,3,0.029500000000000002,0.007,0.00003500000000000000,0.0005000000000000000,0.001,17.094594594594597,-10.436545835984091,1.8601141000529107,0.009095631522182623,-1.5592013447239286,4.73840415282964,6.75632100257192,-28.72719376621099,84.85594310881156,21.73682472746464,0.14738312653907992,17094594594.59460
0.0039,0.006,0.0002000000000000000,0.001574,3,0.029500000000000002,0.007,0.00003500000000000000,0.0005000000000000000,0.001,17.135135135135137,-10.477206478119417,1.8543811014578733,0.00910405912174961,-1.5037776583904927,4.669239312359749,6.692461333811876,-28.603888298521404,84.75029887646107,21.45906593322396,0.15148725663270315,17135135135.13514
0.0039,0.006,0.0002000000000000000,0.001574,3,0.029500000000000002,0.007,0.00003500000000000000,0.0005000000000000000,0.001,17.175675675675677,-10.514868288257004,1.8491151443598175,0.00911179508683303,-1.4593347604821691,4.601609342053521,6.629097460596974,-28.49239277680607,84.65468733091959,21.200389441887424,0.15529475141964683,17175675675.67568
0.0039,0.006,0.0002000000000000000,0.001574,3,0.029500000000000002,0.007,0.00003500000000000000,0.0005000000000000000,0.001,17.216216216216218,-10.549270873554054,1.8443416617331598,0.009118803197421522,-1.4209577003935805,4.541019019291021,6.571533208738454,-28.393112480740502,84.57287688556394,20.958494803828113,0.15876358940437416,17216216216.21622
0.0039,0.006,0.0002000000000000000,0.001574,3,0.029500000000000002,0.007,0.00003500000000000000,0.0005000000000000000,0.001,17.256756756756758,-10.580259592374649,1.8400716178159173,0.009125068523923766,-1.390305947936152,4.485688546718263,6.518291160732227,-28.306235764286466,84.50823526004287,20.730375995323843,0.16186028066920893,17256756756.75676
0.0039,0.006,0.0002000000000000000,0.001574,3,0.029500000000000002,0.007,0.00003500000000000000,0.0005000000000000000,0.001,17.2972972972973,-10.607795976589777,1.8363007355589267,0.009130598465594844,-1.3679418330264599,4.434839183255661,6.468778760074395,-28.23172814986309,84.46359183590017,20.512422668398422,0.16456138758796165,17297297297.29730
0.0039,0.006,0.0002000000000000000,0.001574,3,0.029500000000000002,0.007,0.00003500000000000000,0.0005000000000000000,0.001,17.33783783783784,-10.631960076450497,1.8330096975608263,0.009135422374167894,-1.3532140557175842,4.388749748934561,6.423408176288988,-28.169335915416145,84.44113394235818,20.300551499141456,0.16685444348461673,17337837837.83784
0.0039,0.006,0.0002000000000000000,0.001574,3,0.029500000000000002,0.007,0.00003500000000000000,0.0005000000000000000,0.001,17.378378378378383,-10.652944639348512,1.830165282478153,0.009139589828052625,-1.3413671176853317,4.351608993764224,6.386498656700334,-28.118598717933544,84.44234404034383,20.090354998487328,0.16873820410445942,17378378378.37838
0.0039,0.006,0.0002000000000000000,0.001574,3,0.029500000000000002,0.007,0.00003500000000000000,0.0005000000000000000,0.001,17.41891891891892,-10.671042118563713,1.8277222865258815,0.00914316778204266,-1.2256988321417457,4.430102755249324,6.464137997039315,-28.07886993539877,84.46797982698833,19.877253824790923,0.17022224621928936,17418918918.91892
0.0039,0.006,0.0002000000000000000,0.001574,3,0.029500000000000002,0.007,0.00003500000000000000,0.0005000000000000000,0.001,17.459459459459463,-10.686626373996575,1.8256259957018979,0.009146236935155854,-1.1251993010239818,4.50460580052284,6.536567917305522,-28.04934274154295,84.51809439878132,19.656639309232656,0.1713260010923606,17459459459.45946
0.0039,0.006,0.0002000000000000000,0.001574,3,0.029500000000000002,0.007,0.00003500000000000000,0.0005000000000000000,0.001,17.5,-10.700131418414614,1.82381493202213,0.009148887717022228,-1.03942263513262,4.574398426093693,6.603339885868977,-28.029079545060508,84.59208959194811,19.42399525969843,0.1720773653045763,17500000000.00000
0.0039,0.006,0.0002000000000000000,0.001574,3,0.029500000000000002,0.007,0.00003500000000000000,0.0005000000000000000,0.001,17.540540540540544,-10.712029631333895,1.8222235989418014,0.009151216288150708,-0.9678046837604815,4.6387672987869255,6.664025869210965,-28.01704235315077,84.68879298892837,19.17499153444619,0.17251106039180295,17540540540.54054
0.0039,0.006,0.0002000000000000000,0.001574,3,0.029500000000000002,0.007,0.00003500000000000000,0.0005000000000000000,0.001,17.581081081081084,-10.722811565278786,1.8207849899675363,0.009153320892226927,-0.9096940811593024,4.697009755407442,6.718214621877669,-28.01212182411077,84.8065480064563,18.905545651952846,0.17266691502324294,17581081081.08108
0.0039,0.006,0.0002000000000000000,0.001574,3,0.029500000000000002,0.007,0.00003500000000000000,0.0005000000000000000,0.001,17.62162162162162,-10.732968934011947,1.8194326865596735,0.009155298808853636,-0.8643832936169944,4.7484351524857376,6.765505113911675,-28.01316317465333,84.94330679715365,18.61185218242608,0.17258822381649397,17621621621.62162
0.0039,0.006,0.0002000000000000000,0.001574,3,0.029500000000000002,0.007,0.00003500000000000000,0.0005000000000000000,0.001,17.662162162162165,-10.742981749998572,1.818102441374363,0.009157244054650304,-0.8311385591296923,4.792362857786777,6.805496935983754,-28.018987605537816,85.09671701283844,18.290382406435853,0.1723203033534833,17662162162.16216
0.0039,0.006,0.0002000000000000000,0.001574,3,0.029500000000000002,0.007,0.00003500000000000000,0.0005000000000000000,0.001,17.7027027027027,-10.753309999396999,1.8167332074975908,0.009159245887999172,-0.8092281495788332,4.828116537327197,6.8377774421473205,-28.028408409809806,85.26419531578655,17.937858531098446,0.17190932727857608,17702702702.70270
0.0039,0.006,0.0002000000000000000,0.001574,3,0.029500000000000002,0.007,0.00003500000000000000,0.0005000000000000000,0.001,17.743243243243246,-10.76438979315978,1.815267624869703,0.009161388100224488,-0.7500378569697854,4.908871138346236,6.909816316843673,-28.040241360065426,85.44298243742512,17.551207649674183,0.17140148592537757,17743243243.24324
0.0039,0.006,0.0002000000000000000,0.001574,3,0.029500000000000002,0.007,0.00003500000000000000,0.0005000000000000000,0.001,17.783783783783782,-10.776633649315512,1.813652007792817,0.009163749028965553,-0.6763836939394303,5.009169718031504,6.997657464740794,-28.05330929373725,85.63017622934323,17.12750079795877,0.17084248668123575,17783783783.78378
0.0039,0.006,0.0002000000000000000,0.001574,3,0.029500000000000002,0.007,0.00003500000000000000,0.0005000000000000000,0.001,17.824324324324326,-10.790434441480116,1.8118358925244828,0.009166402207545839,-0.6104590132732434,5.102665621253697,7.0779710985635615,-28.066441016868723,85.82274031917106,16.663882161974062,0.17027739160588926,17824324324.32433
0.0039,0.006,0.0002000000000000000,0.001574,3,0.029500000000000002,0.007,0.00003500000000000000,0.0005000000000000000,0.001,17.864864864864867,-10.806172566260157,1.8097712042397656,0.009169417563316165,-0.5514868735899041,5.1884727120373935,7.1503953697199,-28.078464739467513,86.01748658244797,16.157493004771005,0.16975077888256138,17864864864.86486
0.0039,0.006,0.0002000000000000000,0.001574,3,0.029500000000000002,0.007,0.00003500000000000000,0.0005000000000000000,0.001,17.905405405405407,-10.82422600275337,1.8074110919699655,0.009172863092680601,-0.49876892314860377,5.265597344831497,7.214476459580999,-28.08819626672754,86.2110296726925,15.605394470786495,0.16930721337574353,17905405405.40541
0.0039,0.006,0.0002000000000000000,0.001574,3,0.029500000000000002,0.007,0.00003500000000000000,0.0005000000000000000,0.001,17.945945945945947,-10.844983129583133,1.8047084622537521,0.009176806965344522,-0.45170668520696,5.332896334257351,7.2696314154944774,-28.094422136787415,86.39971137370921,15.004493330428224,0.16899201716847354,17945945945.94595
0.0039,0.006,0.0002000000000000000,0.001574,3,0.029500000000000002,0.007,0.00003500000000000000,0.0005000000000000000,0.001,17.986486486486488,-10.868858406073034,1.801614220349445,0.009181320040527732,-0.4098211154240199,5.38903247433243,7.315108006642911,-28.095877860050503,86.57949164954512,14.351475169188774,0.16885234163814603,17986486486.48649
0.0039,0.006,0.0002000000000000000,0.001574,3,0.029500000000000002,0.007,0.00003500000000000000,0.0005000000000000000,0.001,18.027027027027028,-10.896311303558356,1.7980752042381747,0.009186478809922117,-0.3727708552366779,5.432429946414978,7.349941346093912,-28.0912214252945,86.74580209620578,13.64275073817775,0.16893855682879463,18027027027.02703
0.0039,0.006,0.0002000000000000000,0.001574,3,0.029500000000000002,0.007,0.00003500000000000000,0.0005000000000000000,0.001,18.06756756756757,-10.927869190743955,1.7940317729572286,0.009192368813231011,-0.34036971249851505,5.46123298527297,7.372907046549431,-28.079002352530267,86.89335622670097,12.874423442683689,0.16930599019238374,18067567567.56757
0.0039,0.006,0.0002000000000000000,0.001574,3,0.029500000000000002,0.007,0.00003500000000000000,0.0005000000000000000,0.001,18.10810810810811,-10.964155243987808,1.789414988422973,0.00919908859955694,-0.3126040189724582,5.473272695017269,7.382470865475708,-28.057626867285848,87.01590992593708,12.042289605926856,0.17001706377189557,18108108108.10811
0.0039,0.006,0.0002000000000000000,0.001574,3,0.029500000000000002,0.007,0.00003500000000000000,0.0005000000000000000,0.001,18.14864864864865,-11.005922887586063,1.7841433106872495,0.009206754327997389,-0.28965062278606785,5.466049082748545,7.376735271501186,-28.02532034787941,87.10596496726738,11.141888659210665,0.1711438945505911,18148648648.64865
0.0039,0.006,0.0002000000000000000,0.001574,3,0.029500000000000002,0.007,0.00003500000000000000,0.0005000000000000000,0.001,18.18918918918919,-11.05409879318245,1.7781187139053256,0.009215505107049701,-0.27189631825216065,5.436738341740799,7.353384318664129,-27.980089195577914,87.1544095068506,10.168628327435101,0.17277143336624648,18189189189.18919
0.0039,0.006,0.0002000000000000000,0.001574,3,0.029500000000000002,0.007,0.00003500000000000000,0.0005000000000000000,0.001,18.22972972972973,-11.109837102159352,1.7712221308240421,0.00922550915266408,-0.2599593987084336,5.382239162887025,7.3096299198113215,-27.91968587796914,87.15009337568767,9.118020765411625,0.175001216703554,18229729729.72973
0.0039,0.006,0.0002000000000000000,0.001574,3,0.029500000000000002,0.007,0.00003500000000000000,0.0005000000000000000,0.001,18.270270270270274,-11.17458828703754,1.763308159973168,0.009236970776781593,-0.25471357663670835,5.299276049072941,7.242165433049507,-27.841583313310416,87.0793451260084,7.986079791775695,0.17795578024043407,18270270270.27027
0.0039,0.006,0.0002000000000000000,0.001574,3,0.029500000000000002,0.007,0.00003500000000000000,0.0005000000000000000,0.001,18.31081081081081,-11.250186905069215,1.7541990449151152,0.009250138062782205,-0.25731348148142585,5.184581279362064,7.147136873585054,-27.742968206640985,86.92545590065693,6.769946397555315,0.18178371077708444,18310810810.81081
0.0039,0.006,0.0002000000000000000,0.001574,3,0.029500000000000002,0.007,0.00003500000000000000,0.0005000000000000000,0.001,18.351351351351354,-11.338963299171848,1.7436780983848945,0.009265310775705646,-0.16179073121931759,5.161282965358459,7.127576697510176,-27.620767519313603,86.66818781229985,5.468827114815916,0.18666515580139859,18351351351.35135
0.0039,0.006,0.0002000000000000000,0.001574,3,0.029500000000000002,0.007,0.00003500000000000000,0.0005000000000000000,0.001,18.39189189189189,-11.44388476654711,1.7314830603286067,0.00928284748904071,-0.06167023395692217,5.11313155260525,7.086869665649037,-27.471727746157235,86.2834188937775,4.085340981170502,0.192817305705497,18391891891.89189
0.0039,0.006,0.0002000000000000000,0.001574,3,0.029500000000000002,0.007,0.00003500000000000000,0.0005000000000000000,0.001,18.432432432432435,-11.568731194052992,1.7173004448714302,0.009303169934375645,0.043461758034675925,5.037723796157288,7.022343527029696,-27.2925722292219,85.74312018339816,2.6273613950926404,0.20049882096921737,18432432432.43243
0.0039,0.006,0.0002000000000000000,0.001574,3,0.029500000000000002,0.007,0.00003500000000000000,0.0005000000000000000,0.001,18.472972972972975,-11.71830736978323,1.7007628769806544,0.009326761004985187,0.15444367519894758,4.934029599748071,6.932017505385356,-27.08026534758575,85.01597543808022,1.110382571073941,0.2100112776092604,18472972972.97297
0.0039,0.006,0.0002000000000000000,0.001574,3,0.029500000000000002,0.007,0.00003500000000000000,0.0005000000000000000,0.001,18.513513513513516,-11.898686774044073,1.6814528793252776,0.009354150507582213,0.2719925186513839,4.802248667330775,6.814446446950761,-26.832410394354497,84.0690855201164,-0.43970522808039963,0.2216943408847838,18513513513.51352
0.0039,0.006,0.0002000000000000000,0.001574,3,0.029500000000000002,0.007,0.00003500000000000000,0.0005000000000000000,0.001,18.554054054054056,-12.117465661020535,1.658918583861987,0.009385879727581125,0.5398731881780292,4.800005855794309,6.812417671959214,-26.547794635966888,82.87129415213798,-1.9838330514897309,0.23590956599057655,18554054054.05405
0.0039,0.006,0.0002000000000000000,0.001574,3,0.029500000000000002,0.007,0.00003500000000000000,0.0005000000000000000,0.001,18.594594594594597,-12.383975658380608,1.6327091208637734,0.00942243291642901,0.9199764120939192,4.8850278531334625,6.888670442938258,-26.227063489371126,81.39860999610882,-3.4678203344363334,0.2530058697308698,18594594594.59460
0.0039,0.006,0.0002000000000000000,0.001574,3,0.029500000000000002,0.007,0.00003500000000000000,0.0005000000000000000,0.001,18.635135135135137,-12.709350432406508,1.6024389242925436,0.00946412319820925,1.2855249037123484,4.920144927724427,6.919778955283329,-25.87345020118525,79.64178817784995,-4.822711233211663,0.27325907560204105,18635135135.13514
0.0039,0.006,0.0002000000000000000,0.001574,3,0.029500000000000002,0.007,0.00003500000000000000,0.0005000000000000000,0.001,18.675675675675677,-13.10626157136274,1.5678885162413458,0.009510926825166414,1.6541054771023482,4.93144571782878,6.929742570526215,-25.493408690145504,77.61517498513106,-5.969201195793012,0.2967811344934985,18675675675.67567
0.0039,0.006,0.0002000000000000000,0.001574,3,0.029500000000000002,0.007,0.00003500000000000000,0.0005000000000000000,0.001,18.716216216216218,-13.588036528566398,1.5291406946771962,0.009562280043749061,2.055711073124743,4.9639074578463385,6.9582367634778155,-25.096911106131788,75.36443376669169,-6.8276843963022005,0.3234055219651494,18716216216.21622
0.0039,0.006,0.0002000000000000000,0.001574,3,0.029500000000000002,0.007,0.00003500000000000000,0.0005000000000000000,0.001,18.756756756756758,-14.166784276066522,1.486731818176131,0.009616891689974276,2.4140779557435295,4.944863235116646,6.9415428439517175,-24.697117639789504,72.96933481540493,-7.3338825621348604,0.3525766209107426,18756756756.75676
0.0039,0.006,0.0002000000000000000,0.001574,3,0.029500000000000002,0.007,0.00003500000000000000,0.0005000000000000000,0.001,18.7972972972973,-14.850183818512981,1.4417691834529356,0.009672673159777139,2.7181940203535433,4.878458034062345,6.882825734125662,-24.309166581932544,70.5376382818126,-7.4571691562997815,0.3832982431106957,18797297297.29730
0.0039,0.006,0.0002000000000000000,0.001574,3,0.029500000000000002,0.007,0.00003500000000000000,0.0005000000000000000,0.001,18.83783783783784,-15.636952467857526,1.3959388378814683,0.009726910656628724,2.9829276483694622,4.798107740753187,6.810699957554542,-23.94802304095263,68.18837771600215,-7.21592179180259,0.41421208825967054,18837837837.83784
0.0039,0.006,0.0002000000000000000,0.001574,3,0.029500000000000002,0.007,0.00003500000000000000,0.0005000000000000000,0.001,18.878378378378383,-16.51210295714029,1.3513235340811158,0.009776750906413226,3.3390431932135445,4.860297718494418,6.866628728711685,-23.625640032466787,66.02706299698852,-6.683919378980243,0.44385533716760484,18878378378.37838
0.0039,0.006,0.0002000000000000000,0.001574,3,0.029500000000000002,0.007,0.00003500000000000000,0.0005000000000000000,0.001,18.91891891891892,-17.445525867621004,1.3099785593480642,0.009819927492044613,3.636838524315177,4.904401802708099,6.905860433926161,-23.347939098870786,64.11842030266608,-5.985313361192148,0.4710834088577624,18918918918.91892
0.0039,0.006,0.0002000000000000000,0.001574,3,0.029500000000000002,0.007,0.00003500000000000000,0.0005000000000000000,0.001,18.959459459459463,-18.40159553645926,1.273255186499218,0.009855509116583276,3.818486374232164,4.8610020760589085,6.867258065550473,-23.111981051219608,62.46021654989509,-5.280901242318363,0.4955903380698528,18959459459.45946
0.0039,0.006,0.0002000000000000000,0.001574,3,0.029500000000000002,0.007,0.00003500000000000000,0.0005000000000000000,0.001,19,-19.37241036801413,1.240878346713216,0.00988445292310296,3.8836818053331488,4.716399755742235,6.7361060820320535,-22.90289790343143,60.95218811560707,-4.749010997960395,0.5185105201971433,19000000000.00000
0.0039,0.006,0.0002000000000000000,0.0018000000000000002,3,0.029500000000000002,0.007,0.00003500000000000000,0.0005000000000000000,0.001,16,-6.791585776425101,2.6868479546312862,0.007906652045680052,-2.078544309200184,6.199009555386211,7.923223057899192,-31.02184109834178,110.39980239238064,46.8796977330754,0.09995931314797643,16000000000.00000
0.0039,0.006,0.0002000000000000000,0.0018000000000000002,3,0.029500000000000002,0.007,0.00003500000000000000,0.0005000000000000000,0.001,16.04054054054054,-6.820766746864976,2.676448023167564,0.007920670450915854,-1.9590622557119834,6.149417946712328,7.888340109796786,-30.85978292232793,110.81301452547983,46.042265222341605,0.10357614988206987,16040540540.54054
0.0039,0.006,0.0002000000000000000,0.0018000000000000002,3,0.029500000000000002,0.007,0.00003500000000000000,0.0005000000000000000,0.001,16.08108108108108,-6.852005322758389,2.6654179146492543,0.007935573298110432,-1.8373516317900085,6.091355111242217,7.847139185553468,-30.68870774309158,111.19641308894789,45.172035930156575,0.10753526712629499,16081081081.08108
0.0039,0.006,0.0002000000000000000,0.0018000000000000002,3,0.029500000000000002,0.007,0.00003500000000000000,0.0005000000000000000,0.001,16.121621621621625,-6.885461630842174,2.6537214063187533,0.007951415714713906,-1.7137642943787388,6.024682651292975,7.79934175492196,-30.508661451602308,111.54560911784502,44.269722764375665,0.11186375541236757,16121621621.62162
0.0039,0.006,0.0002000000000000000,0.0018000000000000002,3,0.029500000000000002,0.007,0.00003500000000000000,0.0005000000000000000,0.001,16.162162162162165,-6.92129716416053,2.6413250006414537,0.007968249929081635,-1.5887708209277576,5.949331629972373,7.7446817821271265,-30.319823127613862,111.85590364392603,43.33666877865179,0.11658823822658612,16162162162.16216
0.0039,0.006,0.0002000000000000000,0.0018000000000000002,3,0.029500000000000002,0.007,0.00003500000000000000,0.0005000000000000000,0.001,16.202702702702705,-6.959669844470399,2.6281998392157466,0.007986122658745601,-1.4629701225448166,5.865312741144086,7.682911738483149,-30.122522098703154,112.12235770050705,42.374978563504584,0.12173397795937983,16202702702.70270
0.0039,0.006,0.0002000000000000000,0.0018000000000000002,3,0.029500000000000002,0.007,0.00003500000000000000,0.0005000000000000000,0.001,16.243243243243246,-7.00072731759351,2.614324082360096,0.00800507180575717,-1.3370968329163864,5.772726869843075,7.613810098239194,-29.917254612068994,112.33990119163617,41.387653563363806,0.1273237164897291,16243243243.24324
0.0039,0.006,0.0002000000000000000,0.0018000000000000002,3,0.029500000000000002,0.007,0.00003500000000000000,0.0005000000000000000,0.001,16.283783783783782,-7.044598191266582,2.5996857707663774,0.008025122413605559,-1.212025501674192,5.6717754844533586,7.537190310972858,-29.704699154963752,112.50348799719114,40.37872161465768,0.13337622422824583,16283783783.78378
0.0039,0.006,0.0002000000000000000,0.0018000000000000002,3,0.029500000000000002,0.007,0.00003500000000000000,0.0005000000000000000,0.001,16.324324324324326,-7.091380997379659,2.5842861411713995,0.008046281898792217,-1.088770444576716,5.562770108483629,7.452911123082529,-29.48572912902297,112.6083028974784,39.35334693048456,0.1399045513891504,16324324324.32432
0.0039,0.006,0.0002000000000000000,0.0018000000000000002,3,0.029500000000000002,0.007,0.00003500000000000000,0.0005000000000000000,0.001,16.364864864864867,-7.141130811704697,2.568143301961842,0.008068534661509787,-0.968479958246311,5.446139968917692,7.360887987644022,-29.261421255675806,112.65002224653337,38.31790259560782,0.14691400746164876,16364864864.86486
0.0039,0.006,0.0002000000000000000,0.0018000000000000002,3,0.029500000000000002,0.007,0.00003500000000000000,0.0005000000000000000,0.001,16.405405405405407,-7.193843719870828,2.5512960858056113,0.00809183630776199,-0.8524235385834816,5.3224368422087025,7.261105166593521,-29.033057818062453,112.62512439920819,37.27998418006424,0.15439994079988242,16405405405.40541
0.0039,0.006,0.0002000000000000000,0.0018000000000000002,3,0.029500000000000002,0.007,0.00003500000000000000,0.0005000000000000000,0.001,16.445945945945947,-7.249439697260737,2.5338077884429535,0.008116107876837583,-0.7419708048924589,5.192336147373971,7.15362800553481,-28.802120701328093,112.53123762467278,36.24834148458231,0.16234544912023566,16445945945.94595
0.0039,0.006,0.0002000000000000000,0.0018000000000000002,3,0.029500000000000002,0.007,0.00003500000000000000,0.0005000000000000000,0.001,16.486486486486488,-7.307744973365621,2.5157693866589153,0.008141230649764507,-0.6385610877573495,5.056633487432008,7.038614764416627,-28.570275262735414,112.36750312034633,35.23270709017359,0.170719218800337,16486486486.48649
0.0039,0.006,0.0002000000000000000,0.0018000000000000002,3,0.029500000000000002,0.007,0.00003500000000000000,0.0005000000000000000,0.001,16.527027027027028,-7.368475544964085,2.4973017245455846,0.008167042288024791,-0.5436631413798577,4.916236120401691,6.916327333122418,-28.339342431279434,112.13492009525943,34.2435066327037,0.17947375632743917,16527027027.02703
0.0039,0.006,0.0002000000000000000,0.0018000000000000002,3,0.029500000000000002,0.007,0.00003500000000000000,0.0005000000000000000,0.001,16.56756756756757,-7.431224105022358,2.4785560950986016,0.008193335173389259,-0.458725218118488,4.772149232546586,6.787140162762011,-28.111258167235246,111.83663093213129,33.291447340973754,0.18854432361650508,16567567567.56757
0.0039,0.006,0.0002000000000000000,0.0018000000000000002,3,0.029500000000000002,0.007,0.00003500000000000000,0.0005000000000000000,0.001,16.60810810810811,-7.495453125108622,2.4597126592197536,0.008219857833592406,-0.38511677304827663,4.62545735207069,6.651546810016465,-27.888020520340365,111.47810002261186,32.3869979916804,0.19784890076285863,16608108108.10811
0.0039,0.006,0.0002000000000000000,0.0018000000000000002,3,0.029500000000000002,0.007,0.00003500000000000000,0.0005000000000000000,0.001,16.64864864864865,-7.5604969788585805,2.440976268592102,0.008246320189554433,-0.32406426099371466,4.477301722796976,6.5101636222585135,-27.671625946707717,111.06714284650593,31.539793032611854,0.2072894559392189,16648648648.64865
0.0039,0.006,0.0002000000000000000,0.0018000000000000002,3,0.029500000000000002,0.007,0.00003500000000000000,0.0005000000000000000,0.001,16.68918918918919,-7.625575620730366,2.4225695092705073,0.008272403013086614,-0.2559796332087172,4.349441886624856,6.384335325616032,-27.46399811755363,110.61377404523465,30.75801249436974,0.21675469043924275,16689189189.18919
0.0039,0.006,0.0002000000000000000,0.0018000000000000002,3,0.029500000000000002,0.007,0.00003500000000000000,0.0005000000000000000,0.001,16.729729729729733,-7.689821292272661,2.404723146459168,0.008297771448086229,-0.20191710756562345,4.221445143189501,6.254611500785302,-27.26691392284959,110.12986432809168,30.047802667374697,0.22612424986747287,16729729729.72973
0.0039,0.006,0.0002000000000000000,0.0018000000000000002,3,0.029500000000000002,0.007,0.00003500000000000000,0.0005000000000000000,0.001,16.770270270270274,-7.752318014991065,2.3876645772588176,0.008322091792139852,-0.16349513972599627,4.093325027954897,6.120762309005473,-27.081932431494113,109.6286230282622,29.412805848342845,0.2352741727836584,16770270270.27027
0.0039,0.006,0.0002000000000000000,0.0018000000000000002,3,0.029500000000000002,0.007,0.00003500000000000000,0.0005000000000000000,0.001,16.81081081081081,-7.8121514572406925,2.3716053021081596,0.008345050087486724,-0.14083745287247293,3.9662354785018077,5.983784950377271,-26.91033292640541,109.12395056867089,28.85385818201423,0.24408312765620366,16810810810.81081
0.0039,0.006,0.0002000000000000000,0.0018000000000000002,3,0.029500000000000002,0.007,0.00003500000000000000,0.0005000000000000000,0.001,16.85135135135135,-7.868464569829683,2.3567287063947253,0.008366370591273396,-0.10130124669943663,3.87002467241337,5.8771373376796205,-26.753067605431827,108.62972656807172,28.368893405696408,0.2524388200701601,16851351351.35135
0.0039,0.006,0.0002000000000000000,0.0018000000000000002,3,0.029500000000000002,0.007,0.00003500000000000000,0.0005000000000000000,0.001,16.89189189189189,-7.9205127450948005,2.343179515476104,0.008385832029424034,0.08977934686871883,3.9228111985890757,5.935974064257145,-26.610733126248455,108.1591094342161,27.953061280705576,0.2602438817992713,16891891891.89189
0.0039,0.006,0.0002000000000000000,0.0018000000000000002,3,0.029500000000000002,0.007,0.00003500000000000000,0.0005000000000000000,0.001,16.93243243243243,-7.967711696488145,2.3310561104050898,0.008403279760310526,0.2676309208002335,3.977115675217891,5.9956822271296994,-26.48356308403889,107.72391961728877,27.599039147179912,0.26742060645835414,16932432432.43243
0.0039,0.006,0.0002000000000000000,0.0018000000000000002,3,0.029500000000000002,0.007,0.00003500000000000000,0.0005000000000000000,0.001,16.972972972972975,-8.009672056424865,2.3204064947653578,0.008418632553337647,0.43139466134665205,4.032042790884666,6.055251325015743,-26.371441120131752,107.33416257229774,27.29749009927339,0.27391406535158713,16972972972.97297
0.0039,0.006,0.0002000000000000000,0.0018000000000000002,3,0.029500000000000002,0.007,0.00003500000000000000,0.0005000000000000000,0.001,17.013513513513516,-8.046216733192825,2.3112281728440927,0.008431883492360886,0.5805031227983568,4.086656364160299,6.113681206028712,-26.27393211281651,106.99772342737064,27.03760658986634,0.2796933828353935,17013513513.51351
0.0039,0.006,0.0002000000000000000,0.0018000000000000002,3,0.029500000000000002,0.007,0.00003500000000000000,0.0005000000000000000,0.001,17.054054054054056,-8.0773798589294,2.3034716563400877,0.008443095355887371,0.7146669144255163,4.140007276959814,6.170011044882213,-26.190327188450322,106.72023937052977,26.80767548801497,0.2847512157315095,17054054054.05405
0.0039,0.006,0.0002000000000000000,0.0018000000000000002,3,0.029500000000000002,0.007,0.00003500000000000000,0.0005000000000000000,0.001,17.094594594594597,-8.103388998611582,2.2970468752910924,0.008452391522136818,0.8338506025412862,4.191161546384221,6.223344008364937,-26.119697348374746,106.5051333223902,26.595608186312997,0.2891017092960567,17094594594.59460
0.0039,0.006,0.0002000000000000000,0.0018000000000000002,3,0.029500000000000002,0.007,0.00003500000000000000,0.0005000000000000000,0.001,17.135135135135137,-8.124634516713552,2.2918315036265597,0.008459943874990073,0.9382415187120701,4.239226987789249,6.272866713228993,-26.06095037602106,106.3537770542024,26.389393612315757,0.2927773533622595,17135135135.13514
0.0039,0.006,0.0002000000000000000,0.0018000000000000002,3,0.029500000000000002,0.007,0.00003500000000000000,0.0005000000000000000,0.001,17.175675675675677,-8.141631210610354,2.2876801404188507,0.008465959311294124,1.0282149331779833,4.28337693394706,6.3178629366584,-26.012886234912433,106.26574457079779,26.17744863927208,0.29582522237515013,17175675675.67568
0.0039,0.006,0.0002000000000000000,0.0018000000000000002,3,0.029500000000000002,0.007,0.00003500000000000000,0.0005000000000000000,0.001,17.216216216216218,-8.154977454597145,2.2844333848084233,0.008470666314416453,1.1042984056348328,4.32286954383067,6.357721295310253,-25.974247150839535,106.23911627829847,25.94885578068998,0.29830306181625205,17216216216.21622
0.0039,0.006,0.0002000000000000000,0.0018000000000000002,3,0.029500000000000002,0.007,0.00003500000000000000,0.0005000000000000000,0.001,17.256756756756758,-8.16531637916576,2.2819260461748314,0.008474302754752165,1.1671372739680301,4.357061349993779,6.3919367510127625,-25.943759720647805,106.27079897853503,25.693489918566414,0.3002756061264036,17256756756.75676
0.0039,0.006,0.0002000000000000000,0.0018000000000000002,3,0.029500000000000002,0.007,0.00003500000000000000,0.0005000000000000000,0.001,17.2972972972973,-8.173302409530786,2.279993975375815,0.008477105707442744,1.2174623701379093,4.3854138425396885,6.420105831184202,-25.92016747367143,106.3568335798188,25.40204333029677,0.3018114097319475,17297297297.29730
0.0039,0.006,0.0002000000000000000,0.0018000000000000002,3,0.029500000000000002,0.007,0.00003500000000000000,0.0005000000000000000,0.001,17.33783783783784,-8.179575182420203,2.278479232865128,0.008479303726283319,1.2560602867659232,4.407492049066947,6.441915375228139,-25.90225316996065,106.49266944142104,25.065961735299013,0.3029803696782174,17337837837.83784
0.0039,0.006,0.0002000000000000000,0.0018000000000000002,3,0.029500000000000002,0.007,0.00003500000000000000,0.0005000000000000000,0.001,17.378378378378383,-8.184741734086415,2.2772334900848024,0.008481111735521588,1.283745921983037,4.4229542203880445,6.457124442450846,-25.888850671301217,106.67338997126255,24.677304417506043,0.30385203405050637,17378378378.37838
0.0039,0.006,0.0002000000000000000,0.0018000000000000002,3,0.029500000000000002,0.007,0.00003500000000000000,0.0005000000000000000,0.001,17.41891891891892,-8.189367061100228,2.2761196763523723,0.008482728522164307,1.3013366134123663,4.431531848175507,6.465538748040962,-25.878846452248766,106.89387759826536,24.228539865243725,0.304494734202735,17418918918.91892
0.0039,0.006,0.0002000000000000000,0.0018000000000000002,3,0.029500000000000002,0.007,0.00003500000000000000,0.0005000000000000000,0.001,17.459459459459463,-8.193972741961906,2.275011934169961,0.008484336731431187,1.3096269151660356,4.432999315036955,6.4669766419450845,-25.871170759521128,107.14890713547388,23.712285962926927,0.3049755528968453,17459459459.45946
0.0039,0.006,0.0002000000000000000,0.0018000000000000002,3,0.029500000000000002,0.007,0.00003500000000000000,0.0005000000000000000,0.001,17.5,-8.199043242229903,2.273793939630529,0.008486105274840606,1.3093629427015665,4.4271325282946785,6.461225229830446,-25.864778135850166,107.4331546822467,23.121001635402983,0.30536114210809423,17500000000.00000
0.0039,0.006,0.0002000000000000000,0.0018000000000000002,3,0.029500000000000002,0.007,0.00003500000000000000,0.0005000000000000000,0.001,17.540540540540544,-8.205039745651069,2.272355593040724,0.008488194136408656,1.303879826677492,4.416364841871358,6.450649438575741,-25.858616572843882,107.74110452329359,22.44663604092937,0.3057194283237881,17540540540.54054
0.0039,0.006,0.0002000000000000000,0.0018000000000000002,3,0.029500000000000002,0.007,0.00003500000000000000,0.0005000000000000000,0.001,17.581081081081084,-8.212421792689641,2.2705879998916245,0.008490761689734424,1.298033863321506,4.404619952628404,6.439084417839761,-25.85158403746054,108.06682891969443,21.680243167101388,0.30612228370172745,17581081081.08108
0.0039,0.006,0.0002000000000000000,0.0018000000000000002,3,0.029500000000000002,0.007,0.00003500000000000000,0.0005000000000000000,0.001,17.62162162162162,-8.221677612292876,2.268376555414916,0.00849397480038892,1.2870050316488335,4.38589809721524,6.420585369787062,-25.84247065606062,108.40360528989369,20.81157569131788,0.30664929190969087,17621621621.62162
0.0039,0.006,0.0002000000000000000,0.0018000000000000002,3,0.029500000000000002,0.007,0.00003500000000000000,0.0005000000000000000,0.001,17.662162162162165,-8.233364766592942,2.265591829631664,0.008498022166385236,1.2750386302889813,4.363250892083204,6.398101861508207,-25.829884635458164,108.74332242631777,19.828684712231478,0.3073927900822648,17662162162.16216
0.0039,0.006,0.0002000000000000000,0.0018000000000000002,3,0.029500000000000002,0.007,0.00003500000000000000,0.0005000000000000000,0.001,17.7027027027027,-8.248163570699363,2.262077840744146,0.008503131521675573,1.321994283248896,4.395359097758231,6.429943624141176,-25.812160375369032,109.07561338872969,18.71757511252667,0.308464411896662,17702702702.70270
0.0039,0.006,0.0002000000000000000,0.0018000000000000002,3,0.029500000000000002,0.007,0.00003500000000000000,0.0005000000000000000,0.001,17.743243243243246,-8.266946688584259,2.257637229549465,0.008509591457423403,1.3711758667582477,4.423348607067184,6.457511677574807,-25.787248708261377,109.3866408920741,17.4620050703418,0.3100033727898731,17743243243.24324
0.0039,0.006,0.0002000000000000000,0.0018000000000000002,3,0.029500000000000002,0.007,0.00003500000000000000,0.0005000000000000000,0.001,17.783783783783782,-8.290869325737479,2.2520128520734928,0.008517778640279215,1.4234795979984163,4.445632622218573,6.479335706581785,-25.752592614030817,109.65745872927093,16.043579288958373,0.31218669435267166,17783783783.78378
0.0039,0.006,0.0002000000000000000,0.0018000000000000002,3,0.029500000000000002,0.007,0.00003500000000000000,0.0005000000000000000,0.001,17.824324324324326,-8.32148549742122,2.24486547185784,0.008528191013616767,1.4796098639030197,4.459824132560604,6.493177332044297,-25.704998277358754,109.86189476685057,14.442375887566675,0.31524140408539253,17824324324.32433
0.0039,0.006,0.0002000000000000000,0.0018000000000000002,3,0.029500000000000002,0.007,0.00003500000000000000,0.0005000000000000000,0.001,17.864864864864867,-8.36089682511779,2.2357476957356024,0.00854148695612309,1.5399938505134454,4.462570718999861,6.495851115018851,-25.64052244447055,109.96397434968017,12.638469874318831,0.3194583715870482,17864864864.86486
0.0039,0.006,0.0002000000000000000,0.0018000000000000002,3,0.029500000000000002,0.007,0.00003500000000000000,0.0005000000000000000,0.001,17.905405405405407,-8.411940884608292,2.2240752890346265,0.008558528993328623,1.6192744230600646,4.464450024854966,6.497679658265599,-25.554413972754464,109.91507237299982,10.614860809857705,0.3252066940154973,17905405405.40541
0.0039,0.006,0.0002000000000000000,0.0018000000000000002,3,0.029500000000000002,0.007,0.00003500000000000000,0.0005000000000000000,0.001,17.945945945945947,-8.47842554706198,2.2090988921553163,0.008580427932440089,1.7694271522862164,4.514074004898415,6.545686747363288,-25.44117011511782,109.65131152544456,8.362431527339348,0.33294618309509155,17945945945.94595
0.0039,0.006,0.0002000000000000000,0.0018000000000000002,3,0.029500000000000002,0.007,0.00003500000000000000,0.0005000000000000000,0.001,17.986486486486488,-8.565412402184457,2.189882450428107,0.008608578339594535,1.9326458177775405,4.54647975952326,6.57675261991669,-25.294792442362063,109.09227817023931,5.887537235406374,0.343233224082096,17986486486.48649
0.0039,0.006,0.0002000000000000000,0.0018000000000000002,3,0.029500000000000002,0.007,0.00003500000000000000,0.0005000000000000000,0.001,18.027027027027028,-8.679543024929037,2.1652999153056562,0.00864466798386599,2.2798247010259134,4.738762973321965,6.756649864050907,-25.109341983390134,108.14290583570647,3.222409260997676,0.356711806318005,18027027027.02703
0.0039,0.006,0.0002000000000000000,0.0018000000000000002,3,0.029500000000000002,0.007,0.00003500000000000000,0.0005000000000000000,0.001,18.06756756756757,-8.82938076355041,2.134069149176126,0.008690631394692054,2.645848968820852,4.916136054657329,6.91623893532821,-24.879876665461857,106.70115999187216,0.437394640744229,0.3740769972282416,18067567567.56757
0.0039,0.006,0.0002000000000000000,0.0018000000000000002,3,0.029500000000000002,0.007,0.00003500000000000000,0.0005000000000000000,0.001,18.10810810810811,-9.025698652583355,2.0948501923714304,0.008748502072513754,2.9992060775667007,5.037697857559603,7.022321165702834,-24.603778097720262,104.67427420463696,-2.3481579595806776,0.395993895625271,18108108108.10811
0.0039,0.006,0.0002000000000000000,0.0018000000000000002,3,0.029500000000000002,0.007,0.00003500000000000000,0.0005000000000000000,0.001,18.14864864864865,-9.281568835330713,2.0464394684141096,0.008820105663639449,3.328036727711148,5.08755880968922,7.065094424938939,-24.282319817722637,102.00450737481121,-4.962501527816525,0.42295506515373316,18148648648.64865
0.0039,0.006,0.0002000000000000000,0.0018000000000000002,3,0.029500000000000002,0.007,0.00003500000000000000,0.0005000000000000000,0.001,18.18918918918919,-9.611990321781022,1.9880820255090415,0.008906544866515494,3.6183239389148634,5.055371482671568,7.037530742587007,-23.92211420373379,98.7005291866369,-7.193621654421674,0.45507116685126886,18189189189.18919
0.0039,0.006,0.0002000000000000000,0.0018000000000000002,3,0.029500000000000002,0.007,0.00003500000000000000,0.0005000000000000000,0.001,18.22972972972973,-10.03263543481684,1.9198863549498768,0.009007486422656495,3.8545795485796934,4.939123530183655,6.9364988824015015,-23.53588317216452,94.86333197849379,-8.822390869315678,0.4918221303240841,18229729729.72973
0.0039,0.006,0.0002000000000000000,0.0018000000000000002,3,0.029500000000000002,0.007,0.00003500000000000000,0.0005000000000000000,0.001,18.270270270270274,-10.557147017985907,1.8432537183006181,0.009120399843009446,4.021251308061547,4.7460856406350125,6.763355705689823,-23.141965613240703,90.69078638663201,-9.67269658617217,0.5318504857618209,18270270270.27027
0.0039,0.006,0.0002000000000000000,0.0018000000000000002,3,0.029500000000000002,0.007,0.00003500000000000000,0.0005000000000000000,0.001,18.31081081081081,-11.19239625858912,1.7611498445784994,0.009240093124158525,4.151514374229278,4.539946277313231,6.570507137371786,-22.76222928134777,86.44981451408906,-9.661293770018592,0.5729288920298818,18310810810.81081
0.0039,0.006,0.0002000000000000000,0.0018000000000000002,3,0.029500000000000002,0.007,0.00003500000000000000,0.0005000000000000000,0.001,18.351351351351354,-11.931435026271423,1.6780190803017307,0.009359002261377642,4.219727177481014,4.315821204967709,6.3506344451311545,-22.418611745519353,82.42134385382133,-8.824027208268676,0.6122224813557441,18351351351.35135
0.0039,0.006,0.0002000000000000000,0.0018000000000000002,3,0.029500000000000002,0.007,0.00003500000000000000,0.0005000000000000000,0.001,18.39189189189189,-12.744932206605267,1.599238163965308,0.009468495703772858,4.194659187556912,4.061302941082074,6.086653856321906,-22.129184804227982,78.84026559241748,-7.30496899082922,0.646845458214283,18391891891.89189
0.0039,0.006,0.0002000000000000000,0.0018000000000000002,3,0.029500000000000002,0.007,0.00003500000000000000,0.0005000000000000000,0.001,18.432432432432435,-13.574317530414465,1.5301988439338299,0.009560895136897328,4.084604610728256,3.797187035353579,5.794619894024892,-21.905029734158894,75.85559086229809,-5.315539045612558,0.6745256539643764,18432432432.43243
0.0039,0.006,0.0002000000000000000,0.0018000000000000002,3,0.029500000000000002,0.007,0.00003500000000000000,0.0005000000000000000,0.001,18.472972972972975,-14.333958699709441,1.47524865739433,0.009631358580233996,4.179894079432272,3.7720116379125295,5.765730240105176,-21.748960639081538,73.52223527700792,-3.085278764129808,0.6940909533587362,18472972972.97297
0.0039,0.006,0.0002000000000000000,0.0018000000000000002,3,0.029500000000000002,0.007,0.00003500000000000000,0.0005000000000000000,0.001,18.513513513513516,-14.93192029794173,1.4367280024943057,0.0096787760115279,4.3841668525381845,3.8892390895795232,5.898646420657893,-21.656275173805753,71.81802188455889,-0.8248043605361539,0.7055893924914586,18513513513.51352
0.0039,0.006,0.0002000000000000000,0.0018000000000000002,3,0.029500000000000002,0.007,0.00003500000000000000,0.0005000000000000000,0.001,18.554054054054056,-15.308653389124089,1.4143502486183686,0.009705466525191279,4.538500875570424,4.004460449066408,6.025440086153704,-21.616775050385563,70.67039685102851,1.2899807798700988,0.7100780353463931,18554054054.05405
0.0039,0.006,0.0002000000000000000,0.0018000000000000002,3,0.029500000000000002,0.007,0.00003500000000000000,0.0005000000000000000,0.001,18.594594594594597,-15.469564698084211,1.4052039536030316,0.0097161796507087,4.66473228958907,4.127173307223979,6.156527060450299,-21.61683940838756,69.97827410303914,3.1140189513238075,0.7092845875430022,18594594594.59460
0.0039,0.006,0.0002000000000000000,0.0018000000000000002,3,0.029500000000000002,0.007,0.00003500000000000000,0.0005000000000000000,0.001,18.635135135135137,-15.484683527675728,1.4043567875561285,0.009717165979405064,4.78561725016455,4.267194567773394,6.301424454803292,-21.640410994645872,69.6182534309665,4.5160575009351325,0.7053737270584407,18635135135.13514
0.0039,0.006,0.0002000000000000000,0.0018000000000000002,3,0.029500000000000002,0.007,0.00003500000000000000,0.0005000000000000000,0.001,18.675675675675677,-15.465451746675738,1.405434776753079,0.009715910733582581,4.922029452010258,4.430834860116715,6.464855639163901,-21.66799102710972,69.42368447623149,5.3576603246176795,0.7009989723245643,18675675675.67567
0.0039,0.006,0.0002000000000000000,0.0018000000000000002,3,0.029500000000000002,0.007,0.00003500000000000000,0.0005000000000000000,0.001,18.716216216216218,-15.556019399644143,1.4003873628851358,0.009721773777053211,5.08578858056879,4.609184978384005,6.636241378228056,-21.67299768820493,69.11677402402316,5.49161235452377,0.6997690339196238,18716216216.21622
0.0039,0.006,0.0002000000000000000,0.0018000000000000002,3,0.029500000000000002,0.007,0.00003500000000000000,0.0005000000000000000,0.001,18.756756756756758,-15.966713066563184,1.3783980470111945,0.009746878699395554,5.274476665111509,4.764387737511015,6.780070981947004,-21.616938704112336,68.17918513228992,4.861350199303803,0.7070344388662799,18756756756.75676
0.0039,0.006,0.0002000000000000000,0.0018000000000000002,3,0.029500000000000002,0.007,0.00003500000000000000,0.0005000000000000000,0.001,18.7972972972973,-17.04683664089153,1.3269183623465457,0.009802614004682887,5.777925595526493,5.18603587625428,7.148355168308206,-21.45701055419224,65.80645903045632,3.8951734520707966,0.729385361146537,18797297297.29730
0.0039,0.006,0.0002000000000000000,0.0018000000000000002,3,0.029500000000000002,0.007,0.00003500000000000000,0.0005000000000000000,0.001,18.83783783783784,-19.14809186581957,1.2479615133438855,0.009878327953344332,6.231617003557497,5.476233380129541,7.384819481439614,-21.206368074605976,61.63037672056685,4.068839811696638,0.7667958472778882,18837837837.83784
0.0039,0.006,0.0002000000000000000,0.0018000000000000002,3,0.029500000000000002,0.007,0.00003500000000000000,0.0005000000000000000,0.001,18.878378378378383,-20.660192867595022,1.2042962103439567,0.009914102462592696,6.517090050937301,5.619422942940487,7.49691720272989,-21.01729312138392,57.197778683295525,6.877958740229028,0.7980264479054779,18878378378.37838
0.0039,0.006,0.0002000000000000000,0.0018000000000000002,3,0.029500000000000002,0.007,0.00003500000000000000,0.0005000000000000000,0.001,18.91891891891892,-18.61467213105114,1.265753541628819,0.009862427133353857,6.131538447174232,5.142375304250382,7.111637694318933,-21.040261171863857,54.67689699507509,11.430936785733593,0.7979764513030791,18918918918.91892
0.0039,0.006,0.0002000000000000000,0.0018000000000000002,3,0.029500000000000002,0.007,0.00003500000000000000,0.0005000000000000000,0.001,18.959459459459463,-16.181085079615205,1.3674783545059852,0.009759069660811614,5.479745905319268,4.571609289629671,6.600691065420099,-21.22686097978007,54.15446302699268,15.815554630990038,0.7725124440238831,18959459459.45946
0.0039,0.006,0.0002000000000000000,0.0018000000000000002,3,0.029500000000000002,0.007,0.00003500000000000000,0.0005000000000000000,0.001,19,-14.580624208539454,1.458889086144586,0.009651712747654306,5.428835280587788,4.719253721021264,6.738733269249295,-21.463854108226194,54.63327669765106,19.308728322338503,0.739622647834847,19000000000.00000
0.0039,0.006,0.0002200000000000000,0.001574,3,0.029500000000000002,0.007,0.00003500000000000000,0.0005000000000000000,0.001,16,-9.413398745069422,2.0226176234170437,0.008855383174805064,-4.265949580413225,6.869700665760455,8.369378139095252,-33.16325413979261,83.04487732788324,32.478546399339294,0.0545088761626974,16000000000.00000
0.0039,0.006,0.0002200000000000000,0.001574,3,0.029500000000000002,0.007,0.00003500000000000000,0.0005000000000000000,0.001,16.04054054054054,-9.439742507833566,2.017944582216251,0.008862305262525523,-4.130486465949675,6.909291053474078,8.39433487698416,-33.04935429045906,83.26271508260965,32.11471689948707,0.05591365284700119,16040540540.54054
0.0039,0.006,0.0002200000000000000,0.001574,3,0.029500000000000002,0.007,0.00003500000000000000,0.0005000000000000000,0.001,16.08108108108108,-9.46713687266179,2.0131154159726647,0.008869459011141662,-3.9923355361116086,6.943298726404713,8.415658506142202,-32.92902273191785,83.47394359272242,31.740946399846756,0.05743817014450918,16081081081.08108
0.0039,0.006,0.0002200000000000000,0.001574,3,0.029500000000000002,0.007,0.00003500000000000000,0.0005000000000000000,0.001,16.121621621621625,-9.495652379225646,2.0081210733603068,0.008876857756785013,-3.851380086974273,6.971554101807079,8.433296020011406,-32.802083499189465,83.6777787504438,31.357125049111332,0.059092503460207634,16121621621.62162
0.0039,0.006,0.0002200000000000000,0.001574,3,0.029500000000000002,0.007,0.00003500000000000000,0.0005000000000000000,0.001,16.162162162162165,-9.525363179429835,2.0029522866317193,0.008884515135143382,-3.707545853000817,6.993910290555385,8.447200574032177,-32.66840911167039,83.87337035228062,30.963192433540314,0.060887109508318514,16162162162.16216
0.0039,0.006,0.0002200000000000000,0.001574,3,0.029500000000000002,0.007,0.00003500000000000000,0.0005000000000000000,0.001,16.202702702702705,-9.556346793598875,1.9975996554941817,0.008892444952543262,-3.560806341339598,7.010241118855319,8.457329558821296,-32.52792404590003,84.05979875539454,30.559149864352122,0.06283279949313778,16202702702.70270
0.0039,0.006,0.0002200000000000000,0.001574,3,0.029500000000000002,0.007,0.00003500000000000000,0.0005000000000000000,0.001,16.243243243243246,-9.588683646520625,1.992053769182122,0.008900660999662023,-3.4111877338807846,7.020439944356384,8.46364328571333,-32.38060841623765,84.2360727507217,30.145074956013914,0.06494068989722024,16243243243.24324
0.0039,0.006,0.0002200000000000000,0.001574,3,0.029500000000000002,0.007,0.00003500000000000000,0.0005000000000000000,0.001,16.283783783783782,-9.622456322814404,1.9863053747662494,0.008909176795912133,-3.2587733595633623,7.024419449735076,8.466104367343878,-32.22650195422415,84.40112920806452,29.721138653311268,0.06722212348441674,16283783783.78378
0.0039,0.006,0.0002200000000000000,0.001574,3,0.029500000000000002,0.007,0.00003500000000000000,0.0005000000000000000,0.001,16.324324324324326,-9.657748468518129,1.9803456008711013,0.008918005250911456,-3.1037077654907286,7.022112501538208,8.464677830338985,-32.06570835857052,84.5538351778953,29.287624798254445,0.0696885519429292,16324324324.32432
0.0039,0.006,0.0002200000000000000,0.001574,3,0.029500000000000002,0.007,0.00003500000000000000,0.0005000000000000000,0.001,16.364864864864867,-9.694643252345887,1.9741662469600578,0.008927158228073093,-2.946200433003572,7.013474061525207,8.459331951437882,-31.89840006014705,84.69299327884124,28.844952217985238,0.07235137041582164,16364864864.86486
0.0039,0.006,0.0002200000000000000,0.001574,3,0.029500000000000002,0.007,0.00003500000000000000,0.0005000000000000000,0.001,16.405405405405407,-9.733221286804824,1.9677601489776166,0.008936645994537884,-2.78652919137089,6.998484038132317,8.45003976417843,-31.724823408945376,84.8173513500899,28.393699148273306,0.07522169311558519,16405405405.40541
0.0039,0.006,0.0002200000000000000,0.001574,3,0.029500000000000002,0.007,0.00003500000000000000,0.0005000000000000000,0.001,16.445945945945947,-9.77355789793246,1.961121632125273,0.008946476541873007,-2.625043370209412,6.977150881382299,8.436781147296434,-31.545304242234668,84.92561749093049,27.934629568820846,0.0783100584730642,16445945945.94595
0.0039,0.006,0.0002200000000000000,0.001574,3,0.029500000000000002,0.007,0.00003500000000000000,0.0005000000000000000,0.001,16.486486486486488,-9.815719625439725,1.9542470604903712,0.008956654763776937,-2.4621666997581544,6.949515660821367,8.419545379480427,-31.360253733627438,85.01648172208637,27.468720703070286,0.08162605210362618,16486486486.48649
0.0039,0.006,0.0002200000000000000,0.001574,3,0.029500000000000002,0.007,0.00003500000000000000,0.0005000000000000000,0.001,16.527027027027028,-9.85975983623782,1.9471354906479994,0.00896718148121205,-2.2983999121551104,6.915656330857196,8.398334031500646,-31.170174351015,85.08864555455315,26.997190515940254,0.08517783664700392,16527027027.02703
0.0039,0.006,0.0002200000000000000,0.001574,3,0.029500000000000002,0.007,0.00003500000000000000,0.0005000000000000000,0.001,16.56756756756757,-9.905713348805367,1.9397894316100786,0.008978052312828364,-2.134322917110011,6.875691881761962,8.373164065477676,-30.975665666621044,85.14086069837504,26.521523526418378,0.08897157973259673,16567567567.56757
0.0039,0.006,0.0002200000000000000,0.001574,3,0.029500000000000002,0.007,0.00003500000000000000,0.0005000000000000000,0.001,16.60810810810811,-9.953590000314357,1.9322157059180933,0.008989256400245383,-1.9705963225918115,6.829786097954802,8.344071022272727,-30.777429665158248,85.17197793277597,26.04349265052478,0.09301077551875349,16608108108.10811
0.0039,0.006,0.0002200000000000000,0.001574,3,0.029500000000000002,0.007,0.00003500000000000000,0.0005000000000000000,0.001,16.64864864864865,-10.003367150812299,1.9244263956111831,0.009000775014647529,-1.8079619520172088,6.778150691217424,8.311112198033241,-30.57627508888551,85.18100673098992,25.565174138103142,0.09729546208339046,16648648648.64865
0.0039,0.006,0.0002200000000000000,0.001574,3,0.029500000000000002,0.007,0.00003500000000000000,0.0005000000000000000,0.001,16.68918918918919,-10.054981217922032,1.9164398417115505,0.009012580093934658,-1.647241880764731,6.721047639692097,8.274369737495476,-30.37312024547886,85.16718552578392,25.088952029036427,0.10182134703046003,16689189189.18919
0.0039,0.006,0.0002200000000000000,0.001574,3,0.029500000000000002,0.007,0.00003500000000000000,0.0005000000000000000,0.001,16.729729729729733,-10.108318479487862,1.9082816466160253,0.009024632788407773,-1.4893353918284524,6.658790632154886,8.233953598798868,-30.168993595334378,85.13006146817807,24.61750803201487,0.10657886744903135,16729729729.72973
0.0039,0.006,0.0002200000000000000,0.001574,3,0.029500000000000002,0.007,0.00003500000000000000,0.0005000000000000000,0.001,16.770270270270274,-10.163205575266268,1.8999856058940159,0.009036882126677186,-1.3352131490617223,6.591745583272479,8.190004368697142,-29.965031342143273,85.06957715456498,24.15379246383288,0.1115522278667053,16770270270.27027
0.0039,0.006,0.0002200000000000000,0.001574,3,0.029500000000000002,0.007,0.00003500000000000000,0.0005000000000000000,0.001,16.81081081081081,-10.219400379937603,1.891594471056513,0.009049263949539725,-1.1859078300610093,6.520330239279043,8.142695922755651,-29.76247119352983,84.98616011571542,23.70097205421589,0.11671848040877587,16810810810.81081
0.0039,0.006,0.0002200000000000000,0.001574,3,0.029500000000000002,0.007,0.00003500000000000000,0.0005000000000000000,0.001,16.85135135135135,-10.276584193884549,1.8831604209210766,0.009061700293212604,-1.0425004732566605,6.445012930143008,8.092237929825368,-29.562641460884763,84.88080899747926,23.26235120929875,0.12204673332780352,16851351351.35135
0.0039,0.006,0.0002200000000000000,0.001574,3,0.029500000000000002,0.007,0.00003500000000000000,0.0005000000000000000,0.001,16.89189189189189,-10.334356473098897,1.8747451009649108,0.009074099427369782,-0.9061019030478838,6.366310538900187,8.038878190228813,-29.366944756890287,84.75516854276528,22.84126490064901,0.12749759440279057,16891891891.89189
0.0039,0.006,0.0002200000000000000,0.001574,3,0.029500000000000002,0.007,0.00003500000000000000,0.0005000000000000000,0.001,16.93243243243243,-10.392233540853244,1.86641908384041,0.009086356758593594,-0.7778288232348571,6.284785755215984,7.9829047742159664,-29.176835751811172,84.61158404147022,22.440943790485598,0.13302297005152283,16932432432.43243
0.0039,0.006,0.0002200000000000000,0.001574,3,0.029500000000000002,0.007,0.00003500000000000000,0.0005000000000000000,0.001,16.972972972972975,-10.44965281486749,1.8582606172689289,0.009098356785814748,-0.6587745289319329,6.201043658902944,7.924647890398852,-28.993792785451994,84.45312526574286,22.06435545579419,0.1385663438662181,16972972972.97297
0.0039,0.006,0.0002200000000000000,0.001574,3,0.029500000000000002,0.007,0.00003500000000000000,0.0005000000000000000,0.001,17.013513513513516,-10.505983954547933,1.850353564506817,0.009109976232097075,-0.5499746741981986,6.115727650589948,7.864481368973211,-28.819283604156997,84.28357048175569,21.71402936600775,0.14406364396525942,17013513513.51351
0.0039,0.006,0.0002200000000000000,0.001574,3,0.029500000000000002,0.007,0.00003500000000000000,0.0005000000000000000,0.001,17.054054054054056,-10.560547899429158,1.8427845114158414,0.009121088372341468,-0.4523691219508127,6.02951471684673,7.802823595237836,-28.654726081820282,84.10734326330403,21.391877098820977,0.14944477251171334,17054054054.05405
0.0039,0.006,0.0002200000000000000,0.001574,3,0.029500000000000002,0.007,0.00003500000000000000,0.0005000000000000000,0.001,17.094594594594597,-10.612643986394485,1.8356391112873585,0.009131568433138771,-0.36676153545912005,5.943109996220173,7.740137683381984,-28.501445437631002,83.92939863592102,21.0990224449982,0.1546358116185894,17094594594.59460
0.0039,0.006,0.0002200000000000000,0.001574,3,0.029500000000000002,0.007,0.00003500000000000000,0.0005000000000000000,0.001,17.135135135135137,-10.661584229543237,1.8289978546169199,0.009141299774305217,-0.29377896376235146,5.857240607460756,7.676930646197709,-28.360630098271677,83.7550603153472,20.83565777032618,0.1595618411889542,17135135135.13514
0.0039,0.006,0.0002200000000000000,0.001574,3,0.029500000000000002,0.007,0.00003500000000000000,0.0005000000000000000,0.001,17.175675675675677,-10.70673255842907,1.8229315681496001,0.009150180398351568,-0.23383412069909013,5.772648718300123,7.613751302778451,-28.23328885960333,83.58981683429191,20.600942588009264,0.16415021566449228,17175675675.67568
0.0039,0.006,0.0002200000000000000,0.001574,3,0.029500000000000002,0.007,0.00003500000000000000,0.0005000000000000000,0.001,17.216216216216218,-10.747545581624626,1.8174970414288911,0.009158129208893662,-0.18709325494949902,5.690083872868862,7.5511866802172625,-28.120212269703085,83.43909019648906,20.392957391058815,0.16833406322183453,17216216216.21622
0.0039,0.006,0.0002200000000000000,0.001574,3,0.029500000000000002,0.007,0.00003500000000000000,0.0005000000000000000,0.001,17.256756756756758,-10.783610584048052,1.8127332242880378,0.009165091386435844,-0.1534523735915472,5.610294657698789,7.489856713902208,-28.02194109017153,83.30799522461822,20.20872054324208,0.17205571045796342,17256756756.75676
0.0039,0.006,0.0002200000000000000,0.001574,3,0.029500000000000002,0.007,0.00003500000000000000,0.0005000000000000000,0.001,17.2972972972973,-10.814676269631924,1.808658416125994,0.009171042294136499,-0.1325240833932312,5.5340198612068825,7.430407134599882,-27.938744255110905,83.20110997308204,20.044269132226365,0.17526971408368905,17297297297.29730
0.0039,0.006,0.0002200000000000000,0.001574,3,0.029500000000000002,0.007,0.00003500000000000000,0.0005000000000000000,0.001,17.33783783783784,-10.840672390830777,1.8052687720551732,0.009175989471230883,-0.12363648626153495,5.461979359720291,7.37350054650928,-27.870607967043167,83.12227687168343,19.894797295366015,0.17794520784375878,17337837837.83784
0.0039,0.006,0.0002200000000000000,0.001574,3,0.029500000000000002,0.007,0.00003500000000000000,0.0005000000000000000,0.001,17.378378378378383,-10.861715817659142,1.802538294597824,0.009179972497468662,-0.1258445122326793,5.394865028305755,7.319805837371353,-27.817236548719016,83.07445067685468,19.75483896239551,0.18006734660460239,17378378378.37838
0.0039,0.006,0.0002200000000000000,0.001574,3,0.029500000000000002,0.007,0.00003500000000000000,0.0005000000000000000,0.001,17.41891891891892,-10.878102520151494,1.8004202912427578,0.009183060776967341,-0.13795294831051813,5.333332013149811,7.269986204334206,-27.778064566128652,83.05960348801172,19.618477379803483,0.18163773795738763,17418918918.91892
0.0039,0.006,0.0002200000000000000,0.001574,3,0.029500000000000002,0.007,0.00003500000000000000,0.0005000000000000000,0.001,17.459459459459463,-10.890286944430505,1.798850095252305,0.009185349542850984,-0.15854939877073707,5.277990697245592,7.224686204163412,-27.75227872526553,83.0786901435953,19.47956189048654,0.1826738742810107,17459459459.45946
0.0039,0.006,0.0002200000000000000,0.001574,3,0.029500000000000002,0.007,0.00003500000000000000,0.0005000000000000000,0.001,17.5,-10.898851910632775,1.7977487049731988,0.009186954577712951,-0.18604464071864393,5.229399636636064,7.184518323735101,-27.738847273104472,83.13167050177411,19.331913329125335,0.18320769196912035,17500000000.00000
0.0039,0.006,0.0002200000000000000,0.001574,3,0.029500000000000002,0.007,0.00003500000000000000,0.0005000000000000000,0.001,17.540540540540544,-10.90447312965341,1.7970269190039938,0.009188006248896471,-0.21871741836210434,5.18805963421981,7.150049594443764,-27.736554193874575,83.21757951798052,19.16950258098974,0.18328347009024287,17540540540.54054
0.0039,0.006,0.0002200000000000000,0.001574,3,0.029500000000000002,0.007,0.00003500000000000000,0.0005000000000000000,0.001,17.581081081081084,-10.90788261273665,1.7965895371902745,0.009188643464574587,-0.2547606746975303,5.154408959571045,7.121788732445609,-27.74403540246013,83.33463233422543,18.98659148478969,0.18295532707930812,17581081081.08108
0.0039,0.006,0.0002200000000000000,0.001574,3,0.029500000000000002,0.007,0.00003500000000000000,0.0005000000000000000,0.001,17.62162162162162,-10.909834732031973,1.7963392505284341,0.00918900808095821,-0.2600063940471254,5.167130486246881,7.132494289815893,-27.759814349344445,83.48034998555619,18.777830373697313,0.18228457986537921,17621621621.62162
0.0039,0.006,0.0002200000000000000,0.001574,3,0.029500000000000002,0.007,0.00003500000000000000,0.0005000000000000000,0.001,17.662162162162165,-10.911077723700819,1.7961799357448753,0.009189240161262482,-0.27197913597394574,5.179826051046848,7.143151755099144,-27.782334871241552,83.65169156946551,18.53831130109559,0.1813372022220659,17662162162.16216
0.0039,0.006,0.0002200000000000000,0.001574,3,0.029500000000000002,0.007,0.00003500000000000000,0.0005000000000000000,0.001,17.7027027027027,-10.912332293955949,1.7960191784480117,0.00918947433607213,-0.2981408862952693,5.181739126682006,7.144755447566454,-27.809989641624178,83.84518030710144,18.263579826562943,0.18018156992487996,17702702702.70270
0.0039,0.006,0.0002200000000000000,0.001574,3,0.029500000000000002,0.007,0.00003500000000000000,0.0005000000000000000,0.001,17.743243243243246,-10.914277938393074,1.7957699512137986,0.009189837371206091,-0.337399198972729,5.172282245405661,7.136822157980125,-27.841143097729606,84.0570132442703,17.94961089340494,0.17888662247299236,17743243243.24324
0.0039,0.006,0.0002200000000000000,0.001574,3,0.029500000000000002,0.007,0.00003500000000000000,0.0005000000000000000,0.001,17.783783783783782,-10.917546773528265,1.7953514555608805,0.009190446932638171,-0.32102628187113647,5.231772145359324,7.186488212932824,-27.87414817783138,84.2831468381791,17.59275583812742,0.17752051556153373,17783783783.78378
0.0039,0.006,0.0002200000000000000,0.001574,3,0.029500000000000002,0.007,0.00003500000000000000,0.0005000000000000000,0.001,17.824324324324326,-10.922724169817874,1.7946891928953932,0.009191411457830412,-0.3111784292471651,5.2844527722136805,7.230000209125516,-27.907356559028152,84.51935292592042,17.189668147464694,0.17614979259453886,17824324324.32433
0.0039,0.006,0.0002200000000000000,0.001574,3,0.029500000000000002,0.007,0.00003500000000000000,0.0005000000000000000,0.001,17.864864864864867,-10.93035525779918,1.793714358819477,0.009192830999789122,-0.30900538159064767,5.3267335300823335,7.264609717408282,-27.93912233741972,84.76124130238834,16.737215528384016,0.1748390709523744,17864864864.86486
0.0039,0.006,0.0002200000000000000,0.001574,3,0.029500000000000002,0.007,0.00003500000000000000,0.0005000000000000000,0.001,17.905405405405407,-10.940956401646462,1.7923626614070642,0.009194798899405469,-0.3133680232132209,5.357785943313875,7.289853584893164,-27.967799256414395,85.00424621992558,16.23238551952907,0.17365122014497716,17905405405.40541
0.0039,0.006,0.0002200000000000000,0.001574,3,0.029500000000000002,0.007,0.00003500000000000000,0.0005000000000000000,0.001,17.945945945945947,-10.955030933160426,1.7905726526101515,0.009197404155735691,-0.3232081043692413,5.376722595066641,7.305176302023112,-27.991731698062466,85.24357453694834,15.672191580351232,0.172648003032432,17945945945.94595
0.0039,0.006,0.0002200000000000000,0.001574,3,0.029500000000000002,0.007,0.00003500000000000000,0.0005000000000000000,0.001,17.986486486486488,-10.973088756269561,1.7882836385411267,0.009200734394805085,-0.33756090042384496,5.382578576739056,7.3099037852248046,-28.009239748190172,85.47411304529612,15.053586668550103,0.17189115565555294,17986486486.48649
0.0039,0.006,0.0002200000000000000,0.001574,3,0.029500000000000002,0.007,0.00003500000000000000,0.0005000000000000000,0.001,18.027027027027028,-10.995669826527546,1.7854332039757783,0.009204879377968031,-0.35556690440881467,5.37429237456715,7.303212894151958,-28.01859878034572,85.69029181867873,14.373392087051453,0.1714438931633532,18027027027.02703
0.0039,0.006,0.0002200000000000000,0.001574,3,0.029500000000000002,0.007,0.00003500000000000000,0.0005000000000000000,0.001,18.06756756756757,-11.02337196026757,1.7819543531501458,0.009209935034451016,-0.3139959056417103,5.428231990755016,7.3465840017999104,-28.018014239868787,85.88589944992563,13.62825121384612,0.17137284604283576,18067567567.56757
0.0039,0.006,0.0002200000000000000,0.001574,3,0.029500000000000002,0.007,0.00003500000000000000,0.0005000000000000000,0.001,18.10810810810811,-11.05688392905967,1.7777722364733894,0.009216008043309574,-0.2119535178920322,5.545066597432174,7.439067664858311,-28.005592731633456,86.0538451199862,12.814621056351323,0.1717504492507409,18108108108.10811
0.0039,0.006,0.0002200000000000000,0.001574,3,0.029500000000000002,0.007,0.00003500000000000000,0.0005000000000000000,0.001,18.14864864864865,-11.097025355281463,1.7728004050794748,0.009223221020673779,-0.09428075072859649,5.667423469376848,7.5338566429890985,-27.979311233926264,86.18586213114496,11.928819917324837,0.1726578229724939,18148648648.64865
0.0039,0.006,0.0002200000000000000,0.001574,3,0.029500000000000002,0.007,0.00003500000000000000,0.0005000000000000000,0.001,18.18918918918919,-11.144795557710072,1.7669365178785346,0.00923171837863971,0.03922917418976584,5.793009050048363,7.629042069701421,-27.936987420570706,86.27214880968275,10.967157408929353,0.17418819162295474,18189189189.18919
0.0039,0.006,0.0002200000000000000,0.001574,3,0.029500000000000002,0.007,0.00003500000000000000,0.0005000000000000000,0.001,18.22972972972973,-11.201434212074187,1.7600574283291543,0.009241672895915896,0.18855391946757702,5.918771439377698,7.722315694812986,-27.876255847013702,86.30094716364108,9.926184151032913,0.17645087749738161,18229729729.72973
0.0039,0.006,0.0002200000000000000,0.001574,3,0.029500000000000002,0.007,0.00003500000000000000,0.0005000000000000000,0.001,18.270270270270274,-11.268497477583882,1.7520136169625802,0.00925329294910116,0.3533828655428891,6.040742602587335,7.8109033073731915,-27.794557325111136,86.25807002321959,8.803112936687045,0.17957586034868542,18270270270.27027
0.0039,0.006,0.0002200000000000000,0.001574,3,0.029500000000000002,0.007,0.00003500000000000000,0.0005000000000000000,0.001,18.31081081081081,-11.347954026480185,1.7426230390469934,0.009266830149828776,0.5330356441885654,6.1538938083201185,7.891499977842859,-27.68915230381826,86.12640771072996,7.596480107143353,0.18371878585814327,18310810810.81081
0.0039,0.006,0.0002200000000000000,0.001574,3,0.029500000000000002,0.007,0.00003500000000000000,0.0005000000000000000,0.001,18.351351351351354,-11.442306005613867,1.7316646717666853,0.009282586740117511,0.7263528744207924,6.252038559329525,7.960216478584093,-27.557173442817863,85.88548148848494,6.307132111265146,0.18906608858912102,18351351351.35135
0.0039,0.006,0.0002200000000000000,0.001574,3,0.029500000000000002,0.007,0.00003500000000000000,0.0005000000000000000,0.001,18.39189189189189,-11.554739916005667,1.7188724459774785,0.009300921399084025,0.9315528430462454,6.327832806674061,8.012549957585644,-27.395737372315395,85.51117047790311,4.939629637714917,0.19583949859363356,18391891891.89189
0.0039,0.006,0.0002200000000000000,0.001574,3,0.029500000000000002,0.007,0.00003500000000000000,0.0005000000000000000,0.001,18.432432432432435,-11.689310811648294,1.7039309409771517,0.009322250947920914,1.1460478031334693,6.372935757666177,8.043395405994788,-27.202139706542887,84.97582802279996,3.5041435856225203,0.20429852904609003,18432432432.43243
0.0039,0.006,0.0002200000000000000,0.001574,3,0.029500000000000002,0.007,0.00003500000000000000,0.0005000000000000000,0.001,18.472972972972975,-11.851158360197736,1.6864753390128047,0.009347043628600702,1.3662153255342973,6.3783983957309935,8.047116418533202,-26.974158394766775,84.2491219195961,2.0188437087105173,0.21473848791908023,18472972972.97297
0.0039,0.006,0.0002200000000000000,0.001574,3,0.029500000000000002,0.007,0.00003500000000000000,0.0005000000000000000,0.001,18.513513513513516,-12.046742087892353,1.6660997890751592,0.009375797086809976,1.5871257739356865,6.33532989085845,8.017692342232875,-26.710484571565473,83.30005856252886,0.5126075110100893,0.2274800647355482,18513513513.51352
0.0039,0.006,0.0002200000000000000,0.001574,3,0.029500000000000002,0.007,0.00003500000000000000,0.0005000000000000000,0.001,18.554054054054056,-12.284060502190975,1.6423804638897466,0.009408991196876035,1.802239694193051,6.235843445018277,7.948952034029252,-26.411281717801295,82.1007169097752,-0.9724451647947223,0.24284477628649195,18554054054.05405
0.0039,0.006,0.0002200000000000000,0.001574,3,0.029500000000000002,0.007,0.00003500000000000000,0.0005000000000000000,0.001,18.594594594594597,-12.572777528629382,1.6149216879696697,0.009447003672483712,2.003112864601486,6.074199678604581,7.834890644822687,-26.078836938356535,80.63208664626671,-2.3795720860561187,0.2611092287524976,18594594594.59460
0.0039,0.006,0.0002200000000000000,0.001574,3,0.029500000000000002,0.007,0.00003500000000000000,0.0005000000000000000,0.001,18.635135135135137,-12.924111959937093,1.5834340670098004,0.00948997812443539,2.1791853117449205,5.847962349604785,7.670045678808028,-25.71820825379926,78.89187202936017,-3.6387086151110197,0.2824320402307241,18635135135.13514
0.0039,0.006,0.0002200000000000000,0.001574,3,0.029500000000000002,0.007,0.00003500000000000000,0.0005000000000000000,0.001,18.675675675675677,-13.350249241697734,1.547849562977917,0.009537645513896199,2.4906574682101486,5.784637727129142,7.622761657017213,-25.33769241925593,76.90302059863924,-4.672245193111595,0.3067535384758833,18675675675.67567
0.0039,0.006,0.0002200000000000000,0.001574,3,0.029500000000000002,0.007,0.00003500000000000000,0.0005000000000000000,0.001,18.716216216216218,-13.862929916464017,1.5084657139393816,0.009589127562658561,2.836223364363724,5.758208034004029,7.602873511269746,-24.94885918673085,74.72019518261439,-5.40649960315865,0.3336836944970753,18716216216.21622
0.0039,0.006,0.0002200000000000000,0.001574,3,0.029500000000000002,0.007,0.00003500000000000000,0.0005000000000000000,0.001,18.756756756756758,-14.470830842616886,1.466086817160748,0.009642795504670794,3.262124789578938,5.847928811774005,7.670020772121325,-24.56586641503641,72.43018471085907,-5.788154024088511,0.36241853604762436,18756756756.75676
0.0039,0.006,0.0002200000000000000,0.001574,3,0.029500000000000002,0.007,0.00003500000000000000,0.0005000000000000000,0.001,18.7972972972973,-15.175568117909346,1.4220980127069356,0.009696301121463914,3.8822413311311808,6.2404459919474835,7.952156289324592,-24.203854016456717,70.14266974527314,-5.80190133958433,0.39174954811547635,18797297297.29730
0.0039,0.006,0.0002200000000000000,0.001574,3,0.029500000000000002,0.007,0.00003500000000000000,0.0005000000000000000,0.001,18.83783783783784,-15.96696615087457,1.3783849357150704,0.009746893449563046,4.397066121272967,6.549661997968559,8.162188883574704,-23.876460577308826,67.97071816182543,-5.483149148298739,0.42023064882252803,18837837837.83784
0.0039,0.006,0.0002200000000000000,0.001574,3,0.029500000000000002,0.007,0.00003500000000000000,0.0005000000000000000,0.001,18.878378378378383,-16.82014613065288,1.337019499698301,0.009792037328899189,4.799905166937017,6.7631466161280756,8.301488024608574,-23.59285225358618,66.00475191685162,-4.920250765404174,0.4465208206329835,18878378378.37838
0.0039,0.006,0.0002200000000000000,0.001574,3,0.029500000000000002,0.007,0.00003500000000000000,0.0005000000000000000,0.001,18.91891891891892,-17.70017265746892,1.2996808055979734,0.009830182386131862,5.088691947212069,6.869369085933358,8.369168513128066,-23.354860809206013,64.28599853730438,-4.244992043804317,0.4698425483760448,18918918918.91892
0.0039,0.006,0.0002200000000000000,0.001574,3,0.029500000000000002,0.007,0.00003500000000000000,0.0005000000000000000,0.001,18.959459459459463,-18.58312456007904,1.266849546056753,0.009861424152286831,5.26495477458714,6.853186548947734,8.358925538042502,-23.154574375892434,62.78202530977754,-3.614747551747672,0.49045924318756634,18959459459.45946
0.0039,0.006,0.0002200000000000000,0.001574,3,0.029500000000000002,0.007,0.00003500000000000000,0.0005000000000000000,0.001,19,-19.503271451292036,1.2368499391696108,0.009887882642094224,5.32955299841549,6.687258912978665,8.252481382591379,-22.97189535223128,61.35697574063052,-3.1879122342284867,0.5101608899472776,19000000000.00000
0.0039,0.006,0.0002200000000000000,0.0018000000000000002,3,0.029500000000000002,0.007,0.00003500000000000000,0.0005000000000000000,0.001,16,-6.801592752303359,2.683270962308863,0.007911469967087343,-2.364070686071082,6.011520803065857,7.789843543369145,-31.1713423915759,108.54993315101126,47.99034037914256,0.09651805844254928,16000000000.00000
0.0039,0.006,0.0002200000000000000,0.0018000000000000002,3,0.029500000000000002,0.007,0.00003500000000000000,0.0005000000000000000,0.001,16.04054054054054,-6.826210569781389,2.674518215196055,0.007923275229669244,-2.243830010047473,5.994430292852617,7.777479143026915,-31.032261730939048,108.98112067260445,47.26639605342992,0.09951054039447058,16040540540.54054
0.0039,0.006,0.0002200000000000000,0.0018000000000000002,3,0.029500000000000002,0.007,0.00003500000000000000,0.0005000000000000000,0.001,16.08108108108108,-6.852465465088532,2.665256231799941,0.007935792016015231,-2.1223107604582077,5.967365164321894,7.757826146829751,-30.88423413573554,109.39133714175152,46.51349806211641,0.10279838913815423,16081081081.08108
0.0039,0.006,0.0002200000000000000,0.0018000000000000002,3,0.029500000000000002,0.007,0.00003500000000000000,0.0005000000000000000,0.001,16.121621621621625,-6.880478506303097,2.6554559527347448,0.007949063806077239,-1.9997258585417985,5.930201957295161,7.730694838272232,-30.72726086659567,109.77725952449542,45.731832810534435,0.10640399407242378,16121621621.62162
0.0039,0.006,0.0002200000000000000,0.0018000000000000002,3,0.029500000000000002,0.007,0.00003500000000000000,0.0005000000000000000,0.001,16.162162162162165,-6.910371764428059,2.6450900358469003,0.007963132289550215,-1.876370236726606,5.882937119491873,7.695942064014454,-30.56147299460835,110.13531176611585,44.921998905790794,0.11034909351846392,16162162162.16216
0.0039,0.006,0.0002200000000000000,0.0018000000000000002,3,0.029500000000000002,0.007,0.00003500000000000000,0.0005000000000000000,0.001,16.202702702702705,-6.9422653115020765,2.634134035481069,0.007978035767633607,-1.7526295479027534,5.825686703937552,7.653471252608082,-30.387141010163546,110.46169886485788,44.08509499265308,0.1146541872128549,16202702702.70270
0.0039,0.006,0.0002200000000000000,0.0018000000000000002,3,0.029500000000000002,0.007,0.00003500000000000000,0.0005000000000000000,0.001,16.243243243243246,-6.976273177841399,2.622567870851313,0.007993807131764263,-1.6289883571411654,5.758682760956581,7.603231544179307,-30.204683243941215,110.75246286424023,43.22281354184766,0.11933779520024473,16243243243.24324
0.0039,0.006,0.0002200000000000000,0.0018000000000000002,3,0.029500000000000002,0.007,0.00003500000000000000,0.0005000000000000000,0.001,16.283783783783782,-7.012498076932509,2.6103776079187044,0.00801047137397322,-1.5060373779012126,5.682266806610274,7.545216218399578,-30.014672868550875,111.00356570075883,42.33753646995261,0.12441554329572059,16283783783.78378
0.0039,0.006,0.0002200000000000000,0.0018000000000000002,3,0.029500000000000002,0.007,0.00003500000000000000,0.0005000000000000000,0.001,16.324324324324326,-7.051024720668922,2.597557563232294,0.008028042603418318,-1.3844791748464496,5.596880922444212,7.479460670861963,-29.817843160243104,111.21100362543912,41.43242636324864,0.12989906211410657,16324324324.32432
0.0039,0.006,0.0002200000000000000,0.0018000000000000002,3,0.029500000000000002,0.007,0.00003500000000000000,0.0005000000000000000,0.001,16.364864864864867,-7.091911595253589,2.584112711572447,0.008046520579086567,-1.2651315845740991,5.503057169142663,7.406040245527934,-29.615090566750553,111.37095697315495,40.51150460751897,0.13579469906616654,16364864864.86486
0.0039,0.006,0.0002200000000000000,0.0018000000000000002,3,0.029500000000000002,0.007,0.00003500000000000000,0.0005000000000000000,0.001,16.405405405405407,-7.13518116510614,2.570061339234346,0.008065886824221926,-1.1489279134168384,5.401406067966015,7.325068279843593,-29.407474953762463,111.47997708366745,39.57970508849587,0.14210206225686012,16405405405.40541
0.0039,0.006,0.0002200000000000000,0.0018000000000000002,3,0.029500000000000002,0.007,0.00003500000000000000,0.0005000000000000000,0.001,16.445945945945947,-7.180808636146875,2.5554378295583815,0.008086100467357714,-1.0369127792004431,5.29260490885434,7.236694752667895,-29.1962162017772,111.53520889963174,38.64288969490804,0.14881244314154113,16445945945.94595
0.0039,0.006,0.0002200000000000000,0.0018000000000000002,3,0.029500000000000002,0.007,0.00003500000000000000,0.0005000000000000000,0.001,16.486486486486488,-7.228709656141748,2.5402953972423936,0.008107094058589087,-0.930232307932417,5.177386579147698,7.141105935935287,-28.982686126511176,111.53464300517057,37.707810213259,0.15590720131736127,16486486486.48649
0.0039,0.006,0.0002200000000000000,0.0018000000000000002,3,0.029500000000000002,0.007,0.00003500000000000000,0.0005000000000000000,0.001,16.527027027027028,-7.278727664787311,2.524708507300371,0.008128769733065375,-0.8301173266278983,5.056529474608156,7.0385254309497025,-28.76839454465122,111.47738469431542,36.7820011334988,0.16335623835200275,16527027027.02703
0.0039,0.006,0.0002200000000000000,0.0018000000000000002,3,0.029500000000000002,0.007,0.00003500000000000000,0.0005000000000000000,0.001,16.56756756756757,-7.330622017192235,2.5087746332733345,0.0081509962230938,-0.7378582728880928,4.930848865646227,6.929216912713994,-28.554968266604593,111.36392054032717,35.87359028446924,0.17111673357023013,16567567567.56757
0.0039,0.006,0.0002200000000000000,0.0018000000000000002,3,0.029500000000000002,0.007,0.00003500000000000000,0.0005000000000000000,0.001,16.60810810810811,-7.3840584477395215,2.4926149444500245,0.008173607331146826,-0.6547708379365537,4.8011898635810795,6.813488805317935,-28.344121944208634,111.19635587894393,34.9910198849673,0.17913235508030373,16608108108.10811
0.0039,0.006,0.0002200000000000000,0.0018000000000000002,3,0.029500000000000002,0.007,0.00003500000000000000,0.0005000000000000000,0.001,16.64864864864865,-7.438603831756136,2.4763734871485896,0.00819640253250466,-0.5821519267776722,4.66842189231907,6.691700969934477,-28.137620108359947,110.97859118220569,34.14267991866574,0.18733318213599828,16648648648.64865
0.0039,0.006,0.0002200000000000000,0.0018000000000000002,3,0.029500000000000002,0.007,0.00003500000000000000,0.0005000000000000000,0.001,16.68918918918919,-7.493727411286782,2.4602144677163964,0.008219150335224619,-0.5212263791124615,4.533434351217313,6.564273310816119,-27.93723044858577,110.7164034355926,33.336468308403866,0.19563656597425466,16689189189.18919
0.0039,0.006,0.0002200000000000000,0.0018000000000000002,3,0.029500000000000002,0.007,0.00003500000000000000,0.0005000000000000000,0.001,16.729729729729733,-7.548810521670602,2.4443173784470873,0.008241594846784455,-0.4364236623413368,4.434409905689574,6.468358357227587,-27.74466940971216,110.41740223927371,32.57930666869658,0.2039491022865387,16729729729.72973
0.0039,0.006,0.0002200000000000000,0.0018000000000000002,3,0.029500000000000002,0.007,0.00003500000000000000,0.0005000000000000000,0.001,16.770270270270274,-7.603166243221018,2.428869941631731,0.00826346566094183,-0.35749321538584705,4.340773724133092,6.375671475245648,-27.561542423529733,110.09084061531092,31.876653793706367,0.21216978238262865,16770270270.27027
0.0039,0.006,0.0002200000000000000,0.0018000000000000002,3,0.029500000000000002,0.007,0.00003500000000000000,0.0005000000000000000,0.001,16.81081081081081,-7.656069239704502,2.4140591657949013,0.008284490702907838,-0.29101639061383694,4.247099280700188,6.280924132290342,-27.389282373884104,109.7472771489328,31.232068086587475,0.2201942367115231,16810810810.81081
0.0039,0.006,0.0002200000000000000,0.0018000000000000002,3,0.029500000000000002,0.007,0.00003500000000000000,0.0005000000000000000,0.001,16.85135135135135,-7.706794414138627,2.400061163989242,0.008304411124420107,-0.23726558138741388,4.15423803953531,6.1849137816315505,-27.22909094756126,109.39810694285212,30.64687157938746,0.22791980449266383,16851351351.35135
0.0039,0.006,0.0002200000000000000,0.0018000000000000002,3,0.029500000000000002,0.007,0.00003500000000000000,0.0005000000000000000,0.001,16.89189189189189,-7.754661186921736,2.387030700379733,0.00832299683863331,-0.19617706050219788,4.063037488997398,6.08850829510657,-27.081888058881557,109.0549999580274,30.119960059512625,0.2352509925496907,16891891891.89189
0.0039,0.006,0.0002200000000000000,0.0018000000000000002,3,0.029500000000000002,0.007,0.00003500000000000000,0.0005000000000000000,0.001,16.93243243243243,-7.7990786234240606,2.3750916202958945,0.008340060965887821,-0.16732103324587916,3.974335752303021,5.992645535672201,-26.948274315475594,108.72930180292407,29.6477864442778,0.24210476833837277,16932432432.43243
0.0039,0.006,0.0002200000000000000,0.0018000000000000002,3,0.029500000000000002,0.007,0.00003500000000000000,0.0005000000000000000,0.001,16.972972972972975,-7.83958580134413,2.3643293093983107,0.008355471441028238,-0.1498891464764269,3.8889565139870412,5.898330869270801,-26.828510424427108,108.43145964457472,29.224520901432136,0.24841510421801238,16972972972.97297
0.0039,0.006,0.0002200000000000000,0.0018000000000000002,3,0.029500000000000002,0.007,0.00003500000000000000,0.0005000000000000000,0.001,17.013513513513516,-7.875882075463655,2.354786094667596,0.008369158357125818,-0.14270091703765675,3.807704675837768,5.806632572996979,-26.722515635591012,108.17053244098432,28.842366262894668,0.2541362697516497,17013513513.51351
0.0039,0.006,0.0002200000000000000,0.0018000000000000002,3,0.029500000000000002,0.007,0.00003500000000000000,0.0005000000000000000,0.001,17.054054054054056,-7.907843330574792,2.3464600810686465,0.008381116238040307,-0.14422845497777764,3.731363233273054,5.718675279279121,-26.629885094806273,107.95383084784837,28.49198648660541,0.2592445448817156,17054054054.05405
0.0039,0.006,0.0002200000000000000,0.0018000000000000002,3,0.029500000000000002,0.007,0.00003500000000000000,0.0005000000000000000,0.001,17.094594594594597,-7.935522606299753,2.3393074058739347,0.008391401203766552,-0.1523150450941289,3.66096315516054,5.635953580563507,-26.549923767961204,107.78671134951553,28.162993531919255,0.26373826049119775,17094594594.59460
0.0039,0.006,0.0002200000000000000,0.0018000000000000002,3,0.029500000000000002,0.007,0.00003500000000000000,0.0005000000000000000,0.001,17.135135135135137,-7.959136046884675,2.333247406411478,0.008400123735564851,-0.14490213893320517,3.613805311210877,5.5796475183743866,-26.481692823739248,107.67252633531737,27.844435798074738,0.26763631049172953,17135135135.13514
0.0039,0.006,0.0002200000000000000,0.0018000000000000002,3,0.029500000000000002,0.007,0.00003500000000000000,0.0005000000000000000,0.001,17.175675675675677,-7.979037327393027,2.3281698411993497,0.008407438299175788,-0.09957668817744572,3.606719371674185,5.5711235244461035,-26.424063324806134,107.61271179845134,27.525238260700753,0.2709754703148625,17175675675.67568
0.0039,0.006,0.0002200000000000000,0.0018000000000000002,3,0.029500000000000002,0.007,0.00003500000000000000,0.0005000000000000000,0.001,17.216216216216218,-7.995685056911148,2.3239431377141595,0.008413531350641996,-0.00002957968436582862,3.652183129079646,5.625525459583109,-26.375771865830913,107.60698038585726,27.194557608114376,0.2738069679712818,17216216216.21622
0.0039,0.006,0.0002200000000000000,0.0018000000000000002,3,0.029500000000000002,0.007,0.00003500000000000000,0.0005000000000000000,0.001,17.256756756756758,-8.009607992162682,2.320422663429843,0.008418609225874318,0.0860067410404832,3.6930769355995507,5.673883551349515,-26.33547330079571,107.65358084673522,26.842031204837436,0.27619277843566037,17256756756.75676
0.0039,0.006,0.0002200000000000000,0.0018000000000000002,3,0.029500000000000002,0.007,0.00003500000000000000,0.0005000000000000000,0.001,17.2972972972973,-8.021372354171216,2.31745818408495,0.008422887170750694,0.15895066109819347,3.728504886041047,5.715347165507886,-26.301786673260928,107.74958472245703,26.457913192121378,0.2782020651727844,17297297297.29730
0.0039,0.006,0.0002200000000000000,0.0018000000000000002,3,0.029500000000000002,0.007,0.00003500000000000000,0.0005000000000000000,0.001,17.33783783783784,-8.031554464696393,2.314899914918247,0.00842658040839989,0.21941919421126263,3.7577375930237293,5.749264495588768,-26.27333160857905,107.89116535181422,26.033102265584393,0.2799081023011797,17337837837.83784
0.0039,0.006,0.0002200000000000000,0.0018000000000000002,3,0.029500000000000002,0.007,0.00003500000000000000,0.0005000000000000000,0.001,17.378378378378383,-8.040720689102931,2.3126028190973953,0.008429897767584727,0.26828770058119855,3.780301400255905,5.775264271519641,-26.24875349283183,108.07384049907056,25.559072847318827,0.2813859073711856,17378378378.37838
0.0039,0.006,0.0002200000000000000,0.0018000000000000002,3,0.029500000000000002,0.007,0.00003500000000000000,0.0005000000000000000,0.001,17.41891891891892,-8.049415592074766,2.310429013537536,0.008433038086008622,0.30642606215106294,3.7957738236819547,5.793003265020137,-26.22673658557412,108.29265599815355,25.027724864470066,0.28271072199486713,17418918918.91892
0.0039,0.006,0.0002200000000000000,0.0018000000000000002,3,0.029500000000000002,0.007,0.00003500000000000000,0.0005000000000000000,0.001,17.459459459459463,-8.058158456134665,2.3082482806896105,0.008436189393525244,0.33465119005814414,3.8037495416825067,5.802119130376608,-26.20600472888537,108.5422922235252,24.431168272547605,0.2839574097942699,17459459459.45946
0.0039,0.006,0.0002200000000000000,0.0018000000000000002,3,0.029500000000000002,0.007,0.00003500000000000000,0.0005000000000000000,0.001,17.5,-8.06744793070148,2.3059367517001323,0.008439530779167816,0.3536845211176427,3.803800298913945,5.802177082242826,-26.185309547099255,108.81707711567877,23.76145827012069,0.2852008029499067,17500000000.00000
0.0039,0.006,0.0002200000000000000,0.0018000000000000002,3,0.029500000000000002,0.007,0.00003500000000000000,0.0005000000000000000,0.001,17.540540540540544,-8.07777453938081,2.3033738311359877,0.008443236838667535,0.4180179281865059,3.842831755425262,5.846513708578178,-26.163406063326754,109.11088862994856,23.010297377693327,0.28651701765886595,17540540540.54054
0.0039,0.006,0.0002200000000000000,0.0018000000000000002,3,0.029500000000000002,0.007,0.00003500000000000000,0.0005000000000000000,0.001,17.581081081081084,-8.089641005855414,2.300437392146354,0.008447484662166691,0.5175560950665615,3.911871522935061,5.92384582875122,-26.139015614556644,109.41692596938042,22.168722775412526,0.28798576852269325,17581081081.08108
0.0039,0.006,0.0002200000000000000,0.0018000000000000002,3,0.029500000000000002,0.007,0.00003500000000000000,0.0005000000000000000,0.001,17.62162162162162,-8.103590792195938,2.2969972009337343,0.008452463429614263,0.6125003348294014,3.9747602011717484,5.9931093262788115,-26.110775987193506,109.72732326718929,21.22680326490096,0.2896937334838509,17621621621.62162
0.0039,0.006,0.0002200000000000000,0.0018000000000000002,3,0.029500000000000002,0.007,0.00003500000000000000,0.0005000000000000000,0.001,17.662162162162165,-8.12024581922892,2.292906448837408,0.008458386807862418,0.7036630747828209,4.030619044208455,6.053717525523269,-26.07717903222803,110.03257245717099,20.173382126880007,0.2917390436270646,17662162162.16216
0.0039,0.006,0.0002200000000000000,0.0018000000000000002,3,0.029500000000000002,0.007,0.00003500000000000000,0.0005000000000000000,0.001,17.7027027027027,-8.140355010846834,2.287991200948354,0.008465508458216094,0.7917620105701423,4.078297890564402,6.104789447141556,-26.036496956875304,110.32071586855588,18.995922881056025,0.29423698132327664,17702702702.70270
0.0039,0.006,0.0002200000000000000,0.0018000000000000002,3,0.029500000000000002,0.007,0.00003500000000000000,0.0005000000000000000,0.001,17.743243243243246,-8.164856022942278,2.28203754434534,0.00847414102084159,0.8773914247149793,4.116279691538805,6.1450487638317846,-25.986700469556947,110.57626759567772,17.680548209579804,0.29732694331176496,17743243243.24324
0.0039,0.006,0.0002200000000000000,0.0018000000000000002,3,0.029500000000000002,0.007,0.00003500000000000000,0.0005000000000000000,0.001,17.783783783783782,-8.194953196674831,2.2747762911326035,0.008484678865979693,1.0439450490999223,4.222478764515073,6.255674741158432,-25.925375597203278,110.77883370487446,16.212412055559614,0.30118062541857643,17783783783.78378
0.0039,0.006,0.0002200000000000000,0.0018000000000000002,3,0.029500000000000002,0.007,0.00003500000000000000,0.0005000000000000000,0.001,17.824324324324326,-8.232215239065816,2.26586535382721,0.008497624557514297,1.2679568386827302,4.375809727879178,6.410584294294224,-25.849652064049057,110.9014389876169,14.576613430760384,0.30601115244007515,17824324324.32433
0.0039,0.006,0.0002200000000000000,0.0018000000000000002,3,0.029500000000000002,0.007,0.00003500000000000000,0.0005000000000000000,0.001,17.864864864864867,-8.278696031484401,2.2548705129436466,0.008513618138779145,1.5088306605555026,4.53538088116551,6.566137649666745,-25.75616532038755,110.9086556135591,12.759943285419835,0.3120824171942674,17864864864.86486
0.0039,0.006,0.0002200000000000000,0.0018000000000000002,3,0.029500000000000002,0.007,0.00003500000000000000,0.0005000000000000000,0.001,17.905405405405407,-8.337080646813755,2.2412464609401233,0.008533466677933926,1.763348669018622,4.694280454250845,6.715690324494305,-25.64108668583654,110.75480020755225,10.753831165988414,0.31971707748261696,17905405405.40541
0.0039,0.006,0.0002200000000000000,0.0018000000000000002,3,0.029500000000000002,0.007,0.00003500000000000000,0.0005000000000000000,0.001,17.945945945945947,-8.410854991695828,2.2243220158669184,0.008558168528501204,2.0270991618962504,4.843036408948794,6.85117733995149,-25.500269833933235,110.38275708189867,8.55886928647916,0.32930034233289457,17945945945.94595
0.0039,0.006,0.0002200000000000000,0.0018000000000000002,3,0.029500000000000002,0.007,0.00003500000000000000,0.0005000000000000000,0.001,17.986486486486488,-8.504489693200064,2.2032965047501887,0.008588921968110274,2.2942564464787005,4.969600250959633,6.963214559798838,-25.329571542157122,109.72440808125498,6.191123228747492,0.34127477473763407,17986486486.48649
0.0039,0.006,0.0002200000000000000,0.0018000000000000002,3,0.029500000000000002,0.007,0.00003500000000000000,0.0005000000000000000,0.001,18.027027027027028,-8.623614414145113,2.177258477233601,0.00862710109516367,2.557363004505462,5.059890610978181,7.041411279935389,-25.125399402719193,108.70412369320167,3.689910747970462,0.35611902236277193,18027027027.02703
0.0039,0.006,0.0002200000000000000,0.0018000000000000002,3,0.029500000000000002,0.007,0.00003500000000000000,0.0005000000000000000,0.001,18.06756756756757,-8.775134909664551,2.145242224663701,0.008674174068466156,2.807162251697164,5.099113613688944,7.074946886194601,-24.88550330371143,107.24701576401667,1.1256589238460866,0.37430147329316454,18067567567.56757
0.0039,0.006,0.0002200000000000000,0.0018000000000000002,3,0.029500000000000002,0.007,0.00003500000000000000,0.0005000000000000000,0.001,18.10810810810811,-8.967210321589823,2.1063394393273343,0.008731533599946632,3.105298590440506,5.1595887126106295,7.126150839987866,-24.609946953957603,105.29310576497618,-1.3951393531697598,0.39620027719102807,18108108108.10811
0.0039,0.006,0.0002200000000000000,0.0018000000000000002,3,0.029500000000000002,0.007,0.00003500000000000000,0.0005000000000000000,0.001,18.14864864864865,-9.208965866051702,2.0598777769963355,0.008800215040297332,3.551427533257599,5.368381734467753,7.298433900369487,-24.302073520981004,102.81653037222819,-3.732333111327328,0.4219872830188731,18148648648.64865
0.0039,0.006,0.0002200000000000000,0.0018000000000000002,3,0.029500000000000002,0.007,0.00003500000000000000,0.0005000000000000000,0.001,18.18918918918919,-9.509780510015247,2.0056587810014683,0.008880505539343131,3.9697768105084927,5.524980947863142,7.423307847549452,-23.969154141982465,99.8452503550329,-5.7262371950119535,0.4514887116102619,18189189189.18919
0.0039,0.006,0.0002200000000000000,0.0018000000000000002,3,0.029500000000000002,0.007,0.00003500000000000000,0.0005000000000000000,0.001,18.22972972972973,-9.87799144976043,1.944211969247263,0.008971508148990162,4.345714488330803,5.619176345071886,7.496726616535195,-23.62235756874576,96.472967882878,-7.224368464729652,0.484059543813326,18229729729.72973
0.0039,0.006,0.0002200000000000000,0.0018000000000000002,3,0.029500000000000002,0.007,0.00003500000000000000,0.0005000000000000000,0.001,18.270270270270274,-10.318942955550568,1.8769800170321624,0.009070807481340733,4.665714693875765,5.646719185856713,7.517961905940977,-23.275787716236795,92.85449830634342,-8.114921005222376,0.5185316606331274,18270270270.27027
0.0039,0.006,0.0002200000000000000,0.0018000000000000002,3,0.029500000000000002,0.007,0.00003500000000000000,0.0005000000000000000,0.001,18.31081081081081,-10.832517211647204,1.8063301565069194,0.009174440691058668,4.918976746105129,5.609702340933424,7.489398175628076,-22.944625454713048,89.18152640189051,-8.35479497545722,0.5532964159803564,18310810810.81081
0.0039,0.006,0.0002200000000000000,0.0018000000000000002,3,0.029500000000000002,0.007,0.00003500000000000000,0.0005000000000000000,0.001,18.351351351351354,-11.410618500099368,1.7353219391487378,0.009277333122265731,5.098865761147641,5.515540157042418,7.415880509077625,-22.642783236536967,85.64562026459654,-7.9799446927501965,0.5865412024889339,18351351351.35135
0.0039,0.006,0.0002200000000000000,0.0018000000000000002,3,0.029500000000000002,0.007,0.00003500000000000000,0.0005000000000000000,0.001,18.39189189189189,-12.035469374671461,1.6672534271530595,0.00937417477736685,5.203753965623515,5.37504496769595,7.303821019161125,-22.38073658864414,82.40253058329539,-7.09393708963633,0.6165854819254254,18391891891.89189
0.0039,0.006,0.0002200000000000000,0.0018000000000000002,3,0.029500000000000002,0.007,0.00003500000000000000,0.0005000000000000000,0.001,18.432432432432435,-12.67988096082136,1.605105803724166,0.009460474589412677,5.2370002853174356,5.2003024109457705,7.160285997090675,-22.16415647630361,79.55027531770122,-5.841446277838809,0.6422016673954565,18432432432.43243
0.0039,0.006,0.0002200000000000000,0.0018000000000000002,3,0.029500000000000002,0.007,0.00003500000000000000,0.0005000000000000000,0.001,18.472972972972975,-13.310666230195993,1.5510413455420715,0.00953341220215741,5.206101684601931,5.002888305836135,6.99220806960859,-21.993622672080452,77.12488244118481,-4.379004000959848,0.6628104721689244,18472972972.97297
0.0039,0.006,0.0002200000000000000,0.0018000000000000002,3,0.029500000000000002,0.007,0.00003500000000000000,0.0005000000000000000,0.001,18.513513513513516,-13.895749046046008,1.506062921920505,0.009592220775700327,5.143501807046338,4.817190019544257,6.827937778925674,-21.865244312083682,75.10892246336705,-2.8530456346808397,0.6785102344436181,18513513513.51352
0.0039,0.006,0.0002200000000000000,0.0018000000000000002,3,0.029500000000000002,0.007,0.00003500000000000000,0.0005000000000000000,0.001,18.554054054054056,-14.414060936137878,1.4698610895897983,0.009638095564055725,5.044620696155548,4.630449820277834,6.656231821573591,-21.77169884420104,73.44412976787407,-1.3888735593384438,0.6899837893868248,18554054054.05405
0.0039,0.006,0.0002200000000000000,0.0018000000000000002,3,0.029500000000000002,0.007,0.00003500000000000000,0.0005000000000000000,0.001,18.594594594594597,-14.865692237656567,1.440807428329593,0.009673839941578654,4.919985198277418,4.44540499702724,6.479113333516249,-21.70313916026965,72.04016236416162,-0.08834856931513278,0.6983725912919982,18594594594.59460
0.0039,0.006,0.0002200000000000000,0.0018000000000000002,3,0.029500000000000002,0.007,0.00003500000000000000,0.0005000000000000000,0.001,18.635135135135137,-15.279959935651338,1.4160064828335266,0.00970351412593138,4.778781654417988,4.261502689065684,6.295627668243801,-21.647555589599243,70.77380577652572,0.9697561350387036,0.7052050256102966,18635135135.13514
0.0039,0.006,0.0002200000000000000,0.0018000000000000002,3,0.029500000000000002,0.007,0.00003500000000000000,0.0005000000000000000,0.001,18.675675675675677,-15.722477327672532,1.3913003765807863,0.009732235950605574,4.623078845204271,4.069736423363666,6.095662830371459,-21.590457689932503,69.47501295578883,1.7374014814150414,0.71242901972336,18675675675.67567
0.0039,0.006,0.0002200000000000000,0.0018000000000000002,3,0.029500000000000002,0.007,0.00003500000000000000,0.0005000000000000000,0.001,18.716216216216218,-16.30666653539498,1.3612507742482158,0.00976593668775909,4.725186879812956,4.108450210415043,6.136780282031494,-21.5144543578121,67.90239465459287,2.23426176842004,0.7225046720352255,18716216216.21622
0.0039,0.006,0.0002200000000000000,0.0018000000000000002,3,0.029500000000000002,0.007,0.00003500000000000000,0.0005000000000000000,0.001,18.756756756756758,-17.209303709163404,1.3198913187202395,0.009809861690167364,4.813299117182071,4.103636461834161,6.131688799759499,-21.401760839787542,65.74209436624463,2.6521510654412475,0.7381778878456442,18756756756.75676
0.0039,0.006,0.0002200000000000000,0.0018000000000000002,3,0.029500000000000002,0.007,0.00003500000000000000,0.0005000000000000000,0.001,18.7972972972973,-18.60857545908757,1.2659649553648853,0.009862233871485852,5.055475853578119,4.211231068762884,6.2440907165903825,-21.248861891919315,62.76230332940428,3.531243338843979,0.7605688137573091,18797297297.29730
0.0039,0.006,0.0002200000000000000,0.0018000000000000002,3,0.029500000000000002,0.007,0.00003500000000000000,0.0005000000000000000,0.001,18.83783783783784,-20.018473223091036,1.221697766186055,0.009900424458299625,5.031002685900466,4.064129733634418,6.089675628837029,-21.102134799035998,59.304841333974416,5.71961881192556,0.7836690689487859,18837837837.83784
0.0039,0.006,0.0002200000000000000,0.0018000000000000002,3,0.029500000000000002,0.007,0.00003500000000000000,0.0005000000000000000,0.001,18.878378378378383,-19.315788399751437,1.2426448532267427,0.009882936592890601,4.871320999174669,3.8778236110777025,5.885880506225628,-21.065699416850137,56.591900391088245,9.519090701947034,0.791669747437488,18878378378.37838
0.0039,0.006,0.0002200000000000000,0.0018000000000000002,3,0.029500000000000002,0.007,0.00003500000000000000,0.0005000000000000000,0.001,18.91891891891892,-17.022356148380553,1.3279923736999495,0.00980149822930079,5.145082960273388,4.216482594681608,6.249503119323418,-21.191495501119416,55.61326618410659,13.919385443742549,0.775457470344107,18918918918.91892
0.0039,0.006,0.0002200000000000000,0.0018000000000000002,3,0.029500000000000002,0.007,0.00003500000000000000,0.0005000000000000000,0.001,18.959459459459463,-15.18705265330436,1.4214227605595726,0.009697103165487895,5.45772849639437,4.714737715102447,6.734575375713198,-21.410426719273893,56.0511229536787,17.707182525847397,0.74527287012712,18959459459.45946
0.0039,0.006,0.0002200000000000000,0.0018000000000000002,3,0.029500000000000002,0.007,0.00003500000000000000,0.0005000000000000000,0.001,19,-14.011060620399377,1.4977280550088552,0.009602905439564723,5.573797674866143,5.05331113264051,7.03576038596247,-21.637936187508156,57.07024841590879,20.5426308443855,0.7141734960394475,19000000000.00000
